;FLAVOR:Marlin
;TIME:802
;Filament used: 1.89185m
;Layer height: 0.2
;MINX:55.468
;MINY:88.472
;MINZ:0.2
;MAXX:208.529
;MAXY:125.527
;MAXZ:5.8
;TARGET_MACHINE.NAME:SV07
;Generated with Cura_SteamEngine 5.7.1
M140 S70
M105
M190 S70
M104 S220
M105
M109 S220
M82 ;absolute extrusion mode
G28 ;Home

RESPOND TYPE=echo MSG='Bed Mesh loaded'
BED_MESH_CALIBRATE PROFILE=default
BED_MESH_PROFILE LOAD=default

G92 E0 ;Reset Extruder
G1 Z2.0 F3000 ;Move Z Axis up
G1 X10.1 Y20 Z0.28 F5000.0 ;Move to start position
G1 X10.1 Y200.0 Z0.28 F1500.0 E15 ;Draw the first line
G1 X10.4 Y200.0 Z0.28 F5000.0 ;Move to side a little
G1 X10.4 Y20 Z0.28 F1500.0 E30 ;Draw the second line
G92 E0 ;Reset Extruder
G1 Z2.0 F3000 ;Move Z Axis up

G92 E0
G92 E0
G1 F2400 E-0.5
;LAYER_COUNT:29
;LAYER:0
M107
M204 S1000
;MESH:Pin 5mm - AKM.STL(4)
G0 F7200 X56.549 Y113.308 Z0.2
;TYPE:WALL-OUTER
G1 F2400 E0
G1 F3000 X56.748 Y113.242 E0.01312
G1 X85.918 Y113.242 E1.83806
G1 X85.918 Y110.754 E1.99371
G1 X56.748 Y110.754 E3.81866
G1 X56.549 Y110.688 E3.83177
G1 F2796.6 X56.375 Y110.489 E3.84951
G1 F2626 X56.374 Y109.816 E3.89762
G1 F2636.5 X56.373 Y109.143 E3.94553
G1 F2640 X55.623 Y109.143 E3.99885
G1 F2636.5 X55.624 Y109.849 E4.0491
G1 F2626 X55.626 Y110.555 E4.09956
G1 F2796.6 X55.578 Y111.174 E4.14123
G1 F3000 X55.578 Y112.822 E4.24433
G1 F2808.5 X55.623 Y113.572 E4.29455
G1 F2640 X55.623 Y114.853 E4.38562
G1 X56.373 Y114.853 E4.43894
G1 X56.373 Y113.572 E4.53001
G1 F2808.5 X56.549 Y113.308 E4.55121
G1 F2400 E4.05121
G0 F7200 X86.248 Y113.508
G1 F2400 E4.55121
G1 F5823.5 X86.976 Y113.506 E4.57467
G1 F2400 E4.07467
G0 F7200 X87.806 Y112.934
G1 F2400 E4.57467
G1 F3152.9 X87.697 Y113.258 E4.59502
G1 X88.434 Y113.258 E4.6389
G1 F3162.9 X88.435 Y112.152 E4.70453
G1 F3173.1 X88.436 Y111.046 E4.76995
G1 F3178.2 X88.436 Y110.735 E4.78831
G1 X87.709 Y110.736 E4.83124
G1 X87.811 Y111.046 E4.85052
G1 F3173.1 X87.809 Y111.99 E4.90635
G1 F3162.9 X87.806 Y112.934 E4.96237
G1 F2400 E4.46237
G0 F7200 X87.03 Y110.491
G1 F2400 E4.96237
G1 F5823.5 X86.248 Y110.488 E4.98757
G1 F2400 E4.48757
G0 F7200 X56.748 Y112.455
;TYPE:WALL-INNER
G1 F2400 E4.98757
G1 F2166.3 X85.131 Y112.455 E7.44666
G1 X85.131 Y111.541 E7.52585
G1 X56.748 Y111.541 E9.98493
G1 X56.365 Y111.413 E10.01992
G1 X56.365 Y112.583 E10.12129
G1 X56.748 Y112.455 E10.15627
G1 F2400 E9.65627
;MESH:Pin Lock 5mm.STL(2)
G0 F7200 X104.499 Y123.07
;TYPE:WALL-OUTER
G1 F2400 E10.15627
G1 F3000 X109.899 Y123.065 E10.49411
G1 X110.087 Y122.983 E10.50694
G1 X110.166 Y122.788 E10.5201
G1 X110.166 Y121.187 E10.62027
G1 X110.106 Y121.03 E10.63078
G1 X109.897 Y120.93 E10.64528
G1 X104.5 Y120.93 E10.98293
G1 F2371.3 X104.003 Y120.687 E11.02671
G1 X103.83 Y121.6 E11.10026
G1 F3000 X103.83 Y123.57 E11.22351
G1 X104.17 Y123.57 E11.24478
G1 X104.17 Y123.4 E11.25542
G1 X104.499 Y123.07 E11.28457
G1 F2400 E10.78457
G0 F7200 X109.098 Y122.367
;TYPE:WALL-INNER
G1 F2400 E11.28457
G1 F2682.9 X109.467 Y122.367 E11.31039
G1 X109.467 Y121.629 E11.36201
G1 X109.098 Y121.629 E11.38783
G1 X106.814 Y121.629 E11.54761
G1 F2679.3 X104.53 Y121.63 E11.7076
G1 F2675.7 X104.53 Y122.37 E11.75951
G1 F2679.3 X106.814 Y122.369 E11.91951
G1 F2682.9 X109.098 Y122.367 E12.07929
G1 F2400 E11.57929
;MESH:Pin Lock 5mm.STL
G0 F7200 X114.499 Y123.07
;TYPE:WALL-OUTER
G1 F2400 E12.07929
G1 F3000 X119.911 Y123.066 E12.41787
G1 X120.069 Y123.002 E12.42854
G1 X120.166 Y122.796 E12.44278
G1 X120.169 Y121.203 E12.54245
G1 X120.085 Y121.016 E12.55527
G1 X119.901 Y120.93 E12.56798
G1 X114.5 Y120.93 E12.90588
G1 F2371.3 X114.003 Y120.687 E12.94967
G1 X113.83 Y121.6 E13.02322
G1 F3000 X113.83 Y123.57 E13.14646
G1 X114.17 Y123.57 E13.16773
G1 X114.17 Y123.4 E13.17837
G1 X114.499 Y123.07 E13.20752
G1 F2400 E12.70752
G0 F7200 X119.1 Y122.367
;TYPE:WALL-INNER
G1 F2400 E13.20752
G1 F2686.6 X119.468 Y122.367 E13.23323
G1 X119.47 Y121.629 E13.28479
G1 X119.1 Y121.629 E13.31064
G1 X116.815 Y121.629 E13.47027
G1 F2679.3 X114.53 Y121.63 E13.63034
G1 F2675.7 X114.53 Y122.37 E13.68225
G1 F2679.3 X116.815 Y122.369 E13.84231
G1 F2686.6 X119.1 Y122.367 E14.00194
G1 F2400 E13.50194
;MESH:Pin Lock 5mm.STL(4)
G0 F7200 X124.499 Y123.07
;TYPE:WALL-OUTER
G1 F2400 E14.00194
G1 F3000 X129.899 Y123.065 E14.33978
G1 X130.087 Y122.983 E14.35261
G1 X130.166 Y122.788 E14.36578
G1 X130.166 Y121.187 E14.46594
G1 X130.138 Y121.078 E14.47298
G1 X130.041 Y120.975 E14.48183
G1 X129.9 Y120.93 E14.49109
G1 X124.5 Y120.93 E14.82893
G1 F2371.3 X124.003 Y120.687 E14.87272
G1 X123.83 Y121.6 E14.94627
G1 F3000 X123.83 Y123.57 E15.06951
G1 X124.17 Y123.57 E15.09078
G1 X124.17 Y123.4 E15.10142
G1 X124.499 Y123.07 E15.13057
G1 F2400 E14.63057
G0 F7200 X129.098 Y122.367
;TYPE:WALL-INNER
G1 F2400 E15.13057
G1 F2682.9 X129.467 Y122.367 E15.15639
G1 X129.467 Y121.629 E15.20801
G1 X129.098 Y121.629 E15.23383
G1 X126.814 Y121.629 E15.39361
G1 F2679.3 X124.53 Y121.63 E15.5536
G1 F2675.7 X124.53 Y122.37 E15.60551
G1 F2679.3 X126.814 Y122.369 E15.76551
G1 F2682.9 X129.098 Y122.367 E15.92529
G1 F2400 E15.42529
;MESH:Pin 5mm - AKM.STL
G0 F7200 X126.976 Y113.506
;TYPE:WALL-OUTER
G1 F2400 E15.92529
G1 F5823.5 X126.248 Y113.508 E15.94875
G1 F2400 E15.44875
G0 F7200 X127.806 Y112.934
G1 F2400 E15.94875
G1 F3152.9 X127.697 Y113.258 E15.9691
G1 X128.434 Y113.258 E16.01297
G1 F3162.9 X128.435 Y112.152 E16.0786
G1 F3173.1 X128.436 Y111.046 E16.14402
G1 F3178.2 X128.436 Y110.735 E16.16239
G1 X127.709 Y110.736 E16.20532
G1 X127.811 Y111.046 E16.22459
G1 F3173.1 X127.809 Y111.99 E16.28043
G1 F3162.9 X127.806 Y112.934 E16.33645
G1 F2400 E15.83645
G0 F7200 X127.03 Y110.491
G1 F2400 E16.33645
G1 F5823.5 X126.248 Y110.488 E16.36165
G1 F2400 E15.86165
G0 F7200 X96.549 Y113.308
G1 F2400 E16.36165
G1 F3000 X96.748 Y113.242 E16.37477
G1 X125.918 Y113.242 E18.19971
G1 X125.918 Y110.754 E18.35537
G1 X96.748 Y110.754 E20.18031
G1 X96.549 Y110.688 E20.19343
G1 F2796.6 X96.375 Y110.489 E20.21117
G1 F2626 X96.374 Y109.816 E20.25927
G1 F2636.5 X96.373 Y109.143 E20.30718
G1 F2640 X95.623 Y109.143 E20.3605
G1 F2636.5 X95.624 Y109.849 E20.41076
G1 F2626 X95.626 Y110.555 E20.46122
G1 F2796.6 X95.578 Y111.174 E20.50288
G1 F3000 X95.578 Y112.822 E20.60599
G1 F2808.5 X95.623 Y113.572 E20.6562
G1 F2640 X95.623 Y114.853 E20.74727
G1 X96.373 Y114.853 E20.80059
G1 X96.373 Y113.572 E20.89166
G1 F2808.5 X96.549 Y113.308 E20.91286
G0 F7200 X96.748 Y112.455
;TYPE:WALL-INNER
G1 F2166.3 X125.131 Y112.455 E23.37195
G1 X125.131 Y111.541 E23.45113
G1 X96.748 Y111.541 E25.91022
G1 X96.365 Y111.413 E25.94521
G1 X96.365 Y112.583 E26.04657
G1 X96.748 Y112.455 E26.08156
G1 F2400 E25.58156
;MESH:Pin 5mm - AKM.STL(2)
G0 F7200 X96.549 Y103.308
;TYPE:WALL-OUTER
G1 F2400 E26.08156
G1 F3000 X96.748 Y103.242 E26.09468
G1 X125.918 Y103.242 E27.91962
G1 X125.918 Y100.754 E28.07528
G1 X96.748 Y100.754 E29.90022
G1 X96.549 Y100.688 E29.91333
G1 F2796.6 X96.375 Y100.489 E29.93108
G1 F2626 X96.374 Y99.816 E29.97918
G1 F2636.5 X96.373 Y99.143 E30.02709
G1 F2640 X95.623 Y99.143 E30.08041
G1 F2636.5 X95.624 Y99.849 E30.13067
G1 F2626 X95.626 Y100.555 E30.18113
G1 F2796.6 X95.578 Y101.174 E30.22279
G1 F3000 X95.578 Y102.822 E30.3259
G1 F2808.5 X95.623 Y103.572 E30.37611
G1 F2640 X95.623 Y104.853 E30.46718
G1 X96.373 Y104.853 E30.5205
G1 X96.373 Y103.572 E30.61157
G1 F2808.5 X96.549 Y103.308 E30.63277
G1 F2400 E30.13277
G0 F7200 X126.248 Y103.508
G1 F2400 E30.63277
G1 F5823.5 X126.976 Y103.506 E30.65623
G1 F2400 E30.15623
G0 F7200 X127.806 Y102.934
G1 F2400 E30.65623
G1 F3152.9 X127.697 Y103.258 E30.67658
G1 X128.434 Y103.258 E30.72046
G1 F3162.9 X128.435 Y102.152 E30.78609
G1 F3173.1 X128.436 Y101.046 E30.85151
G1 F3178.2 X128.436 Y100.735 E30.86987
G1 X127.709 Y100.736 E30.91281
G1 X127.811 Y101.046 E30.93208
G1 F3173.1 X127.809 Y101.99 E30.98792
G1 F3162.9 X127.806 Y102.934 E31.04393
G1 F2400 E30.54393
G0 F7200 X127.03 Y100.491
G1 F2400 E31.04393
G1 F5823.5 X126.248 Y100.488 E31.06914
G1 F2400 E30.56914
G0 F7200 X96.748 Y102.455
;TYPE:WALL-INNER
G1 F2400 E31.06914
G1 F2166.3 X125.131 Y102.455 E33.52822
G1 X125.131 Y101.541 E33.60741
G1 X96.748 Y101.541 E36.06649
G1 X96.365 Y101.413 E36.10148
G1 X96.365 Y102.583 E36.20285
G1 X96.748 Y102.455 E36.23783
G1 F2400 E35.73783
;MESH:Pin Lock 5mm.STL(1)
G0 F7200 X114.499 Y93.07
;TYPE:WALL-OUTER
G1 F2400 E36.23783
G1 F3000 X119.911 Y93.066 E36.57642
G1 X120.069 Y93.002 E36.58709
G1 X120.166 Y92.796 E36.60133
G1 X120.169 Y91.203 E36.70099
G1 X120.085 Y91.016 E36.71382
G1 X119.901 Y90.93 E36.72653
G1 X114.5 Y90.93 E37.06442
G1 F2371.3 X114.003 Y90.687 E37.10821
G1 X113.83 Y91.6 E37.18176
G1 F3000 X113.83 Y93.57 E37.30501
G1 X114.17 Y93.57 E37.32628
G1 X114.17 Y93.4 E37.33692
G1 X114.499 Y93.07 E37.36607
G1 F2400 E36.86607
G0 F7200 X119.1 Y92.367
;TYPE:WALL-INNER
G1 F2400 E37.36607
G1 F2686.6 X119.468 Y92.367 E37.39178
G1 X119.47 Y91.629 E37.44334
G1 X119.1 Y91.629 E37.46919
G1 X116.815 Y91.629 E37.62882
G1 F2679.3 X114.53 Y91.63 E37.78889
G1 F2675.7 X114.53 Y92.37 E37.84079
G1 F2679.3 X116.815 Y92.369 E38.00086
G1 F2686.6 X119.1 Y92.367 E38.16049
G1 F2400 E37.66049
;MESH:Pin Lock 5mm.STL(3)
G0 F7200 X104.499 Y93.07
;TYPE:WALL-OUTER
G1 F2400 E38.16049
G1 F3000 X109.899 Y93.065 E38.49833
G1 X110.087 Y92.983 E38.51116
G1 X110.166 Y92.788 E38.52432
G1 X110.166 Y91.187 E38.62449
G1 X110.106 Y91.03 E38.635
G1 X109.897 Y90.93 E38.6495
G1 X104.5 Y90.93 E38.98714
G1 F2371.3 X104.003 Y90.687 E39.03093
G1 X103.83 Y91.6 E39.10448
G1 F3000 X103.83 Y93.57 E39.22773
G1 X104.17 Y93.57 E39.249
G1 X104.17 Y93.4 E39.25964
G1 X104.499 Y93.07 E39.28879
G1 F2400 E38.78879
G0 F7200 X109.098 Y92.367
;TYPE:WALL-INNER
G1 F2400 E39.28879
G1 F2682.9 X109.467 Y92.367 E39.31461
G1 X109.467 Y91.629 E39.36623
G1 X109.098 Y91.629 E39.39205
G1 X106.814 Y91.629 E39.55183
G1 F2679.3 X104.53 Y91.63 E39.71182
G1 F2675.7 X104.53 Y92.37 E39.76373
G1 F2679.3 X106.814 Y92.369 E39.92373
G1 F2682.9 X109.098 Y92.367 E40.08351
G1 F2400 E39.58351
;MESH:Pin Lock 5mm.STL(5)
G0 F7200 X124.499 Y93.07
;TYPE:WALL-OUTER
G1 F2400 E40.08351
G1 F3000 X129.899 Y93.065 E40.42134
G1 X130.087 Y92.983 E40.43417
G1 X130.166 Y92.788 E40.44734
G1 X130.166 Y91.187 E40.5475
G1 X130.138 Y91.078 E40.55454
G1 X130.041 Y90.975 E40.56339
G1 X129.9 Y90.93 E40.57265
G1 X124.5 Y90.93 E40.91049
G1 F2371.3 X124.003 Y90.687 E40.95428
G1 X123.83 Y91.6 E41.02783
G1 F3000 X123.83 Y93.57 E41.15107
G1 X124.17 Y93.57 E41.17235
G1 X124.17 Y93.4 E41.18298
G1 X124.499 Y93.07 E41.21213
G1 F2400 E40.71213
G0 F7200 X129.098 Y92.367
;TYPE:WALL-INNER
G1 F2400 E41.21213
G1 F2682.9 X129.467 Y92.367 E41.23795
G1 X129.467 Y91.629 E41.28958
G1 X129.098 Y91.629 E41.31539
G1 X126.814 Y91.629 E41.47517
G1 F2679.3 X124.53 Y91.63 E41.63516
G1 F2675.7 X124.53 Y92.37 E41.68707
G1 F2679.3 X126.814 Y92.369 E41.84707
G1 F2682.9 X129.098 Y92.367 E42.00685
G1 F2400 E41.50685
;MESH:Pin 5mm - AKM.STL(5)
G0 F7200 X136.549 Y93.308
;TYPE:WALL-OUTER
G1 F2400 E42.00685
G1 F3000 X136.748 Y93.242 E42.01997
G1 X165.918 Y93.242 E43.84491
G1 X165.918 Y90.754 E44.00056
G1 X136.748 Y90.754 E45.82551
G1 X136.549 Y90.688 E45.83862
G1 F2796.6 X136.375 Y90.489 E45.85636
G1 F2626 X136.374 Y89.816 E45.90446
G1 F2636.5 X136.373 Y89.143 E45.95237
G1 F2640 X135.623 Y89.143 E46.00569
G1 F2636.5 X135.624 Y89.849 E46.05595
G1 F2626 X135.626 Y90.555 E46.10641
G1 F2796.6 X135.578 Y91.174 E46.14808
G1 F3000 X135.578 Y92.822 E46.25118
G1 F2808.5 X135.623 Y93.572 E46.30139
G1 F2640 X135.623 Y94.853 E46.39246
G1 X136.373 Y94.853 E46.44579
G1 X136.373 Y93.572 E46.53686
G1 F2808.5 X136.549 Y93.308 E46.55806
G1 F2400 E46.05806
G0 F7200 X166.248 Y93.508
G1 F2400 E46.55806
G1 F5823.5 X166.976 Y93.506 E46.58152
G1 F2400 E46.08152
G0 F7200 X167.806 Y92.934
G1 F2400 E46.58152
G1 F3152.9 X167.697 Y93.258 E46.60187
G1 X168.434 Y93.258 E46.64574
G1 F3162.9 X168.435 Y92.152 E46.71137
G1 F3173.1 X168.436 Y91.046 E46.77679
G1 F3178.2 X168.436 Y90.735 E46.79516
G1 X167.709 Y90.736 E46.83809
G1 X167.811 Y91.046 E46.85737
G1 F3173.1 X167.809 Y91.99 E46.9132
G1 F3162.9 X167.806 Y92.934 E46.96922
G1 F2400 E46.46922
G0 F7200 X167.03 Y90.491
G1 F2400 E46.96922
G1 F5823.5 X166.248 Y90.488 E46.99442
G1 F2400 E46.49442
G0 F7200 X136.748 Y92.455
;TYPE:WALL-INNER
G1 F2400 E46.99442
G1 F2166.3 X165.131 Y92.455 E49.45351
G1 X165.131 Y91.541 E49.5327
G1 X136.748 Y91.541 E51.99178
G1 X136.365 Y91.413 E52.02677
G1 X136.365 Y92.583 E52.12813
G1 X136.748 Y92.455 E52.16312
G1 F2400 E51.66312
;MESH:Pin 5mm - AKM.STL(3)
G0 F7200 X136.549 Y103.308
;TYPE:WALL-OUTER
G1 F2400 E52.16312
G1 F3000 X136.748 Y103.242 E52.17624
G1 X165.918 Y103.242 E54.00118
G1 X165.918 Y100.754 E54.15684
G1 X136.748 Y100.754 E55.98178
G1 X136.549 Y100.688 E55.9949
G1 F2796.6 X136.375 Y100.489 E56.01264
G1 F2626 X136.374 Y99.816 E56.06074
G1 F2636.5 X136.373 Y99.143 E56.10865
G1 F2640 X135.623 Y99.143 E56.16197
G1 F2636.5 X135.624 Y99.849 E56.21223
G1 F2626 X135.626 Y100.555 E56.26269
G1 F2796.6 X135.578 Y101.174 E56.30435
G1 F3000 X135.578 Y102.822 E56.40746
G1 F2808.5 X135.623 Y103.572 E56.45767
G1 F2640 X135.623 Y104.853 E56.54874
G1 X136.373 Y104.853 E56.60206
G1 X136.373 Y103.572 E56.69313
G1 F2808.5 X136.549 Y103.308 E56.71433
G1 F2400 E56.21433
G0 F7200 X166.248 Y103.508
G1 F2400 E56.71433
G1 F5823.5 X166.976 Y103.506 E56.7378
G1 F2400 E56.2378
G0 F7200 X167.806 Y102.934
G1 F2400 E56.7378
G1 F3152.9 X167.697 Y103.258 E56.75815
G1 X168.434 Y103.258 E56.80202
G1 F3162.9 X168.435 Y102.152 E56.86765
G1 F3173.1 X168.436 Y101.046 E56.93307
G1 F3178.2 X168.436 Y100.735 E56.95143
G1 X167.709 Y100.736 E56.99437
G1 X167.811 Y101.046 E57.01364
G1 F3173.1 X167.809 Y101.99 E57.06948
G1 F3162.9 X167.806 Y102.934 E57.12549
G1 F2400 E56.62549
G0 F7200 X167.03 Y100.491
G1 F2400 E57.12549
G1 F5823.5 X166.248 Y100.488 E57.1507
G1 F2400 E56.6507
G0 F7200 X136.748 Y102.455
;TYPE:WALL-INNER
G1 F2400 E57.1507
G1 F2166.3 X165.131 Y102.455 E59.60978
G1 X165.131 Y101.541 E59.68897
G1 X136.748 Y101.541 E62.14805
G1 X136.365 Y101.413 E62.18304
G1 X136.365 Y102.583 E62.28441
G1 X136.748 Y102.455 E62.31939
G1 F2400 E61.81939
;MESH:Pin 5mm - AKM.STL(1)
G0 F7200 X136.549 Y113.308
;TYPE:WALL-OUTER
G1 F2400 E62.31939
G1 F3000 X136.748 Y113.242 E62.33251
G1 X165.918 Y113.242 E64.15745
G1 X165.918 Y110.754 E64.31311
G1 X136.748 Y110.754 E66.13805
G1 X136.549 Y110.688 E66.15117
G1 F2796.6 X136.375 Y110.489 E66.16891
G1 F2626 X136.374 Y109.816 E66.21701
G1 F2636.5 X136.373 Y109.143 E66.26492
G1 F2640 X135.623 Y109.143 E66.31824
G1 F2636.5 X135.624 Y109.849 E66.3685
G1 F2626 X135.626 Y110.555 E66.41896
G1 F2796.6 X135.578 Y111.174 E66.46063
G1 F3000 X135.578 Y112.822 E66.56373
G1 F2808.5 X135.623 Y113.572 E66.61394
G1 F2640 X135.623 Y114.853 E66.70501
G1 X136.373 Y114.853 E66.75833
G1 X136.373 Y113.572 E66.8494
G1 F2808.5 X136.549 Y113.308 E66.87061
G1 F2400 E66.37061
G0 F7200 X166.248 Y113.508
G1 F2400 E66.87061
G1 F5823.5 X166.976 Y113.506 E66.89407
G1 F2400 E66.39407
G0 F7200 X167.806 Y112.934
G1 F2400 E66.89407
G1 F3152.9 X167.697 Y113.258 E66.91442
G1 X168.434 Y113.258 E66.95829
G1 F3162.9 X168.435 Y112.152 E67.02392
G1 F3173.1 X168.436 Y111.046 E67.08934
G1 F3178.2 X168.436 Y110.735 E67.10771
G1 X167.709 Y110.736 E67.15064
G1 X167.811 Y111.046 E67.16991
G1 F3173.1 X167.809 Y111.99 E67.22575
G1 F3162.9 X167.806 Y112.934 E67.28177
G1 F2400 E66.78177
G0 F7200 X167.03 Y110.491
G1 F2400 E67.28177
G1 F5823.5 X166.248 Y110.488 E67.30697
G1 F2400 E66.80697
G0 F7200 X136.748 Y112.455
;TYPE:WALL-INNER
G1 F2400 E67.30697
G1 F2166.3 X165.131 Y112.455 E69.76605
G1 X165.131 Y111.541 E69.84524
G1 X136.748 Y111.541 E72.30433
G1 X136.365 Y111.413 E72.33931
G1 X136.365 Y112.583 E72.44068
G1 X136.748 Y112.455 E72.47567
G1 F2400 E71.97567
;MESH:Pin 5mm - AKM.STL(7)
G0 F7200 X136.549 Y123.308
;TYPE:WALL-OUTER
G1 F2400 E72.47567
G1 F3000 X136.748 Y123.242 E72.48878
G1 X165.918 Y123.242 E74.31373
G1 X165.918 Y120.754 E74.46938
G1 X136.748 Y120.754 E76.29433
G1 X136.549 Y120.688 E76.30744
G1 F2796.6 X136.375 Y120.489 E76.32518
G1 F2626 X136.374 Y119.816 E76.37328
G1 F2636.5 X136.373 Y119.143 E76.42119
G1 F2640 X135.623 Y119.143 E76.47451
G1 F2636.5 X135.624 Y119.849 E76.52477
G1 F2626 X135.626 Y120.555 E76.57523
G1 F2796.6 X135.578 Y121.174 E76.6169
G1 F3000 X135.578 Y122.822 E76.72
G1 F2808.5 X135.623 Y123.572 E76.77021
G1 F2640 X135.623 Y124.853 E76.86128
G1 X136.373 Y124.853 E76.9146
G1 X136.373 Y123.572 E77.00568
G1 F2808.5 X136.549 Y123.308 E77.02688
G1 F2400 E76.52688
G0 F7200 X166.248 Y123.508
G1 F2400 E77.02688
G1 F5823.5 X166.976 Y123.506 E77.05034
G1 F2400 E76.55034
G0 F7200 X167.806 Y122.934
G1 F2400 E77.05034
G1 F3152.9 X167.697 Y123.258 E77.07069
G1 X168.434 Y123.258 E77.11456
G1 F3162.9 X168.435 Y122.152 E77.18019
G1 F3173.1 X168.436 Y121.046 E77.24561
G1 F3178.2 X168.436 Y120.735 E77.26398
G1 X167.709 Y120.736 E77.30691
G1 X167.811 Y121.046 E77.32619
G1 F3173.1 X167.809 Y121.99 E77.38202
G1 F3162.9 X167.806 Y122.934 E77.43804
G1 F2400 E76.93804
G0 F7200 X167.03 Y120.491
G1 F2400 E77.43804
G1 F5823.5 X166.248 Y120.488 E77.46324
G1 F2400 E76.96324
G0 F7200 X136.748 Y122.455
;TYPE:WALL-INNER
G1 F2400 E77.46324
G1 F2166.3 X165.131 Y122.455 E79.92233
G1 X165.131 Y121.541 E80.00152
G1 X136.748 Y121.541 E82.4606
G1 X136.365 Y121.413 E82.49559
G1 X136.365 Y122.583 E82.59695
G1 X136.748 Y122.455 E82.63194
G1 F2400 E82.13194
;MESH:Pin 5mm - AKM.STL(6)
G0 F7200 X176.549 Y103.308
;TYPE:WALL-OUTER
G1 F2400 E82.63194
G1 F3000 X176.748 Y103.242 E82.64506
G1 X205.918 Y103.242 E84.47
G1 X205.918 Y100.754 E84.62566
G1 X176.748 Y100.754 E86.4506
G1 X176.549 Y100.688 E86.46372
G1 F2796.6 X176.375 Y100.489 E86.48146
G1 F2626 X176.374 Y99.816 E86.52956
G1 F2636.5 X176.373 Y99.143 E86.57747
G1 F2640 X175.623 Y99.143 E86.63079
G1 F2636.5 X175.624 Y99.849 E86.68105
G1 F2626 X175.626 Y100.555 E86.73151
G1 F2796.6 X175.578 Y101.174 E86.77317
G1 F3000 X175.578 Y102.822 E86.87628
G1 F2808.5 X175.623 Y103.572 E86.92649
G1 F2640 X175.623 Y104.853 E87.01756
G1 X176.373 Y104.853 E87.07088
G1 X176.373 Y103.572 E87.16195
G1 F2808.5 X176.549 Y103.308 E87.18315
G1 F2400 E86.68315
G0 F7200 X206.248 Y103.508
G1 F2400 E87.18315
G1 F5823.5 X206.976 Y103.506 E87.20662
G1 F2400 E86.70662
G0 F7200 X207.806 Y102.934
G1 F2400 E87.20662
G1 F3152.9 X207.697 Y103.258 E87.22696
G1 X208.434 Y103.258 E87.27084
G1 F3162.9 X208.435 Y102.152 E87.33647
G1 F3173.1 X208.436 Y101.046 E87.40189
G1 F3178.2 X208.436 Y100.735 E87.42025
G1 X207.709 Y100.736 E87.46319
G1 X207.811 Y101.046 E87.48246
G1 F3173.1 X207.809 Y101.99 E87.5383
G1 F3162.9 X207.806 Y102.934 E87.59431
G1 F2400 E87.09431
G0 F7200 X207.03 Y100.491
G1 F2400 E87.59431
G1 F5823.5 X206.248 Y100.488 E87.61952
G1 F2400 E87.11952
G0 F7200 X176.748 Y102.455
M104 S215
;TYPE:WALL-INNER
G1 F2400 E87.61952
G1 F2166.3 X205.131 Y102.455 E90.0786
G1 X205.131 Y101.541 E90.15779
G1 X176.748 Y101.541 E92.61687
G1 X176.365 Y101.413 E92.65186
G1 X176.365 Y102.583 E92.75323
G1 X176.748 Y102.455 E92.78821
G1 F2400 E92.28821
;MESH:NONMESH
G0 F600 X176.748 Y102.455 Z0.4
G0 F7200 X56.615 Y113.612
;TIME_ELAPSED:52.001349
;LAYER:1
M140 S50
M106 S255
M204 S4000
;TYPE:WALL-OUTER
;MESH:Pin 5mm - AKM.STL(4)
G1 F2400 E92.78821
G1 F6000 X56.748 Y113.568 E92.79308
G1 X84.458 Y113.568 E93.7562
G1 F6041.2 X85.181 Y113.571 E93.78115
G1 F6125.3 X85.904 Y113.574 E93.80577
G1 F6821.7 X86.249 Y113.616 E93.81639
G1 X86.176 Y113.558 E93.81924
M204 S7000
G1 F10232.6 X86.14 Y113.529 E93.82066
M204 S4000
G1 F6821.7 X86.034 Y113.444 E93.82481
G1 F6125.3 X86.031 Y112.721 E93.84943
G1 F6041.2 X86.028 Y111.998 E93.87438
G1 F6069 X86.032 Y111.275 E93.89923
G1 F6197.2 X86.037 Y110.552 E93.92356
G1 F6875 X86.14 Y110.455 E93.92785
M204 S7000
G1 F10312.5 X86.154 Y110.442 E93.92843
M204 S4000
G1 F6875 X86.219 Y110.381 E93.93113
G1 X85.904 Y110.419 E93.94076
G1 F6197.2 X85.181 Y110.423 E93.96509
G1 F6069 X84.458 Y110.428 E93.98993
G1 F6000 X56.748 Y110.428 E94.95304
G1 X56.615 Y110.384 E94.95791
G1 X56.531 Y110.246 E94.96353
G1 X56.528 Y108.876 E95.01115
G1 X55.468 Y108.876 E95.04799
G1 X55.468 Y115.12 E95.26501
G1 X56.528 Y115.12 E95.30185
G1 X56.528 Y113.788 E95.34815
G1 X56.615 Y113.612 E95.35497
G1 F2400 E94.85497
G0 F11100 X86.249 Y113.616
G1 F2400 E95.35497
G1 F7542.9 X87.026 Y113.611 E95.37645
G1 F2400 E94.87645
G0 F11100 X87.71 Y112.958
G1 F2400 E95.37645
G1 F6000 X87.63 Y113.212 E95.38571
G1 X87.447 Y113.451 E95.39617
G1 F6315.8 X87.239 Y113.565 E95.404
G1 F7040 X87.026 Y113.611 E95.41046
G1 X87.246 Y113.59 E95.41701
G1 F6315.8 X87.483 Y113.568 E95.42486
G1 F6000 X88.528 Y113.568 E95.46119
G1 X88.528 Y110.428 E95.57032
G1 F6041.2 X87.423 Y110.429 E95.60847
G1 F6633.2 X87.041 Y110.389 E95.62054
G1 F7436.6 X86.973 Y110.382 E95.62246
G1 X87.041 Y110.389 E95.62438
G1 F6683.5 X87.346 Y110.477 E95.63428
G1 F6082.9 X87.625 Y110.777 E95.64833
G1 F6000 X87.712 Y111.072 E95.65902
G1 X87.71 Y112.958 E95.72457
G1 F2400 E95.22457
G0 F11100 X86.973 Y110.382
G1 F2400 E95.72457
G1 F7608.1 X86.219 Y110.381 E95.74523
G1 F2400 E95.24523
G0 F11100 X88.101 Y110.855
;TYPE:WALL-INNER
G1 F2400 E95.74523
G1 F7519 X88.12 Y111.072 E95.75203
G1 F7857.1 X88.118 Y112.051 E95.78126
G1 F7774.9 X88.116 Y113.03 E95.81081
G1 F7443.6 X88.101 Y113.141 E95.81434
G1 F2400 E95.31434
G0 F11100 X56.748 Y113.128
G1 F2400 E95.81434
G1 F6750 X85.588 Y113.128 E96.81672
G1 X85.588 Y110.868 E96.89527
G1 X56.748 Y110.868 E97.89766
G1 X56.351 Y110.736 E97.9122
G1 F5541 X56.003 Y110.338 E97.93459
G1 X55.908 Y110.958 E97.96114
G1 F6750 X55.908 Y113.038 E98.03344
G1 F5603.8 X55.998 Y113.788 E98.06506
G1 X56.351 Y113.26 E98.09165
G1 F6750 X56.748 Y113.128 E98.10619
G1 F2400 E97.60619
G0 F11100 X55.998 Y113.788
G1 F2400 E98.10619
G1 F4790.3 X55.998 Y114.59 E98.14547
G1 F2400 E97.64547
G0 F11100 X56.003 Y110.338
G1 F2400 E98.14547
G1 F4744.4 X55.998 Y109.406 E98.19156
G1 F2400 E97.69156
G0 F11100 X56.756 Y112.732
;TYPE:SKIN
G1 F2400 E98.19156
G1 F6000 X85.192 Y112.732 E99.17991
G1 X85.192 Y111.264 E99.23093
G1 X56.717 Y111.264 E100.22063
G1 X56.301 Y111.122 E100.23591
G1 X56.304 Y112.869 E100.29663
G1 X56.756 Y112.732 E100.31304
G1 F2400 E99.81304
G0 F11100 X57.147 Y111.484
G1 F2400 E100.31304
G1 F6000 X56.524 Y112.107 E100.34367
G0 F11100 X56.741 Y112.512
G1 F6000 X57.769 Y111.484 E100.3942
G0 F11100 X58.391 Y111.484
G1 F6000 X57.363 Y112.512 E100.44473
G0 F11100 X57.986 Y112.512
G1 F6000 X59.014 Y111.484 E100.49526
G0 F11100 X59.636 Y111.484
G1 F6000 X58.608 Y112.512 E100.54579
G0 F11100 X59.23 Y112.512
G1 F6000 X60.258 Y111.484 E100.59632
G0 F11100 X60.88 Y111.484
G1 F6000 X59.852 Y112.512 E100.64685
G0 F11100 X60.475 Y112.512
G1 F6000 X61.503 Y111.484 E100.69738
G0 F11100 X62.125 Y111.484
G1 F6000 X61.097 Y112.512 E100.74791
G0 F11100 X61.719 Y112.512
G1 F6000 X62.747 Y111.484 E100.79844
G0 F11100 X63.369 Y111.484
G1 F6000 X62.341 Y112.512 E100.84897
G0 F11100 X62.964 Y112.512
G1 F6000 X63.992 Y111.484 E100.8995
G0 F11100 X64.614 Y111.484
G1 F6000 X63.586 Y112.512 E100.95003
G0 F11100 X64.208 Y112.512
G1 F6000 X65.236 Y111.484 E101.00056
G0 F11100 X65.859 Y111.484
G1 F6000 X64.83 Y112.512 E101.05111
G0 F11100 X65.453 Y112.512
G1 F6000 X66.481 Y111.484 E101.10164
G0 F11100 X67.103 Y111.484
G1 F6000 X66.075 Y112.512 E101.15217
G0 F11100 X66.697 Y112.512
G1 F6000 X67.725 Y111.484 E101.2027
G0 F11100 X68.348 Y111.484
G1 F6000 X67.319 Y112.512 E101.25325
G0 F11100 X67.942 Y112.512
G1 F6000 X68.97 Y111.484 E101.30378
G0 F11100 X69.592 Y111.484
G1 F6000 X68.564 Y112.512 E101.35431
G0 F11100 X69.186 Y112.512
G1 F6000 X70.214 Y111.484 E101.40484
G0 F11100 X70.837 Y111.484
G1 F6000 X69.808 Y112.512 E101.4554
G0 F11100 X70.431 Y112.512
G1 F6000 X71.459 Y111.484 E101.50593
G0 F11100 X72.081 Y111.484
G1 F6000 X71.053 Y112.512 E101.55646
G0 F11100 X71.675 Y112.512
G1 F6000 X72.703 Y111.484 E101.60699
G0 F11100 X73.326 Y111.484
G1 F6000 X72.297 Y112.512 E101.65754
G0 F11100 X72.92 Y112.512
G1 F6000 X73.948 Y111.484 E101.70807
G0 F11100 X74.57 Y111.484
G1 F6000 X73.542 Y112.512 E101.7586
G0 F11100 X74.164 Y112.512
G1 F6000 X75.192 Y111.484 E101.80913
G0 F11100 X75.815 Y111.484
G1 F6000 X74.786 Y112.512 E101.85969
G0 F11100 X75.409 Y112.512
G1 F6000 X76.437 Y111.484 E101.91022
G0 F11100 X77.059 Y111.484
G1 F6000 X76.031 Y112.512 E101.96075
G0 F11100 X76.653 Y112.512
G1 F6000 X77.681 Y111.484 E102.01128
G0 F11100 X78.304 Y111.484
G1 F6000 X77.275 Y112.512 E102.06183
G0 F11100 X77.898 Y112.512
G1 F6000 X78.926 Y111.484 E102.11236
G0 F11100 X79.548 Y111.484
G1 F6000 X78.52 Y112.512 E102.16289
G0 F11100 X79.142 Y112.512
G1 F6000 X80.17 Y111.484 E102.21342
G0 F11100 X80.793 Y111.484
G1 F6000 X79.764 Y112.512 E102.26398
G0 F11100 X80.387 Y112.512
G1 F6000 X81.415 Y111.484 E102.31451
G0 F11100 X82.037 Y111.484
G1 F6000 X81.009 Y112.512 E102.36504
G0 F11100 X81.631 Y112.512
G1 F6000 X82.659 Y111.484 E102.41557
G0 F11100 X83.282 Y111.484
G1 F6000 X82.253 Y112.512 E102.46612
G0 F11100 X82.876 Y112.512
G1 F6000 X83.904 Y111.484 E102.51665
G0 F11100 X84.526 Y111.484
G1 F6000 X83.498 Y112.512 E102.56718
G0 F11100 X84.12 Y112.512
G1 F6000 X84.972 Y111.661 E102.60903
G0 F11100 X84.972 Y112.283
G1 F6000 X84.743 Y112.512 E102.62029
G1 F2400 E102.12029
;MESH:Pin Lock 5mm.STL(2)
G0 F11100 X104.5 Y123.18
;TYPE:WALL-OUTER
G1 F2400 E102.62029
G1 F6000 X109.92 Y123.18 E102.80867
G1 X110.154 Y123.073 E102.81761
G1 X110.276 Y122.814 E102.82757
G1 X110.279 Y121.176 E102.8845
G1 X110.176 Y120.949 E102.89316
G1 X109.912 Y120.82 E102.90337
G1 X104.5 Y120.82 E103.09148
G1 F5593.2 X104.251 Y120.644 E103.10285
G1 F5259 X104.25 Y120.35 E103.11451
G1 F5280 X103.75 Y120.35 E103.13425
G1 F5259 X103.752 Y120.687 E103.14762
G1 F5593.2 X103.72 Y121.6 E103.18168
G1 F6000 X103.72 Y123.68 E103.25397
G1 X104.28 Y123.68 E103.27344
G1 X104.28 Y123.4 E103.28317
G1 X104.5 Y123.18 E103.29398
G0 F11100 X104.5 Y122.74
;TYPE:WALL-INNER
G1 F6750 X109.836 Y122.734 E103.47945
G1 X109.834 Y121.26 E103.53068
G1 X104.5 Y121.26 E103.71607
G1 X104.159 Y120.973 E103.73156
G1 X104.16 Y123.08 E103.80479
G1 X104.5 Y122.74 E103.82151
G1 F2400 E103.32151
G0 F11100 X109.098 Y122.279
;TYPE:SKIN
G1 F2400 E103.82151
G1 F4697.5 X109.379 Y122.279 E103.83398
G1 X109.379 Y121.717 E103.85893
G1 X109.098 Y121.717 E103.87141
G1 X106.858 Y121.717 E103.97085
G1 F4689.2 X104.618 Y121.718 E104.07047
G1 F4680.9 X104.618 Y122.282 E104.09559
G1 F4689.2 X106.858 Y122.281 E104.19521
G1 F4697.5 X109.098 Y122.279 E104.29466
G1 F2400 E103.79466
;MESH:Pin Lock 5mm.STL
G0 F11100 X114.499 Y123.18
;TYPE:WALL-OUTER
G1 F2400 E104.29466
G1 F6000 X119.923 Y123.176 E104.48318
G1 X120.141 Y123.088 E104.49135
G1 X120.219 Y122.998 E104.49549
G1 X120.276 Y122.814 E104.50218
G1 X120.279 Y121.176 E104.55911
G1 X120.175 Y120.948 E104.56782
G1 X120.098 Y120.881 E104.57137
G1 X119.906 Y120.82 E104.57837
G1 X114.5 Y120.82 E104.76627
G1 F5593.2 X114.251 Y120.644 E104.77764
G1 F5259 X114.25 Y120.35 E104.7893
G1 F5280 X113.75 Y120.35 E104.80905
G1 F5259 X113.752 Y120.687 E104.82241
G1 F5593.2 X113.72 Y121.6 E104.85647
G1 F6000 X113.72 Y123.68 E104.92877
G1 X114.28 Y123.68 E104.94823
G1 X114.28 Y123.4 E104.95796
G1 X114.499 Y123.18 E104.96875
G0 F11100 X114.499 Y122.74
;TYPE:WALL-INNER
G1 F6750 X119.836 Y122.735 E105.15425
G1 X119.834 Y121.26 E105.20551
G1 X114.5 Y121.26 E105.39091
G1 X114.159 Y120.973 E105.4064
G1 X114.16 Y123.079 E105.4796
G1 X114.499 Y122.74 E105.49626
G1 F2400 E104.99626
G0 F11100 X119.1 Y122.276
;TYPE:SKIN
G1 F2400 E105.49626
G1 F4714.3 X119.38 Y122.276 E105.50865
G1 X119.38 Y121.716 E105.53342
G1 X119.1 Y121.716 E105.5458
G1 X117.606 Y121.716 E105.61189
G1 F4697.5 X116.112 Y121.717 E105.67822
G1 F4689.2 X114.618 Y121.718 E105.74466
G1 F4680.9 X114.618 Y122.282 E105.76979
G1 F4689.2 X116.112 Y122.28 E105.83623
G1 F4697.5 X117.606 Y122.278 E105.90255
G1 F4714.3 X119.1 Y122.276 E105.96864
G1 F2400 E105.46864
;MESH:Pin Lock 5mm.STL(4)
G0 F11100 X124.499 Y123.18
;TYPE:WALL-OUTER
G1 F2400 E105.96864
G1 F6000 X129.925 Y123.175 E106.15723
G1 X130.142 Y123.083 E106.16543
G1 X130.219 Y122.991 E106.16959
G1 X130.276 Y122.813 E106.17609
G1 X130.279 Y121.176 E106.23299
G1 X130.175 Y120.948 E106.2417
G1 X130.098 Y120.881 E106.24525
G1 X129.906 Y120.82 E106.25225
G1 X124.5 Y120.82 E106.44014
G1 F5593.2 X124.251 Y120.644 E106.45151
G1 F5259 X124.25 Y120.35 E106.46317
G1 F5280 X123.75 Y120.35 E106.48292
G1 F5259 X123.752 Y120.687 E106.49628
G1 F5593.2 X123.72 Y121.6 E106.53034
G1 F6000 X123.72 Y123.68 E106.60264
G1 X124.28 Y123.68 E106.6221
G1 X124.28 Y123.4 E106.63183
G1 X124.499 Y123.18 E106.64262
G0 F11100 X124.499 Y122.74
;TYPE:WALL-INNER
G1 F6750 X129.836 Y122.735 E106.82812
G1 X129.834 Y121.26 E106.87939
G1 X124.5 Y121.26 E107.06478
G1 X124.159 Y120.973 E107.08027
G1 X124.16 Y123.079 E107.15347
G1 X124.499 Y122.74 E107.17013
G1 F2400 E106.67013
G0 F11100 X129.1 Y122.276
;TYPE:SKIN
G1 F2400 E107.17013
G1 F4714.3 X129.38 Y122.276 E107.18252
G1 X129.38 Y121.716 E107.20729
G1 X129.1 Y121.716 E107.21968
G1 X127.606 Y121.716 E107.28577
G1 F4697.5 X126.112 Y121.717 E107.35209
G1 F4689.2 X124.618 Y121.718 E107.41853
G1 F4680.9 X124.618 Y122.282 E107.44366
G1 F4689.2 X126.112 Y122.28 E107.5101
G1 F4697.5 X127.606 Y122.278 E107.57643
G1 F4714.3 X129.1 Y122.276 E107.64252
G1 F2400 E107.14252
;MESH:Pin 5mm - AKM.STL
G0 F11100 X127.026 Y113.611
;TYPE:WALL-OUTER
G1 F2400 E107.64252
G1 F7542.9 X126.249 Y113.616 E107.664
G1 F2400 E107.164
G0 F11100 X127.71 Y112.958
G1 F2400 E107.664
G1 F6000 X127.63 Y113.212 E107.67325
G1 X127.447 Y113.451 E107.68372
G1 F6315.8 X127.239 Y113.565 E107.69155
G1 F7040 X127.026 Y113.611 E107.698
G1 X127.246 Y113.59 E107.70455
G1 F6315.8 X127.483 Y113.568 E107.71241
G1 F6000 X128.528 Y113.568 E107.74873
G1 X128.528 Y110.428 E107.85787
G1 F6041.2 X127.423 Y110.429 E107.89601
G1 F6633.2 X127.041 Y110.389 E107.90809
G1 F7436.6 X126.973 Y110.382 E107.91
G1 X127.041 Y110.389 E107.91192
G1 F6683.5 X127.346 Y110.477 E107.92182
G1 F6082.9 X127.625 Y110.777 E107.93587
G1 F6000 X127.712 Y111.072 E107.94656
G1 X127.71 Y112.958 E108.01211
G1 F2400 E107.51211
G0 F11100 X126.973 Y110.382
G1 F2400 E108.01211
G1 F7608.1 X126.219 Y110.381 E108.03278
G1 F2400 E107.53278
G0 F11100 X96.615 Y113.612
G1 F2400 E108.03278
G1 F6000 X96.748 Y113.568 E108.03765
G1 X124.458 Y113.568 E109.00076
G1 F6041.2 X125.181 Y113.571 E109.02572
G1 F6125.3 X125.904 Y113.574 E109.05033
G1 F6821.7 X126.249 Y113.616 E109.06096
G1 X126.176 Y113.558 E109.06381
M204 S7000
G1 F10232.6 X126.14 Y113.529 E109.06522
M204 S4000
G1 F6821.7 X126.034 Y113.444 E109.06938
G1 F6125.3 X126.031 Y112.721 E109.09399
G1 F6041.2 X126.028 Y111.998 E109.11895
G1 F6069 X126.032 Y111.275 E109.14379
G1 F6197.2 X126.037 Y110.552 E109.16812
G1 F6875 X126.14 Y110.455 E109.17241
M204 S7000
G1 F10312.5 X126.154 Y110.442 E109.17299
M204 S4000
G1 F6875 X126.219 Y110.381 E109.1757
G1 X125.904 Y110.419 E109.18532
G1 F6197.2 X125.181 Y110.423 E109.20965
G1 F6069 X124.458 Y110.428 E109.2345
G1 F6000 X96.748 Y110.428 E110.19761
G1 X96.615 Y110.384 E110.20248
G1 X96.531 Y110.246 E110.20809
G1 X96.528 Y108.876 E110.25571
G1 X95.468 Y108.876 E110.29255
G1 X95.468 Y115.12 E110.50957
G1 X96.528 Y115.12 E110.54642
G1 X96.528 Y113.788 E110.59271
G1 X96.615 Y113.612 E110.59954
G0 F11100 X96.748 Y113.128
;TYPE:WALL-INNER
G1 F6750 X125.588 Y113.128 E111.60192
G1 X125.588 Y110.868 E111.68047
G1 X96.748 Y110.868 E112.68286
G1 X96.351 Y110.736 E112.6974
G1 F5541 X96.003 Y110.338 E112.71979
G1 X95.908 Y110.958 E112.74634
G1 F6750 X95.908 Y113.038 E112.81864
G1 F5603.8 X95.998 Y113.788 E112.85026
G1 X96.351 Y113.26 E112.87685
G1 F6750 X96.748 Y113.128 E112.89139
G1 F2400 E112.39139
G0 F11100 X95.998 Y113.788
G1 F2400 E112.89139
G1 F4790.3 X95.998 Y114.59 E112.93067
G1 F2400 E112.43067
G0 F11100 X96.003 Y110.338
G1 F2400 E112.93067
G1 F4744.4 X95.998 Y109.406 E112.97676
G1 F2400 E112.47676
G0 F11100 X128.101 Y110.855
G1 F2400 E112.97676
G1 F7519 X128.12 Y111.072 E112.98356
G1 F7857.1 X128.118 Y112.051 E113.01279
G1 F7774.9 X128.116 Y113.03 E113.04233
G1 F7443.6 X128.101 Y113.141 E113.04586
G1 F2400 E112.54586
G0 F11100 X96.756 Y112.732
;TYPE:SKIN
G1 F2400 E113.04586
G1 F6000 X125.192 Y112.732 E114.03421
G1 X125.192 Y111.264 E114.08523
G1 X96.717 Y111.264 E115.07493
G1 X96.301 Y111.122 E115.09021
G1 X96.304 Y112.869 E115.15093
G1 X96.756 Y112.732 E115.16735
G1 F2400 E114.66735
G0 F11100 X96.971 Y111.484
G1 F2400 E115.16735
G1 F6000 X96.524 Y111.931 E115.18932
G0 F11100 X96.565 Y112.512
G1 F6000 X97.593 Y111.484 E115.23985
G0 F11100 X98.216 Y111.484
G1 F6000 X97.188 Y112.512 E115.29038
G0 F11100 X97.81 Y112.512
G1 F6000 X98.838 Y111.484 E115.34091
G0 F11100 X99.46 Y111.484
G1 F6000 X98.432 Y112.512 E115.39144
G0 F11100 X99.054 Y112.512
G1 F6000 X100.082 Y111.484 E115.44197
G0 F11100 X100.705 Y111.484
G1 F6000 X99.677 Y112.512 E115.4925
G0 F11100 X100.299 Y112.512
G1 F6000 X101.327 Y111.484 E115.54303
G0 F11100 X101.949 Y111.484
G1 F6000 X100.921 Y112.512 E115.59356
G0 F11100 X101.543 Y112.512
G1 F6000 X102.571 Y111.484 E115.64409
G0 F11100 X103.194 Y111.484
G1 F6000 X102.166 Y112.512 E115.69462
G0 F11100 X102.788 Y112.512
G1 F6000 X103.816 Y111.484 E115.74515
G0 F11100 X104.438 Y111.484
G1 F6000 X103.41 Y112.512 E115.79568
G0 F11100 X104.032 Y112.512
G1 F6000 X105.061 Y111.484 E115.84623
G0 F11100 X105.683 Y111.484
G1 F6000 X104.655 Y112.512 E115.89676
G0 F11100 X105.277 Y112.512
G1 F6000 X106.305 Y111.484 E115.94729
G0 F11100 X106.927 Y111.484
G1 F6000 X105.899 Y112.512 E115.99782
G0 F11100 X106.521 Y112.512
G1 F6000 X107.55 Y111.484 E116.04837
G0 F11100 X108.172 Y111.484
G1 F6000 X107.144 Y112.512 E116.0989
G0 F11100 X107.766 Y112.512
G1 F6000 X108.794 Y111.484 E116.14943
G0 F11100 X109.416 Y111.484
G1 F6000 X108.388 Y112.512 E116.19996
G0 F11100 X109.01 Y112.512
G1 F6000 X110.039 Y111.484 E116.25052
G0 F11100 X110.661 Y111.484
G1 F6000 X109.633 Y112.512 E116.30105
G0 F11100 X110.255 Y112.512
G1 F6000 X111.283 Y111.484 E116.35158
G0 F11100 X111.905 Y111.484
G1 F6000 X110.877 Y112.512 E116.40211
G0 F11100 X111.499 Y112.512
G1 F6000 X112.528 Y111.484 E116.45266
G0 F11100 X113.15 Y111.484
G1 F6000 X112.122 Y112.512 E116.50319
G0 F11100 X112.744 Y112.512
G1 F6000 X113.772 Y111.484 E116.55372
G0 F11100 X114.394 Y111.484
G1 F6000 X113.366 Y112.512 E116.60425
G0 F11100 X113.988 Y112.512
G1 F6000 X115.017 Y111.484 E116.65481
G0 F11100 X115.639 Y111.484
G1 F6000 X114.611 Y112.512 E116.70534
G0 F11100 X115.233 Y112.512
G1 F6000 X116.261 Y111.484 E116.75587
G0 F11100 X116.883 Y111.484
G1 F6000 X115.855 Y112.512 E116.8064
G0 F11100 X116.477 Y112.512
G1 F6000 X117.506 Y111.484 E116.85695
G0 F11100 X118.128 Y111.484
G1 F6000 X117.1 Y112.512 E116.90748
G0 F11100 X117.722 Y112.512
G1 F6000 X118.75 Y111.484 E116.95801
G0 F11100 X119.372 Y111.484
G1 F6000 X118.344 Y112.512 E117.00854
G0 F11100 X118.966 Y112.512
G1 F6000 X119.995 Y111.484 E117.0591
G0 F11100 X120.617 Y111.484
G1 F6000 X119.589 Y112.512 E117.10963
G0 F11100 X120.211 Y112.512
G1 F6000 X121.239 Y111.484 E117.16016
G0 F11100 X121.861 Y111.484
G1 F6000 X120.833 Y112.512 E117.21069
G0 F11100 X121.455 Y112.512
G1 F6000 X122.484 Y111.484 E117.26124
G0 F11100 X123.106 Y111.484
G1 F6000 X122.078 Y112.512 E117.31177
G0 F11100 X122.7 Y112.512
G1 F6000 X123.728 Y111.484 E117.3623
G0 F11100 X124.35 Y111.484
G1 F6000 X123.322 Y112.512 E117.41283
G0 F11100 X123.945 Y112.512
G1 F6000 X124.972 Y111.485 E117.46331
G0 F11100 X124.972 Y112.107
G1 F6000 X124.567 Y112.512 E117.48322
G1 F2400 E116.98322
;MESH:Pin 5mm - AKM.STL(2)
G0 F11100 X126.249 Y103.616
;TYPE:WALL-OUTER
G1 F2400 E117.48322
G1 F7542.9 X127.026 Y103.611 E117.5047
G1 F2400 E117.0047
G0 F11100 X127.71 Y102.958
G1 F2400 E117.5047
G1 F6000 X127.63 Y103.212 E117.51396
G1 X127.447 Y103.451 E117.52442
G1 F6315.8 X127.239 Y103.565 E117.53225
G1 F7040 X127.026 Y103.611 E117.5387
G1 X127.246 Y103.59 E117.54525
G1 F6315.8 X127.483 Y103.568 E117.55311
G1 F6000 X128.528 Y103.568 E117.58943
G1 X128.528 Y100.428 E117.69857
G1 F6041.2 X127.423 Y100.429 E117.73671
G1 F6633.2 X127.041 Y100.389 E117.74879
G1 F7436.6 X126.973 Y100.382 E117.7507
G1 X127.041 Y100.389 E117.75262
G1 F6683.5 X127.346 Y100.477 E117.76253
G1 F6082.9 X127.625 Y100.777 E117.77657
G1 F6000 X127.712 Y101.072 E117.78726
G1 X127.71 Y102.958 E117.85281
G1 F2400 E117.35281
G0 F11100 X126.973 Y100.382
G1 F2400 E117.85281
G1 F7608.1 X126.219 Y100.381 E117.87348
G1 F2400 E117.37348
G0 F11100 X96.615 Y103.612
G1 F2400 E117.87348
G1 F6000 X96.748 Y103.568 E117.87835
G1 X124.458 Y103.568 E118.84146
G1 F6041.2 X125.181 Y103.571 E118.86642
G1 F6125.3 X125.904 Y103.574 E118.89104
G1 F6821.7 X126.249 Y103.616 E118.90166
G1 X126.176 Y103.558 E118.90451
M204 S7000
G1 F10232.6 X126.14 Y103.529 E118.90592
M204 S4000
G1 F6821.7 X126.034 Y103.444 E118.91008
G1 F6125.3 X126.031 Y102.721 E118.93469
G1 F6041.2 X126.028 Y101.998 E118.95965
G1 F6069 X126.032 Y101.275 E118.98449
G1 F6197.2 X126.037 Y100.552 E119.00882
G1 F6875 X126.14 Y100.455 E119.01312
M204 S7000
G1 F10312.5 X126.154 Y100.442 E119.0137
M204 S4000
G1 F6875 X126.219 Y100.381 E119.0164
G1 X125.904 Y100.419 E119.02602
G1 F6197.2 X125.181 Y100.423 E119.05035
G1 F6069 X124.458 Y100.428 E119.0752
G1 F6000 X96.748 Y100.428 E120.03831
G1 X96.615 Y100.384 E120.04318
G1 X96.531 Y100.246 E120.04879
G1 X96.528 Y98.876 E120.09641
G1 X95.468 Y98.876 E120.13325
G1 X95.468 Y105.12 E120.35028
G1 X96.528 Y105.12 E120.38712
G1 X96.528 Y103.788 E120.43341
G1 X96.615 Y103.612 E120.44024
G0 F11100 X96.748 Y103.128
;TYPE:WALL-INNER
G1 F6750 X125.588 Y103.128 E121.44262
G1 X125.588 Y100.868 E121.52118
G1 X96.748 Y100.868 E122.52356
G1 X96.351 Y100.736 E122.5381
G1 F5541 X96.003 Y100.338 E122.56049
G1 X95.908 Y100.958 E122.58705
G1 F6750 X95.908 Y103.038 E122.65934
G1 F5603.8 X95.998 Y103.788 E122.69096
G1 X96.351 Y103.26 E122.71756
G1 F6750 X96.748 Y103.128 E122.7321
G1 F2400 E122.2321
G0 F11100 X95.998 Y103.788
G1 F2400 E122.7321
G1 F4790.3 X95.998 Y104.59 E122.77137
G1 F2400 E122.27137
G0 F11100 X96.003 Y100.338
G1 F2400 E122.77137
G1 F4744.4 X95.998 Y99.406 E122.81746
G1 F2400 E122.31746
G0 F11100 X128.101 Y100.855
G1 F2400 E122.81746
G1 F7519 X128.12 Y101.072 E122.82426
G1 F7857.1 X128.118 Y102.051 E122.85349
G1 F7774.9 X128.116 Y103.03 E122.88303
G1 F7443.6 X128.101 Y103.141 E122.88656
G1 F2400 E122.38656
G0 F11100 X96.756 Y102.732
;TYPE:SKIN
G1 F2400 E122.88656
G1 F6000 X125.192 Y102.732 E123.87491
G1 X125.192 Y101.264 E123.92593
G1 X96.717 Y101.264 E124.91563
G1 X96.301 Y101.122 E124.93091
G1 X96.304 Y102.869 E124.99163
G1 X96.756 Y102.732 E125.00805
G1 F2400 E124.50805
G0 F11100 X97.015 Y101.484
G1 F2400 E125.00805
G1 F6000 X96.524 Y101.975 E125.03218
G0 F11100 X96.609 Y102.512
G1 F6000 X97.637 Y101.484 E125.08271
G0 F11100 X98.26 Y101.484
G1 F6000 X97.231 Y102.512 E125.13327
G0 F11100 X97.854 Y102.512
G1 F6000 X98.882 Y101.484 E125.1838
G0 F11100 X99.504 Y101.484
G1 F6000 X98.476 Y102.512 E125.23433
G0 F11100 X99.098 Y102.512
G1 F6000 X100.126 Y101.484 E125.28486
G0 F11100 X100.749 Y101.484
G1 F6000 X99.72 Y102.512 E125.33541
G0 F11100 X100.343 Y102.512
G1 F6000 X101.371 Y101.484 E125.38594
G0 F11100 X101.993 Y101.484
G1 F6000 X100.965 Y102.512 E125.43647
G0 F11100 X101.587 Y102.512
G1 F6000 X102.615 Y101.484 E125.487
G0 F11100 X103.238 Y101.484
G1 F6000 X102.209 Y102.512 E125.53755
G0 F11100 X102.832 Y102.512
G1 F6000 X103.86 Y101.484 E125.58808
G0 F11100 X104.482 Y101.484
G1 F6000 X103.454 Y102.512 E125.63861
G0 F11100 X104.076 Y102.512
G1 F6000 X105.104 Y101.484 E125.68914
G0 F11100 X105.727 Y101.484
G1 F6000 X104.698 Y102.512 E125.7397
G0 F11100 X105.321 Y102.512
G1 F6000 X106.349 Y101.484 E125.79023
G0 F11100 X106.971 Y101.484
G1 F6000 X105.943 Y102.512 E125.84076
G0 F11100 X106.565 Y102.512
G1 F6000 X107.593 Y101.484 E125.89129
G0 F11100 X108.216 Y101.484
G1 F6000 X107.187 Y102.512 E125.94184
G0 F11100 X107.81 Y102.512
G1 F6000 X108.838 Y101.484 E125.99237
G0 F11100 X109.46 Y101.484
G1 F6000 X108.432 Y102.512 E126.0429
G0 F11100 X109.054 Y102.512
G1 F6000 X110.082 Y101.484 E126.09343
G0 F11100 X110.705 Y101.484
G1 F6000 X109.677 Y102.512 E126.14396
G0 F11100 X110.299 Y102.512
G1 F6000 X111.327 Y101.484 E126.19449
G0 F11100 X111.949 Y101.484
G1 F6000 X110.921 Y102.512 E126.24502
G0 F11100 X111.543 Y102.512
G1 F6000 X112.571 Y101.484 E126.29555
G0 F11100 X113.194 Y101.484
G1 F6000 X112.166 Y102.512 E126.34608
G0 F11100 X112.788 Y102.512
G1 F6000 X113.816 Y101.484 E126.39661
G0 F11100 X114.438 Y101.484
G1 F6000 X113.41 Y102.512 E126.44714
G0 F11100 X114.032 Y102.512
G1 F6000 X115.06 Y101.484 E126.49767
G0 F11100 X115.683 Y101.484
G1 F6000 X114.655 Y102.512 E126.5482
G0 F11100 X115.277 Y102.512
G1 F6000 X116.305 Y101.484 E126.59873
G0 F11100 X116.927 Y101.484
G1 F6000 X115.899 Y102.512 E126.64926
G0 F11100 X116.521 Y102.512
G1 F6000 X117.549 Y101.484 E126.69979
G0 F11100 X118.172 Y101.484
G1 F6000 X117.144 Y102.512 E126.75032
G0 F11100 X117.766 Y102.512
G1 F6000 X118.794 Y101.484 E126.80085
G0 F11100 X119.416 Y101.484
G1 F6000 X118.388 Y102.512 E126.85138
G0 F11100 X119.01 Y102.512
G1 F6000 X120.038 Y101.484 E126.90191
G0 F11100 X120.661 Y101.484
G1 F6000 X119.633 Y102.512 E126.95244
G0 F11100 X120.255 Y102.512
G1 F6000 X121.283 Y101.484 E127.00297
G0 F11100 X121.905 Y101.484
G1 F6000 X120.877 Y102.512 E127.0535
G0 F11100 X121.499 Y102.512
G1 F6000 X122.527 Y101.484 E127.10403
G0 F11100 X123.15 Y101.484
G1 F6000 X122.122 Y102.512 E127.15456
G0 F11100 X122.744 Y102.512
G1 F6000 X123.772 Y101.484 E127.20509
G0 F11100 X124.394 Y101.484
G1 F6000 X123.366 Y102.512 E127.25562
G0 F11100 X123.988 Y102.512
G1 F6000 X124.972 Y101.529 E127.30396
G0 F11100 X124.972 Y102.151
G1 F6000 X124.611 Y102.512 E127.32171
G1 F2400 E126.82171
;MESH:Pin Lock 5mm.STL(1)
G0 F11100 X114.499 Y93.18
;TYPE:WALL-OUTER
G1 F2400 E127.32171
G1 F6000 X119.923 Y93.176 E127.51023
G1 X120.141 Y93.088 E127.5184
G1 X120.219 Y92.998 E127.52254
G1 X120.276 Y92.814 E127.52923
G1 X120.279 Y91.176 E127.58617
G1 X120.175 Y90.948 E127.59488
G1 X120.098 Y90.881 E127.59842
G1 X119.906 Y90.82 E127.60543
G1 X114.5 Y90.82 E127.79332
G1 F5593.2 X114.251 Y90.644 E127.80469
G1 F5259 X114.25 Y90.35 E127.81635
G1 F5280 X113.75 Y90.35 E127.8361
G1 F5259 X113.752 Y90.687 E127.84946
G1 F5593.2 X113.72 Y91.6 E127.88352
G1 F6000 X113.72 Y93.68 E127.95582
G1 X114.28 Y93.68 E127.97528
G1 X114.28 Y93.4 E127.98501
G1 X114.499 Y93.18 E127.9958
G0 F11100 X114.499 Y92.74
;TYPE:WALL-INNER
G1 F6750 X119.836 Y92.735 E128.1813
G1 X119.834 Y91.26 E128.23256
G1 X114.5 Y91.26 E128.41796
G1 X114.159 Y90.973 E128.43345
G1 X114.16 Y93.079 E128.50665
G1 X114.499 Y92.74 E128.52331
G1 F2400 E128.02331
G0 F11100 X119.1 Y92.276
;TYPE:SKIN
G1 F2400 E128.52331
G1 F4714.3 X119.38 Y92.276 E128.5357
G1 X119.38 Y91.716 E128.56047
G1 X119.1 Y91.716 E128.57285
G1 X117.606 Y91.716 E128.63894
G1 F4697.5 X116.112 Y91.717 E128.70527
G1 F4689.2 X114.618 Y91.718 E128.77171
G1 F4680.9 X114.618 Y92.282 E128.79684
G1 F4689.2 X116.112 Y92.28 E128.86328
G1 F4697.5 X117.606 Y92.278 E128.9296
G1 F4714.3 X119.1 Y92.276 E128.99569
G1 F2400 E128.49569
;MESH:Pin Lock 5mm.STL(3)
G0 F11100 X104.5 Y93.18
;TYPE:WALL-OUTER
G1 F2400 E128.99569
G1 F6000 X109.92 Y93.18 E129.18408
G1 X110.154 Y93.073 E129.19302
G1 X110.276 Y92.814 E129.20297
G1 X110.279 Y91.176 E129.2599
G1 X110.176 Y90.949 E129.26856
G1 X109.912 Y90.82 E129.27878
G1 X104.5 Y90.82 E129.46688
G1 F5593.2 X104.251 Y90.644 E129.47825
G1 F5259 X104.25 Y90.35 E129.48991
G1 F5280 X103.75 Y90.35 E129.50966
G1 F5259 X103.752 Y90.687 E129.52302
G1 F5593.2 X103.72 Y91.6 E129.55708
G1 F6000 X103.72 Y93.68 E129.62938
G1 X104.28 Y93.68 E129.64884
G1 X104.28 Y93.4 E129.65857
G1 X104.5 Y93.18 E129.66939
G0 F11100 X104.5 Y92.74
;TYPE:WALL-INNER
G1 F6750 X109.836 Y92.734 E129.85485
G1 X109.834 Y91.26 E129.90608
G1 X104.5 Y91.26 E130.09147
G1 X104.159 Y90.973 E130.10696
G1 X104.16 Y93.08 E130.1802
G1 X104.5 Y92.74 E130.19691
G1 F2400 E129.69691
G0 F11100 X109.098 Y92.279
;TYPE:SKIN
G1 F2400 E130.19691
G1 F4697.5 X109.379 Y92.279 E130.20938
G1 X109.379 Y91.717 E130.23433
G1 X109.098 Y91.717 E130.24681
G1 X106.858 Y91.717 E130.34625
G1 F4689.2 X104.618 Y91.718 E130.44587
G1 F4680.9 X104.618 Y92.282 E130.471
G1 F4689.2 X106.858 Y92.281 E130.57062
G1 F4697.5 X109.098 Y92.279 E130.67006
G1 F2400 E130.17006
;MESH:Pin Lock 5mm.STL(5)
G0 F11100 X124.499 Y93.18
;TYPE:WALL-OUTER
G1 F2400 E130.67006
G1 F6000 X129.925 Y93.175 E130.85865
G1 X130.142 Y93.083 E130.86684
G1 X130.219 Y92.991 E130.87101
G1 X130.276 Y92.813 E130.87751
G1 X130.279 Y91.176 E130.93441
G1 X130.175 Y90.948 E130.94312
G1 X130.098 Y90.881 E130.94666
G1 X129.906 Y90.82 E130.95367
G1 X124.5 Y90.82 E131.14156
G1 F5593.2 X124.251 Y90.644 E131.15293
G1 F5259 X124.25 Y90.35 E131.16459
G1 F5280 X123.75 Y90.35 E131.18434
G1 F5259 X123.752 Y90.687 E131.1977
G1 F5593.2 X123.72 Y91.6 E131.23176
G1 F6000 X123.72 Y93.68 E131.30406
G1 X124.28 Y93.68 E131.32352
G1 X124.28 Y93.4 E131.33325
G1 X124.499 Y93.18 E131.34404
G0 F11100 X124.499 Y92.74
;TYPE:WALL-INNER
G1 F6750 X129.836 Y92.735 E131.52954
G1 X129.834 Y91.26 E131.5808
G1 X124.5 Y91.26 E131.7662
G1 X124.159 Y90.973 E131.78169
G1 X124.16 Y93.079 E131.85489
G1 X124.499 Y92.74 E131.87155
G1 F2400 E131.37155
G0 F11100 X129.1 Y92.276
;TYPE:SKIN
G1 F2400 E131.87155
G1 F4714.3 X129.38 Y92.276 E131.88394
G1 X129.38 Y91.716 E131.90871
G1 X129.1 Y91.716 E131.92109
G1 X127.606 Y91.716 E131.98718
G1 F4697.5 X126.112 Y91.717 E132.05351
G1 F4689.2 X124.618 Y91.718 E132.11995
G1 F4680.9 X124.618 Y92.282 E132.14508
G1 F4689.2 X126.112 Y92.28 E132.21152
G1 F4697.5 X127.606 Y92.278 E132.27784
G1 F4714.3 X129.1 Y92.276 E132.34393
G1 F2400 E131.84393
;MESH:Pin 5mm - AKM.STL(5)
G0 F11100 X136.615 Y93.612
;TYPE:WALL-OUTER
G1 F2400 E132.34393
G1 F6000 X136.748 Y93.568 E132.3488
G1 X164.458 Y93.568 E133.31191
G1 F6041.2 X165.181 Y93.571 E133.33687
G1 F6125.3 X165.904 Y93.574 E133.36149
G1 F6821.7 X166.249 Y93.616 E133.37211
G1 X166.176 Y93.558 E133.37496
M204 S7000
G1 F10232.6 X166.14 Y93.529 E133.37638
M204 S4000
G1 F6821.7 X166.034 Y93.444 E133.38053
G1 F6125.3 X166.031 Y92.721 E133.40514
G1 F6041.2 X166.028 Y91.998 E133.4301
G1 F6069 X166.032 Y91.275 E133.45495
G1 F6197.2 X166.037 Y90.552 E133.47928
G1 F6875 X166.14 Y90.455 E133.48357
M204 S7000
G1 F10312.5 X166.154 Y90.442 E133.48415
M204 S4000
G1 F6875 X166.219 Y90.381 E133.48685
G1 X165.904 Y90.419 E133.49648
G1 F6197.2 X165.181 Y90.423 E133.52081
G1 F6069 X164.458 Y90.428 E133.54565
G1 F6000 X136.748 Y90.428 E134.50876
G1 X136.615 Y90.384 E134.51363
G1 X136.531 Y90.246 E134.51925
G1 X136.528 Y88.876 E134.56686
G1 X135.468 Y88.876 E134.60371
G1 X135.468 Y95.12 E134.82073
G1 X136.528 Y95.12 E134.85757
G1 X136.528 Y93.788 E134.90387
G1 X136.615 Y93.612 E134.91069
G1 F2400 E134.41069
G0 F11100 X166.249 Y93.616
G1 F2400 E134.91069
G1 F7542.9 X167.026 Y93.611 E134.93217
G1 F2400 E134.43217
G0 F11100 X167.71 Y92.958
G1 F2400 E134.93217
G1 F6000 X167.63 Y93.212 E134.94143
G1 X167.447 Y93.451 E134.95189
G1 F6315.8 X167.239 Y93.565 E134.95972
G1 F7040 X167.026 Y93.611 E134.96618
G1 X167.246 Y93.59 E134.97272
G1 F6315.8 X167.483 Y93.568 E134.98058
G1 F6000 X168.528 Y93.568 E135.0169
G1 X168.528 Y90.428 E135.12604
G1 F6041.2 X167.423 Y90.429 E135.16419
G1 F6633.2 X167.041 Y90.389 E135.17626
G1 F7436.6 X166.973 Y90.382 E135.17818
G1 X167.041 Y90.389 E135.18009
G1 F6683.5 X167.346 Y90.477 E135.19
G1 F6082.9 X167.625 Y90.777 E135.20404
G1 F6000 X167.712 Y91.072 E135.21473
G1 X167.71 Y92.958 E135.28029
G1 F2400 E134.78029
G0 F11100 X166.973 Y90.382
G1 F2400 E135.28029
G1 F7608.1 X166.219 Y90.381 E135.30095
G1 F2400 E134.80095
G0 F11100 X168.101 Y90.855
;TYPE:WALL-INNER
G1 F2400 E135.30095
G1 F7519 X168.12 Y91.072 E135.30775
G1 F7857.1 X168.118 Y92.051 E135.33698
G1 F7774.9 X168.116 Y93.03 E135.36652
G1 F7443.6 X168.101 Y93.141 E135.37005
G1 F2400 E134.87005
G0 F11100 X136.748 Y93.128
G1 F2400 E135.37005
G1 F6750 X165.588 Y93.128 E136.37244
G1 X165.588 Y90.868 E136.45099
G1 X136.748 Y90.868 E137.45338
G1 X136.351 Y90.736 E137.46792
G1 F5541 X136.003 Y90.338 E137.49031
G1 X135.908 Y90.958 E137.51686
G1 F6750 X135.908 Y93.038 E137.58916
G1 F5603.8 X135.998 Y93.788 E137.62078
G1 X136.351 Y93.26 E137.64737
G1 F6750 X136.748 Y93.128 E137.66191
G1 F2400 E137.16191
G0 F11100 X135.998 Y93.788
G1 F2400 E137.66191
G1 F4790.3 X135.998 Y94.59 E137.70119
G1 F2400 E137.20119
G0 F11100 X136.003 Y90.338
G1 F2400 E137.70119
G1 F4744.4 X135.998 Y89.406 E137.74728
G1 F2400 E137.24728
G0 F11100 X136.756 Y92.732
;TYPE:SKIN
G1 F2400 E137.74728
G1 F6000 X165.192 Y92.732 E138.73562
G1 X165.192 Y91.264 E138.78665
G1 X136.717 Y91.264 E139.77635
G1 X136.301 Y91.122 E139.79163
G1 X136.304 Y92.869 E139.85235
G1 X136.756 Y92.732 E139.86876
G1 F2400 E139.36876
G0 F11100 X136.883 Y91.484
G1 F2400 E139.86876
G1 F6000 X136.523 Y91.844 E139.88646
G0 F11100 X136.526 Y92.463
G1 F6000 X137.505 Y91.484 E139.93458
G0 F11100 X138.128 Y91.484
G1 F6000 X137.1 Y92.512 E139.98511
G0 F11100 X137.722 Y92.512
G1 F6000 X138.75 Y91.484 E140.03564
G0 F11100 X139.372 Y91.484
G1 F6000 X138.344 Y92.512 E140.08617
G0 F11100 X138.966 Y92.512
G1 F6000 X139.994 Y91.484 E140.1367
G0 F11100 X140.617 Y91.484
G1 F6000 X139.589 Y92.512 E140.18723
G0 F11100 X140.211 Y92.512
G1 F6000 X141.239 Y91.484 E140.23776
G0 F11100 X141.861 Y91.484
G1 F6000 X140.833 Y92.512 E140.28829
G0 F11100 X141.455 Y92.512
G1 F6000 X142.483 Y91.484 E140.33882
G0 F11100 X143.106 Y91.484
G1 F6000 X142.078 Y92.512 E140.38935
G0 F11100 X142.7 Y92.512
G1 F6000 X143.728 Y91.484 E140.43988
G0 F11100 X144.35 Y91.484
G1 F6000 X143.322 Y92.512 E140.49041
G0 F11100 X143.944 Y92.512
G1 F6000 X144.972 Y91.484 E140.54094
G0 F11100 X145.595 Y91.484
G1 F6000 X144.567 Y92.512 E140.59147
G0 F11100 X145.189 Y92.512
G1 F6000 X146.217 Y91.484 E140.642
G0 F11100 X146.839 Y91.484
G1 F6000 X145.811 Y92.512 E140.69253
G0 F11100 X146.433 Y92.512
G1 F6000 X147.461 Y91.484 E140.74306
G0 F11100 X148.084 Y91.484
G1 F6000 X147.056 Y92.512 E140.79359
G0 F11100 X147.678 Y92.512
G1 F6000 X148.706 Y91.484 E140.84412
G0 F11100 X149.328 Y91.484
G1 F6000 X148.3 Y92.512 E140.89465
G0 F11100 X148.922 Y92.512
G1 F6000 X149.95 Y91.484 E140.94518
G0 F11100 X150.573 Y91.484
G1 F6000 X149.545 Y92.512 E140.99571
G0 F11100 X150.167 Y92.512
G1 F6000 X151.195 Y91.484 E141.04624
G0 F11100 X151.817 Y91.484
G1 F6000 X150.789 Y92.512 E141.09677
G0 F11100 X151.411 Y92.512
G1 F6000 X152.439 Y91.484 E141.1473
G0 F11100 X153.062 Y91.484
G1 F6000 X152.034 Y92.512 E141.19783
G0 F11100 X152.656 Y92.512
G1 F6000 X153.684 Y91.484 E141.24836
G0 F11100 X154.306 Y91.484
G1 F6000 X153.278 Y92.512 E141.29889
G0 F11100 X153.9 Y92.512
G1 F6000 X154.929 Y91.484 E141.34944
G0 F11100 X155.551 Y91.484
G1 F6000 X154.523 Y92.512 E141.39997
G0 F11100 X155.145 Y92.512
G1 F6000 X156.173 Y91.484 E141.4505
G0 F11100 X156.795 Y91.484
G1 F6000 X155.767 Y92.512 E141.50103
G0 F11100 X156.389 Y92.512
G1 F6000 X157.418 Y91.484 E141.55159
G0 F11100 X158.04 Y91.484
G1 F6000 X157.012 Y92.512 E141.60212
G0 F11100 X157.634 Y92.512
G1 F6000 X158.662 Y91.484 E141.65265
G0 F11100 X159.284 Y91.484
G1 F6000 X158.256 Y92.512 E141.70318
G0 F11100 X158.878 Y92.512
G1 F6000 X159.907 Y91.484 E141.75373
G0 F11100 X160.529 Y91.484
G1 F6000 X159.501 Y92.512 E141.80426
G0 F11100 X160.123 Y92.512
G1 F6000 X161.151 Y91.484 E141.85479
G0 F11100 X161.773 Y91.484
G1 F6000 X160.745 Y92.512 E141.90532
G0 F11100 X161.367 Y92.512
G1 F6000 X162.396 Y91.484 E141.95587
G0 F11100 X163.018 Y91.484
G1 F6000 X161.99 Y92.512 E142.0064
G0 F11100 X162.612 Y92.512
G1 F6000 X163.64 Y91.484 E142.05693
G0 F11100 X164.262 Y91.484
G1 F6000 X163.234 Y92.512 E142.10746
G0 F11100 X163.856 Y92.512
G1 F6000 X164.885 Y91.484 E142.15802
G0 F11100 X164.972 Y92.019
G1 F6000 X164.479 Y92.512 E142.18225
G1 F2400 E141.68225
;MESH:Pin 5mm - AKM.STL(3)
G0 F11100 X166.219 Y100.381
;TYPE:WALL-OUTER
G1 F2400 E142.18225
G1 F7608.1 X166.973 Y100.382 E142.20292
G1 F2400 E141.70292
G0 F11100 X167.71 Y102.958
G1 F2400 E142.20292
G1 F6000 X167.63 Y103.212 E142.21217
G1 X167.447 Y103.451 E142.22264
G1 F6315.8 X167.239 Y103.565 E142.23047
G1 F7040 X167.026 Y103.611 E142.23692
G1 X167.246 Y103.59 E142.24347
G1 F6315.8 X167.483 Y103.568 E142.25133
G1 F6000 X168.528 Y103.568 E142.28765
G1 X168.528 Y100.428 E142.39679
G1 F6041.2 X167.423 Y100.429 E142.43493
G1 F6633.2 X167.041 Y100.389 E142.44701
G1 F7436.6 X166.973 Y100.382 E142.44892
G1 X167.041 Y100.389 E142.45084
G1 F6683.5 X167.346 Y100.477 E142.46075
G1 F6082.9 X167.625 Y100.777 E142.47479
G1 F6000 X167.712 Y101.072 E142.48548
G1 X167.71 Y102.958 E142.55103
G1 F2400 E142.05103
G0 F11100 X167.026 Y103.611
G1 F2400 E142.55103
G1 F7542.9 X166.249 Y103.616 E142.57251
G1 F2400 E142.07251
G0 F11100 X136.615 Y103.612
G1 F2400 E142.57251
G1 F6000 X136.748 Y103.568 E142.57738
G1 X164.458 Y103.568 E143.5405
G1 F6041.2 X165.181 Y103.571 E143.56545
G1 F6125.3 X165.904 Y103.574 E143.59007
G1 F6821.7 X166.249 Y103.616 E143.60069
G1 X166.176 Y103.558 E143.60354
M204 S7000
G1 F10232.6 X166.14 Y103.529 E143.60496
M204 S4000
G1 F6821.7 X166.034 Y103.444 E143.60911
G1 F6125.3 X166.031 Y102.721 E143.63373
G1 F6041.2 X166.028 Y101.998 E143.65868
G1 F6069 X166.032 Y101.275 E143.68353
G1 F6197.2 X166.037 Y100.552 E143.70786
G1 F6875 X166.14 Y100.455 E143.71215
M204 S7000
G1 F10312.5 X166.154 Y100.442 E143.71273
M204 S4000
G1 F6875 X166.219 Y100.381 E143.71543
G1 X165.904 Y100.419 E143.72506
G1 F6197.2 X165.181 Y100.423 E143.74939
G1 F6069 X164.458 Y100.428 E143.77423
G1 F6000 X136.748 Y100.428 E144.73734
G1 X136.615 Y100.384 E144.74221
G1 X136.531 Y100.246 E144.74783
G1 X136.528 Y98.876 E144.79544
G1 X135.468 Y98.876 E144.83229
G1 X135.468 Y105.12 E145.04931
G1 X136.528 Y105.12 E145.08615
G1 X136.528 Y103.788 E145.13245
G1 X136.615 Y103.612 E145.13927
G0 F11100 X136.748 Y103.128
;TYPE:WALL-INNER
G1 F6750 X165.588 Y103.128 E146.14166
G1 X165.588 Y100.868 E146.22021
G1 X136.748 Y100.868 E147.2226
G1 X136.351 Y100.736 E147.23714
G1 F5541 X136.003 Y100.338 E147.25952
G1 X135.908 Y100.958 E147.28608
G1 F6750 X135.908 Y103.038 E147.35837
G1 F5603.8 X135.998 Y103.788 E147.39
G1 X136.351 Y103.26 E147.41659
G1 F6750 X136.748 Y103.128 E147.43113
G1 F2400 E146.93113
G0 F11100 X135.998 Y103.788
G1 F2400 E147.43113
G1 F4790.3 X135.998 Y104.59 E147.47041
G1 F2400 E146.97041
G0 F11100 X136.003 Y100.338
G1 F2400 E147.47041
G1 F4744.4 X135.998 Y99.406 E147.5165
G1 F2400 E147.0165
G0 F11100 X168.101 Y100.855
G1 F2400 E147.5165
G1 F7519 X168.12 Y101.072 E147.52329
G1 F7857.1 X168.118 Y102.051 E147.55253
G1 F7774.9 X168.116 Y103.03 E147.58207
G1 F7443.6 X168.101 Y103.141 E147.5856
G1 F2400 E147.0856
G0 F11100 X136.756 Y102.732
;TYPE:SKIN
G1 F2400 E147.5856
G1 F6000 X165.192 Y102.732 E148.57394
G1 X165.192 Y101.264 E148.62497
G1 X136.717 Y101.264 E149.61467
G1 X136.301 Y101.122 E149.62994
G1 X136.304 Y102.869 E149.69066
G1 X136.756 Y102.732 E149.70708
G1 F2400 E149.20708
G0 F11100 X136.839 Y101.484
G1 F2400 E149.70708
G1 F6000 X136.523 Y101.8 E149.72261
G0 F11100 X136.526 Y102.419
G1 F6000 X137.462 Y101.484 E149.7686
G0 F11100 X138.084 Y101.484
G1 F6000 X137.056 Y102.512 E149.81913
G0 F11100 X137.678 Y102.512
G1 F6000 X138.706 Y101.484 E149.86966
G0 F11100 X139.328 Y101.484
G1 F6000 X138.3 Y102.512 E149.92019
G0 F11100 X138.922 Y102.512
G1 F6000 X139.951 Y101.484 E149.97074
G0 F11100 X140.573 Y101.484
G1 F6000 X139.545 Y102.512 E150.02127
G0 F11100 X140.167 Y102.512
G1 F6000 X141.195 Y101.484 E150.0718
G0 F11100 X141.817 Y101.484
G1 F6000 X140.789 Y102.512 E150.12233
G0 F11100 X141.411 Y102.512
G1 F6000 X142.44 Y101.484 E150.17288
G0 F11100 X143.062 Y101.484
G1 F6000 X142.034 Y102.512 E150.22341
G0 F11100 X142.656 Y102.512
G1 F6000 X143.684 Y101.484 E150.27394
G0 F11100 X144.306 Y101.484
G1 F6000 X143.278 Y102.512 E150.32447
G0 F11100 X143.9 Y102.512
G1 F6000 X144.929 Y101.484 E150.37503
G0 F11100 X145.551 Y101.484
G1 F6000 X144.523 Y102.512 E150.42556
G0 F11100 X145.145 Y102.512
G1 F6000 X146.173 Y101.484 E150.47609
G0 F11100 X146.795 Y101.484
G1 F6000 X145.767 Y102.512 E150.52662
G0 F11100 X146.389 Y102.512
G1 F6000 X147.418 Y101.484 E150.57717
G0 F11100 X148.04 Y101.484
G1 F6000 X147.012 Y102.512 E150.6277
G0 F11100 X147.634 Y102.512
G1 F6000 X148.662 Y101.484 E150.67823
G0 F11100 X149.284 Y101.484
G1 F6000 X148.256 Y102.512 E150.72876
G0 F11100 X148.879 Y102.512
G1 F6000 X149.907 Y101.484 E150.77929
G0 F11100 X150.529 Y101.484
G1 F6000 X149.501 Y102.512 E150.82982
G0 F11100 X150.123 Y102.512
G1 F6000 X151.151 Y101.484 E150.88035
G0 F11100 X151.773 Y101.484
G1 F6000 X150.745 Y102.512 E150.93088
G0 F11100 X151.368 Y102.512
G1 F6000 X152.396 Y101.484 E150.98141
G0 F11100 X153.018 Y101.484
G1 F6000 X151.99 Y102.512 E151.03194
G0 F11100 X152.612 Y102.512
G1 F6000 X153.64 Y101.484 E151.08247
G0 F11100 X154.262 Y101.484
G1 F6000 X153.234 Y102.512 E151.133
G0 F11100 X153.857 Y102.512
G1 F6000 X154.885 Y101.484 E151.18353
G0 F11100 X155.507 Y101.484
G1 F6000 X154.479 Y102.512 E151.23406
G0 F11100 X155.101 Y102.512
G1 F6000 X156.129 Y101.484 E151.28459
G0 F11100 X156.751 Y101.484
G1 F6000 X155.723 Y102.512 E151.33512
G0 F11100 X156.346 Y102.512
G1 F6000 X157.374 Y101.484 E151.38565
G0 F11100 X157.996 Y101.484
G1 F6000 X156.968 Y102.512 E151.43618
G0 F11100 X157.59 Y102.512
G1 F6000 X158.618 Y101.484 E151.48671
G0 F11100 X159.24 Y101.484
G1 F6000 X158.212 Y102.512 E151.53724
G0 F11100 X158.835 Y102.512
G1 F6000 X159.863 Y101.484 E151.58777
G0 F11100 X160.485 Y101.484
G1 F6000 X159.457 Y102.512 E151.6383
G0 F11100 X160.079 Y102.512
G1 F6000 X161.107 Y101.484 E151.68883
G0 F11100 X161.729 Y101.484
G1 F6000 X160.701 Y102.512 E151.73936
G0 F11100 X161.324 Y102.512
G1 F6000 X162.352 Y101.484 E151.78989
G0 F11100 X162.974 Y101.484
G1 F6000 X161.946 Y102.512 E151.84042
G0 F11100 X162.568 Y102.512
G1 F6000 X163.596 Y101.484 E151.89095
G0 F11100 X164.218 Y101.484
G1 F6000 X163.19 Y102.512 E151.94148
G0 F11100 X163.813 Y102.512
G1 F6000 X164.841 Y101.484 E151.99201
G0 F11100 X164.972 Y101.975
G1 F6000 X164.435 Y102.512 E152.01841
G1 F2400 E151.51841
;MESH:Pin 5mm - AKM.STL(1)
G0 F11100 X166.219 Y110.381
;TYPE:WALL-OUTER
G1 F2400 E152.01841
G1 F7608.1 X166.973 Y110.382 E152.03907
G1 F2400 E151.53907
G0 F11100 X167.71 Y112.958
G1 F2400 E152.03907
G1 F6000 X167.63 Y113.212 E152.04833
G1 X167.447 Y113.451 E152.05879
G1 F6315.8 X167.239 Y113.565 E152.06662
G1 F7040 X167.026 Y113.611 E152.07308
G1 X167.246 Y113.59 E152.07962
G1 F6315.8 X167.483 Y113.568 E152.08748
G1 F6000 X168.528 Y113.568 E152.1238
G1 X168.528 Y110.428 E152.23294
G1 F6041.2 X167.423 Y110.429 E152.27109
G1 F6633.2 X167.041 Y110.389 E152.28316
G1 F7436.6 X166.973 Y110.382 E152.28508
G1 X167.041 Y110.389 E152.287
G1 F6683.5 X167.346 Y110.477 E152.2969
G1 F6082.9 X167.625 Y110.777 E152.31095
G1 F6000 X167.712 Y111.072 E152.32164
G1 X167.71 Y112.958 E152.38719
G1 F2400 E151.88719
G0 F11100 X167.026 Y113.611
G1 F2400 E152.38719
G1 F7542.9 X166.249 Y113.616 E152.40867
G1 F2400 E151.90867
G0 F11100 X136.615 Y113.612
G1 F2400 E152.40867
G1 F6000 X136.748 Y113.568 E152.41354
G1 X164.458 Y113.568 E153.37665
G1 F6041.2 X165.181 Y113.571 E153.40161
G1 F6125.3 X165.904 Y113.574 E153.42622
G1 F6821.7 X166.249 Y113.616 E153.43685
G1 X166.176 Y113.558 E153.4397
M204 S7000
G1 F10232.6 X166.14 Y113.529 E153.44111
M204 S4000
G1 F6821.7 X166.034 Y113.444 E153.44527
G1 F6125.3 X166.031 Y112.721 E153.46988
G1 F6041.2 X166.028 Y111.998 E153.49484
G1 F6069 X166.032 Y111.275 E153.51968
G1 F6197.2 X166.037 Y110.552 E153.54401
G1 F6875 X166.14 Y110.455 E153.5483
M204 S7000
G1 F10312.5 X166.154 Y110.442 E153.54888
M204 S4000
G1 F6875 X166.219 Y110.381 E153.55159
G1 X165.904 Y110.419 E153.56121
G1 F6197.2 X165.181 Y110.423 E153.58554
G1 F6069 X164.458 Y110.428 E153.61039
G1 F6000 X136.748 Y110.428 E154.5735
G1 X136.615 Y110.384 E154.57837
G1 X136.531 Y110.246 E154.58398
G1 X136.528 Y108.876 E154.6316
G1 X135.468 Y108.876 E154.66844
G1 X135.468 Y115.12 E154.88546
G1 X136.528 Y115.12 E154.92231
G1 X136.528 Y113.788 E154.9686
G1 X136.615 Y113.612 E154.97543
G0 F11100 X136.748 Y113.128
;TYPE:WALL-INNER
G1 F6750 X165.588 Y113.128 E155.97781
G1 X165.588 Y110.868 E156.05636
G1 X136.748 Y110.868 E157.05875
G1 X136.351 Y110.736 E157.07329
G1 F5541 X136.003 Y110.338 E157.09568
G1 X135.908 Y110.958 E157.12223
G1 F6750 X135.908 Y113.038 E157.19453
G1 F5603.8 X135.998 Y113.788 E157.22615
G1 X136.351 Y113.26 E157.25274
G1 F6750 X136.748 Y113.128 E157.26729
G1 F2400 E156.76729
G0 F11100 X135.998 Y113.788
G1 F2400 E157.26729
G1 F4790.3 X135.998 Y114.59 E157.30656
G1 F2400 E156.80656
G0 F11100 X136.003 Y110.338
G1 F2400 E157.30656
G1 F4744.4 X135.998 Y109.406 E157.35265
G1 F2400 E156.85265
G0 F11100 X168.101 Y110.855
G1 F2400 E157.35265
G1 F7519 X168.12 Y111.072 E157.35945
G1 F7857.1 X168.118 Y112.051 E157.38868
G1 F7774.9 X168.116 Y113.03 E157.41822
G1 F7443.6 X168.101 Y113.141 E157.42175
G1 F2400 E156.92175
G0 F11100 X136.756 Y112.732
;TYPE:SKIN
G1 F2400 E157.42175
G1 F6000 X165.192 Y112.732 E158.4101
G1 X165.192 Y111.264 E158.46112
G1 X136.717 Y111.264 E159.45082
G1 X136.301 Y111.122 E159.4661
G1 X136.304 Y112.869 E159.52682
G1 X136.756 Y112.732 E159.54324
G1 F2400 E159.04324
G0 F11100 X136.795 Y111.484
G1 F2400 E159.54324
G1 F6000 X136.523 Y111.757 E159.55663
G0 F11100 X136.525 Y112.376
G1 F6000 X137.418 Y111.484 E159.6005
G0 F11100 X138.04 Y111.484
G1 F6000 X137.012 Y112.512 E159.65103
G0 F11100 X137.634 Y112.512
G1 F6000 X138.662 Y111.484 E159.70156
G0 F11100 X139.284 Y111.484
G1 F6000 X138.256 Y112.512 E159.75209
G0 F11100 X138.879 Y112.512
G1 F6000 X139.907 Y111.484 E159.80262
G0 F11100 X140.529 Y111.484
G1 F6000 X139.501 Y112.512 E159.85315
G0 F11100 X140.123 Y112.512
G1 F6000 X141.151 Y111.484 E159.90368
G0 F11100 X141.773 Y111.484
G1 F6000 X140.745 Y112.512 E159.95421
G0 F11100 X141.368 Y112.512
G1 F6000 X142.396 Y111.484 E160.00474
G0 F11100 X143.018 Y111.484
G1 F6000 X141.99 Y112.512 E160.05527
G0 F11100 X142.612 Y112.512
G1 F6000 X143.64 Y111.484 E160.1058
G0 F11100 X144.263 Y111.484
G1 F6000 X143.234 Y112.512 E160.15635
G0 F11100 X143.857 Y112.512
G1 F6000 X144.885 Y111.484 E160.20688
G0 F11100 X145.507 Y111.484
G1 F6000 X144.479 Y112.512 E160.25741
G0 F11100 X145.101 Y112.512
G1 F6000 X146.129 Y111.484 E160.30794
G0 F11100 X146.752 Y111.484
G1 F6000 X145.723 Y112.512 E160.3585
G0 F11100 X146.346 Y112.512
G1 F6000 X147.374 Y111.484 E160.40903
G0 F11100 X147.996 Y111.484
G1 F6000 X146.968 Y112.512 E160.45956
G0 F11100 X147.59 Y112.512
G1 F6000 X148.618 Y111.484 E160.51009
G0 F11100 X149.241 Y111.484
G1 F6000 X148.212 Y112.512 E160.56064
G0 F11100 X148.835 Y112.512
G1 F6000 X149.863 Y111.484 E160.61117
G0 F11100 X150.485 Y111.484
G1 F6000 X149.457 Y112.512 E160.6617
G0 F11100 X150.079 Y112.512
G1 F6000 X151.107 Y111.484 E160.71223
G0 F11100 X151.73 Y111.484
G1 F6000 X150.701 Y112.512 E160.76279
G0 F11100 X151.324 Y112.512
G1 F6000 X152.352 Y111.484 E160.81332
G0 F11100 X152.974 Y111.484
G1 F6000 X151.946 Y112.512 E160.86385
G0 F11100 X152.568 Y112.512
G1 F6000 X153.596 Y111.484 E160.91438
G0 F11100 X154.219 Y111.484
G1 F6000 X153.19 Y112.512 E160.96493
G0 F11100 X153.813 Y112.512
G1 F6000 X154.841 Y111.484 E161.01546
G0 F11100 X155.463 Y111.484
G1 F6000 X154.435 Y112.512 E161.06599
G0 F11100 X155.057 Y112.512
G1 F6000 X156.085 Y111.484 E161.11652
G0 F11100 X156.708 Y111.484
G1 F6000 X155.679 Y112.512 E161.16707
G0 F11100 X156.302 Y112.512
G1 F6000 X157.33 Y111.484 E161.2176
G0 F11100 X157.952 Y111.484
G1 F6000 X156.924 Y112.512 E161.26813
G0 F11100 X157.546 Y112.512
G1 F6000 X158.574 Y111.484 E161.31866
G0 F11100 X159.197 Y111.484
G1 F6000 X158.168 Y112.512 E161.36922
G0 F11100 X158.791 Y112.512
G1 F6000 X159.819 Y111.484 E161.41975
G0 F11100 X160.441 Y111.484
G1 F6000 X159.413 Y112.512 E161.47028
G0 F11100 X160.035 Y112.512
G1 F6000 X161.063 Y111.484 E161.52081
G0 F11100 X161.686 Y111.484
G1 F6000 X160.657 Y112.512 E161.57136
G0 F11100 X161.28 Y112.512
G1 F6000 X162.308 Y111.484 E161.62189
G0 F11100 X162.93 Y111.484
G1 F6000 X161.902 Y112.512 E161.67242
G0 F11100 X162.524 Y112.512
G1 F6000 X163.552 Y111.484 E161.72295
G0 F11100 X164.175 Y111.484
G1 F6000 X163.147 Y112.512 E161.77348
G0 F11100 X163.769 Y112.512
G1 F6000 X164.797 Y111.484 E161.82401
G0 F11100 X164.972 Y111.931
G1 F6000 X164.391 Y112.512 E161.85257
G1 F2400 E161.35257
;MESH:Pin 5mm - AKM.STL(7)
G0 F11100 X166.219 Y120.381
;TYPE:WALL-OUTER
G1 F2400 E161.85257
G1 F7608.1 X166.973 Y120.382 E161.87324
G1 F2400 E161.37324
G0 F11100 X167.71 Y122.958
G1 F2400 E161.87324
G1 F6000 X167.63 Y123.212 E161.88249
G1 X167.447 Y123.451 E161.89296
G1 F6315.8 X167.239 Y123.565 E161.90079
G1 F7040 X167.026 Y123.611 E161.90724
G1 X167.246 Y123.59 E161.91379
G1 F6315.8 X167.483 Y123.568 E161.92165
G1 F6000 X168.528 Y123.568 E161.95797
G1 X168.528 Y120.428 E162.06711
G1 F6041.2 X167.423 Y120.429 E162.10525
G1 F6633.2 X167.041 Y120.389 E162.11733
G1 F7436.6 X166.973 Y120.382 E162.11924
G1 X167.041 Y120.389 E162.12116
G1 F6683.5 X167.346 Y120.477 E162.13106
G1 F6082.9 X167.625 Y120.777 E162.14511
G1 F6000 X167.712 Y121.072 E162.1558
G1 X167.71 Y122.958 E162.22135
G1 F2400 E161.72135
G0 F11100 X167.026 Y123.611
G1 F2400 E162.22135
G1 F7542.9 X166.249 Y123.616 E162.24283
G1 F2400 E161.74283
G0 F11100 X136.615 Y123.612
G1 F2400 E162.24283
G1 F6000 X136.748 Y123.568 E162.2477
G1 X164.458 Y123.568 E163.21081
G1 F6041.2 X165.181 Y123.571 E163.23577
G1 F6125.3 X165.904 Y123.574 E163.26039
G1 F6821.7 X166.249 Y123.616 E163.27101
G1 X166.176 Y123.558 E163.27386
M204 S7000
G1 F10232.6 X166.14 Y123.529 E163.27528
M204 S4000
G1 F6821.7 X166.034 Y123.444 E163.27943
G1 F6125.3 X166.031 Y122.721 E163.30405
G1 F6041.2 X166.028 Y121.998 E163.329
G1 F6069 X166.032 Y121.275 E163.35385
G1 F6197.2 X166.037 Y120.552 E163.37818
G1 F6875 X166.14 Y120.455 E163.38247
M204 S7000
G1 F10312.5 X166.154 Y120.442 E163.38305
M204 S4000
G1 F6875 X166.219 Y120.381 E163.38575
G1 X165.904 Y120.419 E163.39538
G1 F6197.2 X165.181 Y120.423 E163.41971
G1 F6069 X164.458 Y120.428 E163.44455
G1 F6000 X136.748 Y120.428 E164.40766
G1 X136.615 Y120.384 E164.41253
G1 X136.531 Y120.246 E164.41815
G1 X136.528 Y118.876 E164.46576
G1 X135.468 Y118.876 E164.50261
G1 X135.468 Y125.12 E164.71963
G1 X136.528 Y125.12 E164.75647
G1 X136.528 Y123.788 E164.80277
G1 X136.615 Y123.612 E164.80959
G0 F11100 X136.748 Y123.128
;TYPE:WALL-INNER
G1 F6750 X165.588 Y123.128 E165.81198
G1 X165.588 Y120.868 E165.89053
G1 X136.748 Y120.868 E166.89292
G1 X136.351 Y120.736 E166.90746
G1 F5541 X136.003 Y120.338 E166.92984
G1 X135.908 Y120.958 E166.9564
G1 F6750 X135.908 Y123.038 E167.02869
G1 F5603.8 X135.998 Y123.788 E167.06032
G1 X136.351 Y123.26 E167.08691
G1 F6750 X136.748 Y123.128 E167.10145
G1 F2400 E166.60145
G0 F11100 X135.998 Y123.788
G1 F2400 E167.10145
G1 F4790.3 X135.998 Y124.59 E167.14073
G1 F2400 E166.64073
G0 F11100 X136.003 Y120.338
G1 F2400 E167.14073
G1 F4744.4 X135.998 Y119.406 E167.18682
G1 F2400 E166.68682
G0 F11100 X168.101 Y120.855
G1 F2400 E167.18682
G1 F7519 X168.12 Y121.072 E167.19361
G1 F7857.1 X168.118 Y122.051 E167.22284
G1 F7774.9 X168.116 Y123.03 E167.25239
G1 F7443.6 X168.101 Y123.141 E167.25592
G1 F2400 E166.75592
G0 F11100 X136.756 Y122.732
;TYPE:SKIN
G1 F2400 E167.25592
G1 F6000 X165.192 Y122.732 E168.24426
G1 X165.192 Y121.264 E168.29528
G1 X136.717 Y121.264 E169.28499
G1 X136.301 Y121.122 E169.30026
G1 X136.304 Y122.869 E169.36098
G1 X136.756 Y122.732 E169.3774
G1 F2400 E168.8774
G0 F11100 X136.752 Y121.484
G1 F2400 E169.3774
G1 F6000 X136.523 Y121.713 E169.38866
G0 F11100 X136.525 Y122.332
G1 F6000 X137.374 Y121.484 E169.43036
G0 F11100 X137.996 Y121.484
G1 F6000 X136.967 Y122.513 E169.48094
G0 F11100 X137.59 Y122.513
G1 F6000 X138.618 Y121.484 E169.5315
G0 F11100 X139.241 Y121.484
G1 F6000 X138.212 Y122.513 E169.58208
G0 F11100 X138.834 Y122.513
G1 F6000 X139.863 Y121.484 E169.63265
G0 F11100 X140.485 Y121.484
G1 F6000 X139.456 Y122.513 E169.68323
G0 F11100 X140.079 Y122.513
G1 F6000 X141.107 Y121.484 E169.73379
G0 F11100 X141.73 Y121.484
G1 F6000 X140.701 Y122.513 E169.78437
G0 F11100 X141.323 Y122.513
G1 F6000 X142.352 Y121.484 E169.83495
G0 F11100 X142.974 Y121.484
G1 F6000 X141.945 Y122.513 E169.88553
G0 F11100 X142.568 Y122.513
G1 F6000 X143.596 Y121.484 E169.93608
G0 F11100 X144.219 Y121.484
G1 F6000 X143.19 Y122.513 E169.98666
G0 F11100 X143.812 Y122.513
G1 F6000 X144.841 Y121.484 E170.03724
G0 F11100 X145.463 Y121.484
G1 F6000 X144.434 Y122.513 E170.08782
G0 F11100 X145.057 Y122.513
G1 F6000 X146.085 Y121.484 E170.13837
G0 F11100 X146.708 Y121.484
G1 F6000 X145.679 Y122.513 E170.18895
G0 F11100 X146.301 Y122.513
G1 F6000 X147.33 Y121.484 E170.23953
G0 F11100 X147.952 Y121.484
G1 F6000 X146.923 Y122.513 E170.29011
G0 F11100 X147.546 Y122.513
G1 F6000 X148.574 Y121.484 E170.34066
G0 F11100 X149.197 Y121.484
G1 F6000 X148.168 Y122.513 E170.39124
G0 F11100 X148.79 Y122.513
G1 F6000 X149.819 Y121.484 E170.44182
G0 F11100 X150.441 Y121.484
G1 F6000 X149.412 Y122.513 E170.4924
G0 F11100 X150.035 Y122.513
G1 F6000 X151.063 Y121.484 E170.54295
G0 F11100 X151.686 Y121.484
G1 F6000 X150.657 Y122.513 E170.59353
G0 F11100 X151.279 Y122.513
G1 F6000 X152.308 Y121.484 E170.64411
G0 F11100 X152.93 Y121.484
G1 F6000 X151.901 Y122.513 E170.69469
G0 F11100 X152.524 Y122.513
G1 F6000 X153.552 Y121.484 E170.74525
G0 F11100 X154.175 Y121.484
G1 F6000 X153.146 Y122.513 E170.79583
G0 F11100 X153.768 Y122.513
G1 F6000 X154.797 Y121.484 E170.8464
G0 F11100 X155.419 Y121.484
G1 F6000 X154.39 Y122.513 E170.89698
G0 F11100 X155.013 Y122.513
G1 F6000 X156.041 Y121.484 E170.94754
G0 F11100 X156.664 Y121.484
G1 F6000 X155.635 Y122.513 E170.99812
G0 F11100 X156.257 Y122.513
G1 F6000 X157.286 Y121.484 E171.0487
G0 F11100 X157.908 Y121.484
G1 F6000 X156.879 Y122.513 E171.09928
G0 F11100 X157.502 Y122.513
G1 F6000 X158.531 Y121.484 E171.14985
G0 F11100 X159.153 Y121.484
G1 F6000 X158.124 Y122.513 E171.20043
G0 F11100 X158.746 Y122.513
G1 F6000 X159.775 Y121.484 E171.25101
G0 F11100 X160.397 Y121.484
G1 F6000 X159.368 Y122.513 E171.30159
G0 F11100 X159.991 Y122.513
G1 F6000 X161.02 Y121.484 E171.35217
G0 F11100 X161.642 Y121.484
G1 F6000 X160.613 Y122.513 E171.40275
G0 F11100 X161.235 Y122.513
G1 F6000 X162.264 Y121.484 E171.45333
G0 F11100 X162.886 Y121.484
G1 F6000 X161.857 Y122.513 E171.50391
G0 F11100 X162.48 Y122.513
G1 F6000 X163.509 Y121.484 E171.55449
G0 F11100 X164.131 Y121.484
G1 F6000 X163.102 Y122.513 E171.60507
G0 F11100 X163.724 Y122.513
G1 F6000 X164.753 Y121.484 E171.65564
G0 F11100 X164.972 Y121.887
G1 F6000 X164.346 Y122.513 E171.68641
G1 X164.269 Y122.59
G1 F2400 E171.18641
;MESH:Pin 5mm - AKM.STL(6)
G0 F11100 X176.615 Y103.612
;TYPE:WALL-OUTER
G1 F2400 E171.68641
G1 F6000 X176.748 Y103.568 E171.69128
G1 X204.458 Y103.568 E172.6544
G1 F6041.2 X205.181 Y103.571 E172.67935
G1 F6125.3 X205.904 Y103.574 E172.70397
G1 F6821.7 X206.249 Y103.616 E172.71459
G1 X206.176 Y103.558 E172.71744
M204 S7000
G1 F10232.6 X206.14 Y103.529 E172.71886
M204 S4000
G1 F6821.7 X206.034 Y103.444 E172.72301
G1 F6125.3 X206.031 Y102.721 E172.74763
G1 F6041.2 X206.028 Y101.998 E172.77258
G1 F6069 X206.032 Y101.275 E172.79743
G1 F6197.2 X206.037 Y100.552 E172.82176
G1 F6875 X206.14 Y100.455 E172.82605
M204 S7000
G1 F10312.5 X206.154 Y100.442 E172.82663
M204 S4000
G1 F6875 X206.219 Y100.381 E172.82933
G1 X205.904 Y100.419 E172.83896
G1 F6197.2 X205.181 Y100.423 E172.86329
G1 F6069 X204.458 Y100.428 E172.88813
G1 F6000 X176.748 Y100.428 E173.85124
G1 X176.615 Y100.384 E173.85611
G1 X176.531 Y100.246 E173.86173
G1 X176.528 Y98.876 E173.90935
G1 X175.468 Y98.876 E173.94619
G1 X175.468 Y105.12 E174.16321
G1 X176.528 Y105.12 E174.20005
G1 X176.528 Y103.788 E174.24635
G1 X176.615 Y103.612 E174.25317
G1 F2400 E173.75317
G0 F11100 X206.249 Y103.616
G1 F2400 E174.25317
G1 F7542.9 X207.026 Y103.611 E174.27465
G1 F2400 E173.77465
G0 F11100 X207.71 Y102.958
G1 F2400 E174.27465
G1 F6000 X207.63 Y103.212 E174.28391
G1 X207.447 Y103.451 E174.29437
G1 F6315.8 X207.239 Y103.565 E174.3022
G1 F7040 X207.026 Y103.611 E174.30866
G1 X207.246 Y103.59 E174.31521
G1 F6315.8 X207.483 Y103.568 E174.32307
G1 F6000 X208.528 Y103.568 E174.35939
G1 X208.528 Y100.428 E174.46852
G1 F6041.2 X207.423 Y100.429 E174.50667
G1 F6633.2 X207.041 Y100.389 E174.51874
G1 F7436.6 X206.973 Y100.382 E174.52066
G1 X207.041 Y100.389 E174.52258
G1 F6683.5 X207.346 Y100.477 E174.53248
G1 F6082.9 X207.625 Y100.777 E174.54653
G1 F6000 X207.712 Y101.072 E174.55722
G1 X207.71 Y102.958 E174.62277
G1 F2400 E174.12277
G0 F11100 X206.973 Y100.382
G1 F2400 E174.62277
G1 F7608.1 X206.219 Y100.381 E174.64344
G1 F2400 E174.14344
G0 F11100 X208.101 Y100.855
;TYPE:WALL-INNER
G1 F2400 E174.64344
G1 F7519 X208.12 Y101.072 E174.65023
G1 F7857.1 X208.118 Y102.051 E174.67946
G1 F7774.9 X208.116 Y103.03 E174.70901
G1 F7443.6 X208.101 Y103.141 E174.71254
G1 F2400 E174.21254
G0 F11100 X176.748 Y103.128
G1 F2400 E174.71254
G1 F6750 X205.588 Y103.128 E175.71492
G1 X205.588 Y100.868 E175.79347
G1 X176.748 Y100.868 E176.79586
G1 X176.351 Y100.736 E176.8104
G1 F5541 X176.003 Y100.338 E176.83279
G1 X175.908 Y100.958 E176.85934
G1 F6750 X175.908 Y103.038 E176.93164
G1 F5603.8 X175.998 Y103.788 E176.96326
G1 X176.351 Y103.26 E176.98985
G1 F6750 X176.748 Y103.128 E177.0044
G1 F2400 E176.5044
G0 F11100 X175.998 Y103.788
G1 F2400 E177.0044
G1 F4790.3 X175.998 Y104.59 E177.04367
G1 F2400 E176.54367
G0 F11100 X176.003 Y100.338
G1 F2400 E177.04367
G1 F4744.4 X175.998 Y99.406 E177.08976
G1 F2400 E176.58976
G0 F11100 X176.756 Y102.732
;TYPE:SKIN
G1 F2400 E177.08976
G1 F6000 X205.192 Y102.732 E178.07811
G1 X205.192 Y101.264 E178.12913
G1 X176.717 Y101.264 E179.11883
G1 X176.301 Y101.122 E179.13411
G1 X176.304 Y102.869 E179.19483
G1 X176.756 Y102.732 E179.21124
G1 F2400 E178.71124
G0 F11100 X176.664 Y101.484
G1 F2400 E179.21124
G1 F6000 X176.522 Y101.625 E179.2182
G0 F11100 X176.525 Y102.245
G1 F6000 X177.286 Y101.484 E179.25561
G0 F11100 X177.908 Y101.484
G1 F6000 X176.88 Y102.512 E179.30614
G0 F11100 X177.502 Y102.512
G1 F6000 X178.53 Y101.484 E179.35667
G0 F11100 X179.153 Y101.484
G1 F6000 X178.124 Y102.512 E179.40722
G0 F11100 X178.747 Y102.512
G1 F6000 X179.775 Y101.484 E179.45775
G0 F11100 X180.397 Y101.484
G1 F6000 X179.369 Y102.512 E179.50828
G0 F11100 X179.991 Y102.512
G1 F6000 X181.019 Y101.484 E179.55881
G0 F11100 X181.642 Y101.484
G1 F6000 X180.613 Y102.512 E179.60936
G0 F11100 X181.236 Y102.512
G1 F6000 X182.264 Y101.484 E179.65989
G0 F11100 X182.886 Y101.484
G1 F6000 X181.858 Y102.512 E179.71042
G0 F11100 X182.48 Y102.512
G1 F6000 X183.508 Y101.484 E179.76095
G0 F11100 X184.131 Y101.484
G1 F6000 X183.102 Y102.512 E179.81151
G0 F11100 X183.725 Y102.512
G1 F6000 X184.753 Y101.484 E179.86204
G0 F11100 X185.375 Y101.484
G1 F6000 X184.347 Y102.512 E179.91257
G0 F11100 X184.969 Y102.512
G1 F6000 X185.997 Y101.484 E179.9631
G0 F11100 X186.62 Y101.484
G1 F6000 X185.591 Y102.512 E180.01365
G0 F11100 X186.214 Y102.512
G1 F6000 X187.242 Y101.484 E180.06418
G0 F11100 X187.864 Y101.484
G1 F6000 X186.836 Y102.512 E180.11471
G0 F11100 X187.458 Y102.512
G1 F6000 X188.486 Y101.484 E180.16524
G0 F11100 X189.109 Y101.484
G1 F6000 X188.081 Y102.512 E180.21577
G0 F11100 X188.703 Y102.512
G1 F6000 X189.731 Y101.484 E180.2663
G0 F11100 X190.353 Y101.484
G1 F6000 X189.325 Y102.512 E180.31683
G0 F11100 X189.947 Y102.512
G1 F6000 X190.975 Y101.484 E180.36736
G0 F11100 X191.598 Y101.484
G1 F6000 X190.57 Y102.512 E180.41789
G0 F11100 X191.192 Y102.512
G1 F6000 X192.22 Y101.484 E180.46842
G0 F11100 X192.842 Y101.484
G1 F6000 X191.814 Y102.512 E180.51895
G0 F11100 X192.436 Y102.512
G1 F6000 X193.464 Y101.484 E180.56948
G0 F11100 X194.087 Y101.484
G1 F6000 X193.059 Y102.512 E180.62001
G0 F11100 X193.681 Y102.512
G1 F6000 X194.709 Y101.484 E180.67054
G0 F11100 X195.331 Y101.484
G1 F6000 X194.303 Y102.512 E180.72107
G0 F11100 X194.925 Y102.512
G1 F6000 X195.953 Y101.484 E180.7716
G0 F11100 X196.576 Y101.484
G1 F6000 X195.548 Y102.512 E180.82213
G0 F11100 X196.17 Y102.512
G1 F6000 X197.198 Y101.484 E180.87266
G0 F11100 X197.82 Y101.484
G1 F6000 X196.792 Y102.512 E180.92319
G0 F11100 X197.414 Y102.512
G1 F6000 X198.442 Y101.484 E180.97372
G0 F11100 X199.065 Y101.484
G1 F6000 X198.037 Y102.512 E181.02425
G0 F11100 X198.659 Y102.512
G1 F6000 X199.687 Y101.484 E181.07478
G0 F11100 X200.309 Y101.484
G1 F6000 X199.281 Y102.512 E181.12531
G0 F11100 X199.903 Y102.512
G1 F6000 X200.931 Y101.484 E181.17584
G0 F11100 X201.554 Y101.484
G1 F6000 X200.526 Y102.512 E181.22637
G0 F11100 X201.148 Y102.512
G1 F6000 X202.176 Y101.484 E181.2769
G0 F11100 X202.798 Y101.484
G1 F6000 X201.77 Y102.512 E181.32743
G0 F11100 X202.392 Y102.512
G1 F6000 X203.42 Y101.484 E181.37796
G0 F11100 X204.043 Y101.484
G1 F6000 X203.015 Y102.512 E181.42849
G0 F11100 X203.637 Y102.512
G1 F6000 X204.665 Y101.484 E181.47902
G0 F11100 X204.972 Y101.799
G1 F6000 X204.259 Y102.512 E181.51407
G0 F11100 X204.881 Y102.512
G1 F6000 X204.972 Y102.422 E181.51851
G1 F2400 E181.01851
;MESH:NONMESH
G0 F600 X204.972 Y102.422 Z0.6
G0 F11100 X56.615 Y113.78
;TIME_ELAPSED:107.751867
;LAYER:2
M204 S7000
;TYPE:WALL-OUTER
;MESH:Pin 5mm - AKM.STL(4)
G1 F2400 E181.51851
G1 F9000 X56.748 Y113.736 E181.52338
G1 X85.736 Y113.736 E182.53092
G1 F8319.3 X86.03 Y113.715 E182.542
G1 X86.249 Y113.7 E182.55025
G1 X86.03 Y113.446 E182.56286
G1 F9000 X86.028 Y110.552 E182.66345
G1 F8267.2 X86.204 Y110.297 E182.67517
G1 X86.03 Y110.283 E182.68178
G1 X85.736 Y110.26 E182.69294
G1 F9000 X56.748 Y110.26 E183.70047
G1 X56.615 Y110.216 E183.70534
G1 X56.531 Y110.078 E183.71095
G1 X56.528 Y108.78 E183.75607
G1 X55.468 Y108.78 E183.79291
G1 X55.468 Y115.216 E184.0166
G1 X56.528 Y115.216 E184.05344
G1 X56.528 Y113.956 E184.09724
G1 X56.615 Y113.78 E184.10406
G1 F2400 E183.60406
G0 F15000 X86.249 Y113.7
G1 F2400 E184.10406
G1 F7659.6 X87.028 Y113.697 E184.13588
G1 F2400 E183.63588
G0 F15000 X87.71 Y112.958
G1 F2400 E184.13588
G1 F9000 X87.577 Y113.299 E184.1486
G1 X87.361 Y113.519 E184.15931
G1 F8703.3 X87.281 Y113.584 E184.16302
G1 F8000 X87.028 Y113.697 E184.17385
G1 X87.303 Y113.722 E184.18465
G1 F8703.3 X87.324 Y113.724 E184.18541
G1 X87.452 Y113.736 E184.19003
G1 F9000 X88.528 Y113.736 E184.22743
G1 X88.528 Y110.26 E184.34824
G1 X87.436 Y110.26 E184.3862
G1 F8819.6 X87.274 Y110.269 E184.39195
G1 F8461.5 X87.17 Y110.278 E184.39581
G1 F7983.9 X86.946 Y110.298 E184.40462
G1 X87.163 Y110.358 E184.41344
G1 F8461.5 X87.238 Y110.395 E184.41653
G1 F8819.6 X87.248 Y110.402 E184.41697
G1 X87.425 Y110.53 E184.42472
G1 F9000 X87.624 Y110.78 E184.43582
G1 X87.712 Y111.072 E184.44642
G1 X87.71 Y112.958 E184.51197
G1 F2400 E184.01197
G0 F15000 X86.946 Y110.298
G1 F2400 E184.51197
G1 F7659.6 X86.204 Y110.297 E184.54228
G1 F2400 E184.04228
G0 F15000 X88.077 Y110.711
;TYPE:WALL-INNER
G1 F2400 E184.54228
G1 F10572.1 X88.102 Y110.861 E184.54752
G1 F11725.9 X88.12 Y111.072 E184.55412
G1 F12222.2 X88.119 Y111.731 E184.57379
G1 F12062.7 X88.118 Y112.39 E184.59373
G1 F11907.2 X88.116 Y113.049 E184.61393
G1 F10870.6 X88.078 Y113.286 E184.62199
G1 F2400 E184.12199
G0 F15000 X56.748 Y113.296
G1 F2400 E184.62199
G1 F10500 X85.588 Y113.296 E185.62437
G1 X85.588 Y110.7 E185.7146
G1 X56.748 Y110.7 E186.71699
G1 X56.351 Y110.568 E186.73153
G1 F8619.4 X56.003 Y110.17 E186.75392
G1 X55.908 Y110.79 E186.78047
G1 F10500 X55.908 Y113.206 E186.86445
G1 F8717 X55.998 Y113.956 E186.89607
G1 X56.351 Y113.428 E186.92266
G1 F10500 X56.748 Y113.296 E186.9372
G1 F2400 E186.4372
G0 F15000 X55.998 Y113.956
G1 F2400 E186.9372
G1 F7451.6 X55.998 Y114.686 E186.97295
G1 F2400 E186.47295
G0 F15000 X56.003 Y110.17
G1 F2400 E186.97295
G1 F7380.2 X55.998 Y109.31 E187.01548
G1 F2400 E186.51548
G0 F15000 X56.756 Y112.9
;TYPE:SKIN
G1 F2400 E187.01548
G1 F9000 X85.192 Y112.9 E188.00383
G1 X85.192 Y111.096 E188.06653
G1 X56.717 Y111.096 E189.05623
G1 X56.301 Y110.954 E189.07151
G1 X56.304 Y113.037 E189.14391
G1 X56.756 Y112.9 E189.16032
G0 F15000 X56.677 Y112.68
G1 F9000 X56.524 Y112.527 E189.16784
G0 F15000 X56.523 Y111.903
G1 F9000 X57.299 Y112.68 E189.20601
G0 F15000 X57.921 Y112.68
G1 F9000 X56.558 Y111.316 E189.27303
G0 F15000 X57.18 Y111.316
G1 F9000 X58.543 Y112.68 E189.34005
G0 F15000 X59.166 Y112.68
G1 F9000 X57.802 Y111.316 E189.4071
G0 F15000 X58.425 Y111.316
G1 F9000 X59.788 Y112.68 E189.47412
G0 F15000 X60.41 Y112.68
G1 F9000 X59.047 Y111.316 E189.54114
G0 F15000 X59.669 Y111.316
G1 F9000 X61.033 Y112.68 E189.60818
G0 F15000 X61.655 Y112.68
G1 F9000 X60.291 Y111.316 E189.67523
G0 F15000 X60.914 Y111.316
G1 F9000 X62.277 Y112.68 E189.74225
G0 F15000 X62.899 Y112.68
G1 F9000 X61.536 Y111.316 E189.80927
G0 F15000 X62.158 Y111.316
G1 F9000 X63.522 Y112.68 E189.87632
G0 F15000 X64.144 Y112.68
G1 F9000 X62.78 Y111.316 E189.94336
G0 F15000 X63.403 Y111.316
G1 F9000 X64.766 Y112.68 E190.01038
G0 F15000 X65.388 Y112.68
G1 F9000 X64.025 Y111.316 E190.07741
G0 F15000 X64.647 Y111.316
G1 F9000 X66.011 Y112.68 E190.14445
G0 F15000 X66.633 Y112.68
G1 F9000 X65.269 Y111.316 E190.2115
G0 F15000 X65.892 Y111.316
G1 F9000 X67.255 Y112.68 E190.27852
G0 F15000 X67.877 Y112.68
G1 F9000 X66.514 Y111.316 E190.34554
G0 F15000 X67.136 Y111.316
G1 F9000 X68.5 Y112.68 E190.41258
G0 F15000 X69.122 Y112.68
G1 F9000 X67.759 Y111.316 E190.4796
G0 F15000 X68.381 Y111.316
G1 F9000 X69.744 Y112.68 E190.54663
G0 F15000 X70.366 Y112.68
G1 F9000 X69.003 Y111.316 E190.61365
G0 F15000 X69.625 Y111.316
G1 F9000 X70.989 Y112.68 E190.68069
G0 F15000 X71.611 Y112.68
G1 F9000 X70.248 Y111.316 E190.74771
G0 F15000 X70.87 Y111.316
G1 F9000 X72.233 Y112.68 E190.81473
G0 F15000 X72.855 Y112.68
G1 F9000 X71.492 Y111.316 E190.88175
G0 F15000 X72.114 Y111.316
G1 F9000 X73.478 Y112.68 E190.9488
G0 F15000 X74.1 Y112.68
G1 F9000 X72.737 Y111.316 E191.01582
G0 F15000 X73.359 Y111.316
G1 F9000 X74.722 Y112.68 E191.08284
G0 F15000 X75.344 Y112.68
G1 F9000 X73.981 Y111.316 E191.14986
G0 F15000 X74.603 Y111.316
G1 F9000 X75.967 Y112.68 E191.21691
G0 F15000 X76.589 Y112.68
G1 F9000 X75.226 Y111.316 E191.28393
G0 F15000 X75.848 Y111.316
G1 F9000 X77.211 Y112.68 E191.35095
G0 F15000 X77.833 Y112.68
G1 F9000 X76.47 Y111.316 E191.41797
G0 F15000 X77.092 Y111.316
G1 F9000 X78.456 Y112.68 E191.48502
G0 F15000 X79.078 Y112.68
G1 F9000 X77.715 Y111.316 E191.55204
G0 F15000 X78.337 Y111.316
G1 F9000 X79.7 Y112.68 E191.61906
G0 F15000 X80.322 Y112.68
G1 F9000 X78.959 Y111.316 E191.68608
G0 F15000 X79.581 Y111.316
G1 F9000 X80.945 Y112.68 E191.75313
G0 F15000 X81.567 Y112.68
G1 F9000 X80.204 Y111.316 E191.82015
G0 F15000 X80.826 Y111.316
G1 F9000 X82.189 Y112.68 E191.88717
G0 F15000 X82.811 Y112.68
G1 F9000 X81.448 Y111.316 E191.95419
G0 F15000 X82.07 Y111.316
G1 F9000 X83.434 Y112.68 E192.02123
G0 F15000 X84.056 Y112.68
G1 F9000 X82.693 Y111.316 E192.08825
G0 F15000 X83.315 Y111.316
G1 F9000 X84.678 Y112.68 E192.15528
G0 F15000 X84.972 Y112.351
G1 F9000 X83.937 Y111.316 E192.20615
G0 F15000 X84.559 Y111.316
G1 F9000 X84.972 Y111.729 E192.22645
G1 F2400 E191.72645
;MESH:Pin Lock 5mm.STL(2)
G0 F15000 X104.499 Y123.18
;TYPE:WALL-OUTER
G1 F2400 E192.22645
G1 F9000 X109.936 Y123.176 E192.41542
G1 X110.176 Y123.053 E192.4248
G1 X110.276 Y122.877 E192.43183
G1 X110.276 Y121.158 E192.49158
G1 X110.248 Y121.056 E192.49525
G1 X110.112 Y120.891 E192.50269
G1 X109.92 Y120.82 E192.5098
G1 X104.5 Y120.82 E192.69818
G1 F8389.8 X104.251 Y120.644 E192.70955
G1 F7888.4 X104.25 Y120.35 E192.72121
G1 F7920 X103.75 Y120.35 E192.74096
G1 F7888.4 X103.752 Y120.687 E192.75432
G1 F8389.8 X103.72 Y121.6 E192.78838
G1 F9000 X103.72 Y123.68 E192.86068
G1 X104.28 Y123.68 E192.88014
G1 X104.28 Y123.4 E192.88987
G1 X104.499 Y123.18 E192.90066
G0 F15000 X104.499 Y122.74
;TYPE:WALL-INNER
G1 F10500 X109.836 Y122.736 E193.08616
G1 X109.836 Y121.26 E193.13746
G1 X104.5 Y121.26 E193.32293
G1 X104.159 Y120.973 E193.33842
G1 X104.16 Y123.079 E193.41161
G1 X104.499 Y122.74 E193.42828
G1 F2400 E192.92828
G0 F15000 X109.098 Y122.279
;TYPE:SKIN
G1 F2400 E193.42828
G1 F7046.3 X109.379 Y122.279 E193.44075
G1 X109.379 Y121.717 E193.4657
G1 X109.098 Y121.717 E193.47818
G1 X106.858 Y121.717 E193.57762
G1 F7033.7 X104.618 Y121.718 E193.67724
G1 F7021.3 X104.618 Y122.282 E193.70237
G1 F7033.7 X106.858 Y122.281 E193.80198
G1 F7046.3 X109.098 Y122.279 E193.90143
G1 F2400 E193.40143
;MESH:Pin Lock 5mm.STL
G0 F15000 X114.499 Y123.18
;TYPE:WALL-OUTER
G1 F2400 E193.90143
G1 F9000 X119.913 Y123.175 E194.0896
G1 X120.083 Y123.12 E194.09581
G1 X120.204 Y123.012 E194.10145
G1 X120.276 Y122.82 E194.10858
G1 X120.276 Y121.179 E194.16561
G1 X120.18 Y120.959 E194.17395
G1 X119.976 Y120.82 E194.18253
G1 X114.5 Y120.82 E194.37286
G1 F8389.8 X114.251 Y120.644 E194.38423
G1 F7888.4 X114.25 Y120.35 E194.39589
G1 F7920 X113.75 Y120.35 E194.41564
G1 F7888.4 X113.752 Y120.687 E194.429
G1 F8389.8 X113.72 Y121.6 E194.46306
G1 F9000 X113.72 Y123.68 E194.53536
G1 X114.28 Y123.68 E194.55482
G1 X114.28 Y123.4 E194.56455
G1 X114.499 Y123.18 E194.57534
G0 F15000 X114.499 Y122.74
;TYPE:WALL-INNER
G1 F10500 X119.836 Y122.736 E194.76084
G1 X119.831 Y121.26 E194.81214
G1 X114.5 Y121.26 E194.99743
G1 X114.159 Y120.973 E195.01292
G1 X114.16 Y123.079 E195.08612
G1 X114.499 Y122.74 E195.10278
G1 F2400 E194.60278
G0 F15000 X119.098 Y122.279
;TYPE:SKIN
G1 F2400 E195.10278
G1 F7046.3 X119.379 Y122.279 E195.11526
G1 X119.379 Y121.717 E195.14021
G1 X119.098 Y121.717 E195.15268
G1 X116.858 Y121.717 E195.25212
G1 F7033.7 X114.618 Y121.718 E195.35174
G1 F7021.3 X114.618 Y122.282 E195.37687
G1 F7033.7 X116.858 Y122.281 E195.47649
G1 F7046.3 X119.098 Y122.279 E195.57593
G1 F2400 E195.07593
;MESH:Pin Lock 5mm.STL(4)
G0 F15000 X124.499 Y123.18
;TYPE:WALL-OUTER
G1 F2400 E195.57593
G1 F9000 X129.923 Y123.176 E195.76445
G1 X130.176 Y123.053 E195.77423
G1 X130.276 Y122.877 E195.78127
G1 X130.276 Y121.158 E195.84101
G1 X130.248 Y121.057 E195.84466
G1 X130.11 Y120.893 E195.85211
G1 X129.902 Y120.82 E195.85977
G1 X124.5 Y120.82 E196.04752
G1 F8389.8 X124.251 Y120.644 E196.05889
G1 F7888.4 X124.25 Y120.35 E196.07055
G1 F7920 X123.75 Y120.35 E196.0903
G1 F7888.4 X123.752 Y120.687 E196.10366
G1 F8389.8 X123.72 Y121.6 E196.13773
G1 F9000 X123.72 Y123.68 E196.21002
G1 X124.28 Y123.68 E196.22948
G1 X124.28 Y123.4 E196.23922
G1 X124.499 Y123.18 E196.25
G0 F15000 X124.499 Y122.74
;TYPE:WALL-INNER
G1 F10500 X129.836 Y122.736 E196.4355
G1 X129.836 Y121.263 E196.4867
G1 X124.5 Y121.26 E196.67216
G1 X124.159 Y120.973 E196.68765
G1 X124.16 Y123.079 E196.76085
G1 X124.499 Y122.74 E196.77751
G1 F2400 E196.27751
G0 F15000 X129.098 Y122.279
;TYPE:SKIN
G1 F2400 E196.77751
G1 F7046.3 X129.379 Y122.279 E196.78999
G1 X129.379 Y121.717 E196.81494
G1 X129.098 Y121.717 E196.82741
G1 X126.858 Y121.717 E196.92685
G1 F7033.7 X124.618 Y121.718 E197.02647
G1 F7021.3 X124.618 Y122.282 E197.0516
G1 F7033.7 X126.858 Y122.281 E197.15122
G1 F7046.3 X129.098 Y122.279 E197.25066
G1 F2400 E196.75066
;MESH:Pin 5mm - AKM.STL
G0 F15000 X127.028 Y113.697
;TYPE:WALL-OUTER
G1 F2400 E197.25066
G1 F7659.6 X126.249 Y113.7 E197.28248
G1 F2400 E196.78248
G0 F15000 X127.71 Y112.958
G1 F2400 E197.28248
G1 F9000 X127.577 Y113.299 E197.2952
G1 X127.361 Y113.519 E197.30592
G1 F8703.3 X127.281 Y113.584 E197.30962
G1 F8000 X127.028 Y113.697 E197.32045
G1 X127.303 Y113.722 E197.33125
G1 F8703.3 X127.324 Y113.724 E197.33201
G1 X127.452 Y113.736 E197.33663
G1 F9000 X128.528 Y113.736 E197.37403
G1 X128.528 Y110.26 E197.49484
G1 X127.436 Y110.26 E197.5328
G1 F8819.6 X127.274 Y110.269 E197.53855
G1 F8461.5 X127.17 Y110.278 E197.54241
G1 F7983.9 X126.946 Y110.298 E197.55122
G1 X127.163 Y110.358 E197.56004
G1 F8461.5 X127.238 Y110.395 E197.56314
G1 F8819.6 X127.248 Y110.402 E197.56357
G1 X127.425 Y110.53 E197.57132
G1 F9000 X127.624 Y110.78 E197.58242
G1 X127.712 Y111.072 E197.59302
G1 X127.71 Y112.958 E197.65857
G1 F2400 E197.15857
G0 F15000 X126.946 Y110.298
G1 F2400 E197.65857
G1 F7659.6 X126.204 Y110.297 E197.68888
G1 F2400 E197.18888
G0 F15000 X96.615 Y113.78
G1 F2400 E197.68888
G1 F9000 X96.748 Y113.736 E197.69375
G1 X125.736 Y113.736 E198.70128
G1 F8319.3 X126.03 Y113.715 E198.71236
G1 X126.249 Y113.7 E198.72061
G1 X126.03 Y113.446 E198.73322
G1 F9000 X126.028 Y110.552 E198.83381
G1 F8267.2 X126.204 Y110.297 E198.84553
G1 X126.03 Y110.283 E198.85214
G1 X125.736 Y110.26 E198.8633
G1 F9000 X96.748 Y110.26 E199.87083
G1 X96.615 Y110.216 E199.8757
G1 X96.531 Y110.078 E199.88131
G1 X96.528 Y108.78 E199.92643
G1 X95.468 Y108.78 E199.96327
G1 X95.468 Y115.216 E200.18696
G1 X96.528 Y115.216 E200.22381
G1 X96.528 Y113.956 E200.2676
G1 X96.615 Y113.78 E200.27442
G0 F15000 X96.748 Y113.296
;TYPE:WALL-INNER
G1 F10500 X125.588 Y113.296 E201.27681
G1 X125.588 Y110.7 E201.36704
G1 X96.748 Y110.7 E202.36943
G1 X96.351 Y110.568 E202.38397
G1 F8619.4 X96.003 Y110.17 E202.40635
G1 X95.908 Y110.79 E202.43291
G1 F10500 X95.908 Y113.206 E202.51688
G1 F8717 X95.998 Y113.956 E202.54851
G1 X96.351 Y113.428 E202.5751
G1 F10500 X96.748 Y113.296 E202.58964
G1 F2400 E202.08964
G0 F15000 X95.998 Y113.956
G1 F2400 E202.58964
G1 F7451.6 X95.998 Y114.686 E202.62539
G1 F2400 E202.12539
G0 F15000 X96.003 Y110.17
G1 F2400 E202.62539
G1 F7380.2 X95.998 Y109.31 E202.66792
G1 F2400 E202.16792
G0 F15000 X128.077 Y110.711
G1 F2400 E202.66792
G1 F10572.1 X128.102 Y110.861 E202.67317
G1 F11725.9 X128.12 Y111.072 E202.67976
G1 F12222.2 X128.119 Y111.731 E202.69944
G1 F12062.7 X128.118 Y112.39 E202.71937
G1 F11907.2 X128.116 Y113.049 E202.73957
G1 F10870.6 X128.078 Y113.286 E202.74763
G1 F2400 E202.24763
G0 F15000 X96.756 Y112.9
;TYPE:SKIN
G1 F2400 E202.74763
G1 F9000 X125.192 Y112.9 E203.73598
G1 X125.192 Y111.096 E203.79868
G1 X96.717 Y111.096 E204.78838
G1 X96.301 Y110.954 E204.80366
G1 X96.304 Y113.037 E204.87605
G1 X96.756 Y112.9 E204.89247
G0 F15000 X97.123 Y112.68
G1 F9000 X96.523 Y112.079 E204.92199
G0 F15000 X96.521 Y111.456
G1 F9000 X97.745 Y112.68 E204.98215
G0 F15000 X98.368 Y112.68
G1 F9000 X97.004 Y111.316 E205.0492
G0 F15000 X97.627 Y111.316
G1 F9000 X98.99 Y112.68 E205.11622
G0 F15000 X99.612 Y112.68
G1 F9000 X98.249 Y111.316 E205.18324
G0 F15000 X98.871 Y111.316
G1 F9000 X100.235 Y112.68 E205.25028
G0 F15000 X100.857 Y112.68
G1 F9000 X99.493 Y111.316 E205.31733
G0 F15000 X100.116 Y111.316
G1 F9000 X101.479 Y112.68 E205.38435
G0 F15000 X102.101 Y112.68
G1 F9000 X100.738 Y111.316 E205.45137
G0 F15000 X101.36 Y111.316
G1 F9000 X102.724 Y112.68 E205.51842
G0 F15000 X103.346 Y112.68
G1 F9000 X101.982 Y111.316 E205.58546
G0 F15000 X102.605 Y111.316
G1 F9000 X103.968 Y112.68 E205.65248
G0 F15000 X104.59 Y112.68
G1 F9000 X103.227 Y111.316 E205.7195
G0 F15000 X103.849 Y111.316
G1 F9000 X105.213 Y112.68 E205.78655
G0 F15000 X105.835 Y112.68
G1 F9000 X104.471 Y111.316 E205.8536
G0 F15000 X105.094 Y111.316
G1 F9000 X106.457 Y112.68 E205.92062
G0 F15000 X107.079 Y112.68
G1 F9000 X105.716 Y111.316 E205.98764
G0 F15000 X106.338 Y111.316
G1 F9000 X107.702 Y112.68 E206.05468
G0 F15000 X108.324 Y112.68
G1 F9000 X106.961 Y111.316 E206.1217
G0 F15000 X107.583 Y111.316
G1 F9000 X108.946 Y112.68 E206.18872
G0 F15000 X109.568 Y112.68
G1 F9000 X108.205 Y111.316 E206.25575
G0 F15000 X108.827 Y111.316
G1 F9000 X110.191 Y112.68 E206.32279
G0 F15000 X110.813 Y112.68
G1 F9000 X109.45 Y111.316 E206.38981
G0 F15000 X110.072 Y111.316
G1 F9000 X111.435 Y112.68 E206.45683
G0 F15000 X112.057 Y112.68
G1 F9000 X110.694 Y111.316 E206.52385
G0 F15000 X111.316 Y111.316
G1 F9000 X112.68 Y112.68 E206.5909
G0 F15000 X113.302 Y112.68
G1 F9000 X111.939 Y111.316 E206.65792
G0 F15000 X112.561 Y111.316
G1 F9000 X113.924 Y112.68 E206.72494
G0 F15000 X114.546 Y112.68
G1 F9000 X113.183 Y111.316 E206.79196
G0 F15000 X113.805 Y111.316
G1 F9000 X115.169 Y112.68 E206.85901
G0 F15000 X115.791 Y112.68
G1 F9000 X114.428 Y111.316 E206.92603
G0 F15000 X115.05 Y111.316
G1 F9000 X116.413 Y112.68 E206.99305
G0 F15000 X117.035 Y112.68
G1 F9000 X115.672 Y111.316 E207.06007
G0 F15000 X116.294 Y111.316
G1 F9000 X117.658 Y112.68 E207.12712
G0 F15000 X118.28 Y112.68
G1 F9000 X116.917 Y111.316 E207.19414
G0 F15000 X117.539 Y111.316
G1 F9000 X118.902 Y112.68 E207.26116
G0 F15000 X119.524 Y112.68
G1 F9000 X118.161 Y111.316 E207.32818
G0 F15000 X118.783 Y111.316
G1 F9000 X120.147 Y112.68 E207.39522
G0 F15000 X120.769 Y112.68
G1 F9000 X119.406 Y111.316 E207.46225
G0 F15000 X120.028 Y111.316
G1 F9000 X121.391 Y112.68 E207.52927
G0 F15000 X122.013 Y112.68
G1 F9000 X120.65 Y111.316 E207.59629
G0 F15000 X121.272 Y111.316
G1 F9000 X122.636 Y112.68 E207.66333
G0 F15000 X123.258 Y112.68
G1 F9000 X121.895 Y111.316 E207.73035
G0 F15000 X122.517 Y111.316
G1 F9000 X123.88 Y112.68 E207.79737
G0 F15000 X124.502 Y112.68
G1 F9000 X123.139 Y111.316 E207.8644
G0 F15000 X123.761 Y111.316
G1 F9000 X124.972 Y112.527 E207.92392
G0 F15000 X124.972 Y111.905
G1 F9000 X124.384 Y111.316 E207.95285
G1 F2400 E207.45285
;MESH:Pin 5mm - AKM.STL(2)
G0 F15000 X126.249 Y103.7
;TYPE:WALL-OUTER
G1 F2400 E207.95285
G1 F7659.6 X127.028 Y103.697 E207.98466
G1 F2400 E207.48466
G0 F15000 X127.71 Y102.958
G1 F2400 E207.98466
G1 F9000 X127.577 Y103.299 E207.99738
G1 X127.361 Y103.519 E208.0081
G1 F8703.3 X127.281 Y103.584 E208.0118
G1 F8000 X127.028 Y103.697 E208.02264
G1 X127.303 Y103.722 E208.03344
G1 F8703.3 X127.324 Y103.724 E208.03419
G1 X127.452 Y103.736 E208.03881
G1 F9000 X128.528 Y103.736 E208.07621
G1 X128.528 Y100.26 E208.19703
G1 X127.436 Y100.26 E208.23498
G1 F8819.6 X127.274 Y100.269 E208.24074
G1 F8461.5 X127.17 Y100.278 E208.2446
G1 F7983.9 X126.946 Y100.298 E208.25341
G1 X127.163 Y100.358 E208.26223
G1 F8461.5 X127.238 Y100.395 E208.26532
G1 F8819.6 X127.248 Y100.402 E208.26575
G1 X127.425 Y100.53 E208.2735
G1 F9000 X127.624 Y100.78 E208.28461
G1 X127.712 Y101.072 E208.29521
G1 X127.71 Y102.958 E208.36076
G1 F2400 E207.86076
G0 F15000 X126.946 Y100.298
G1 F2400 E208.36076
G1 F7659.6 X126.204 Y100.297 E208.39106
G1 F2400 E207.89106
G0 F15000 X96.615 Y103.78
G1 F2400 E208.39106
G1 F9000 X96.748 Y103.736 E208.39593
G1 X125.736 Y103.736 E209.40346
G1 F8319.3 X126.03 Y103.715 E209.41454
G1 X126.249 Y103.7 E209.4228
G1 X126.03 Y103.446 E209.43541
G1 F9000 X126.028 Y100.552 E209.53599
G1 F8267.2 X126.204 Y100.297 E209.54772
G1 X126.03 Y100.283 E209.55432
G1 X125.736 Y100.26 E209.56548
G1 F9000 X96.748 Y100.26 E210.57301
G1 X96.615 Y100.216 E210.57788
G1 X96.531 Y100.078 E210.5835
G1 X96.528 Y98.78 E210.62861
G1 X95.468 Y98.78 E210.66545
G1 X95.468 Y105.216 E210.88915
G1 X96.528 Y105.216 E210.92599
G1 X96.528 Y103.956 E210.96978
G1 X96.615 Y103.78 E210.97661
G0 F15000 X96.748 Y103.296
;TYPE:WALL-INNER
G1 F10500 X125.588 Y103.296 E211.97899
G1 X125.588 Y100.7 E212.06922
G1 X96.748 Y100.7 E213.07161
G1 X96.351 Y100.568 E213.08615
G1 F8619.4 X96.003 Y100.17 E213.10854
G1 X95.908 Y100.79 E213.13509
G1 F10500 X95.908 Y103.206 E213.21907
G1 F8717 X95.998 Y103.956 E213.25069
G1 X96.351 Y103.428 E213.27728
G1 F10500 X96.748 Y103.296 E213.29182
G1 F2400 E212.79182
G0 F15000 X95.998 Y103.956
G1 F2400 E213.29182
G1 F7451.6 X95.998 Y104.686 E213.32758
G1 F2400 E212.82758
G0 F15000 X96.003 Y100.17
G1 F2400 E213.32758
G1 F7380.2 X95.998 Y99.31 E213.3701
G1 F2400 E212.8701
G0 F15000 X128.077 Y100.711
G1 F2400 E213.3701
G1 F10572.1 X128.102 Y100.861 E213.37535
G1 F11725.9 X128.12 Y101.072 E213.38194
G1 F12222.2 X128.119 Y101.731 E213.40162
G1 F12062.7 X128.118 Y102.39 E213.42156
G1 F11907.2 X128.116 Y103.049 E213.44176
G1 F10870.6 X128.078 Y103.286 E213.44981
G1 F2400 E212.94981
G0 F15000 X96.756 Y102.9
;TYPE:SKIN
G1 F2400 E213.44981
G1 F9000 X125.192 Y102.9 E214.43816
G1 X125.192 Y101.096 E214.50086
G1 X96.717 Y101.096 E215.49056
G1 X96.301 Y100.954 E215.50584
G1 X96.304 Y103.037 E215.57824
G1 X96.756 Y102.9 E215.59465
G0 F15000 X97.079 Y102.68
G1 F9000 X96.523 Y102.123 E215.62201
G0 F15000 X96.521 Y101.5
G1 F9000 X97.702 Y102.68 E215.68003
G0 F15000 X98.324 Y102.68
G1 F9000 X96.961 Y101.316 E215.74706
G0 F15000 X97.583 Y101.316
G1 F9000 X98.946 Y102.68 E215.81408
G0 F15000 X99.568 Y102.68
G1 F9000 X98.205 Y101.316 E215.8811
G0 F15000 X98.827 Y101.316
G1 F9000 X100.191 Y102.68 E215.94814
G0 F15000 X100.813 Y102.68
G1 F9000 X99.45 Y101.316 E216.01516
G0 F15000 X100.072 Y101.316
G1 F9000 X101.435 Y102.68 E216.08218
G0 F15000 X102.057 Y102.68
G1 F9000 X100.694 Y101.316 E216.14921
G0 F15000 X101.316 Y101.316
G1 F9000 X102.68 Y102.68 E216.21625
G0 F15000 X103.302 Y102.68
G1 F9000 X101.939 Y101.316 E216.28327
G0 F15000 X102.561 Y101.316
G1 F9000 X103.924 Y102.68 E216.35029
G0 F15000 X104.546 Y102.68
G1 F9000 X103.183 Y101.316 E216.41731
G0 F15000 X103.805 Y101.316
G1 F9000 X105.169 Y102.68 E216.48436
G0 F15000 X105.791 Y102.68
G1 F9000 X104.428 Y101.316 E216.55138
G0 F15000 X105.05 Y101.316
G1 F9000 X106.413 Y102.68 E216.6184
G0 F15000 X107.035 Y102.68
G1 F9000 X105.672 Y101.316 E216.68542
G0 F15000 X106.294 Y101.316
G1 F9000 X107.658 Y102.68 E216.75247
G0 F15000 X108.28 Y102.68
G1 F9000 X106.917 Y101.316 E216.81949
G0 F15000 X107.539 Y101.316
G1 F9000 X108.902 Y102.68 E216.88651
G0 F15000 X109.524 Y102.68
G1 F9000 X108.161 Y101.316 E216.95353
G0 F15000 X108.783 Y101.316
G1 F9000 X110.147 Y102.68 E217.02058
G0 F15000 X110.769 Y102.68
G1 F9000 X109.406 Y101.316 E217.0876
G0 F15000 X110.028 Y101.316
G1 F9000 X111.391 Y102.68 E217.15462
G0 F15000 X112.013 Y102.68
G1 F9000 X110.65 Y101.316 E217.22164
G0 F15000 X111.272 Y101.316
G1 F9000 X112.636 Y102.68 E217.28868
G0 F15000 X113.258 Y102.68
G1 F9000 X111.895 Y101.316 E217.3557
G0 F15000 X112.517 Y101.316
G1 F9000 X113.88 Y102.68 E217.42273
G0 F15000 X114.503 Y102.68
G1 F9000 X113.139 Y101.316 E217.48977
G0 F15000 X113.761 Y101.316
G1 F9000 X115.125 Y102.68 E217.55682
G0 F15000 X115.747 Y102.68
G1 F9000 X114.384 Y101.316 E217.62384
G0 F15000 X115.006 Y101.316
G1 F9000 X116.369 Y102.68 E217.69086
G0 F15000 X116.992 Y102.68
G1 F9000 X115.628 Y101.316 E217.7579
G0 F15000 X116.25 Y101.316
G1 F9000 X117.614 Y102.68 E217.82495
G0 F15000 X118.236 Y102.68
G1 F9000 X116.873 Y101.316 E217.89197
G0 F15000 X117.495 Y101.316
G1 F9000 X118.858 Y102.68 E217.95899
G0 F15000 X119.481 Y102.68
G1 F9000 X118.117 Y101.316 E218.02604
G0 F15000 X118.739 Y101.316
G1 F9000 X120.103 Y102.68 E218.09308
G0 F15000 X120.725 Y102.68
G1 F9000 X119.362 Y101.316 E218.1601
G0 F15000 X119.984 Y101.316
G1 F9000 X121.347 Y102.68 E218.22712
G0 F15000 X121.97 Y102.68
G1 F9000 X120.606 Y101.316 E218.29417
G0 F15000 X121.229 Y101.316
G1 F9000 X122.592 Y102.68 E218.36119
G0 F15000 X123.214 Y102.68
G1 F9000 X121.851 Y101.316 E218.42821
G0 F15000 X122.473 Y101.316
G1 F9000 X123.836 Y102.68 E218.49523
G0 F15000 X124.459 Y102.68
G1 F9000 X123.095 Y101.316 E218.56228
G0 F15000 X123.718 Y101.316
G1 F9000 X124.972 Y102.571 E218.62394
G0 F15000 X124.972 Y101.949
G1 F9000 X124.34 Y101.316 E218.65503
G1 X124.263 Y101.239
G1 F2400 E218.15503
;MESH:Pin Lock 5mm.STL(1)
G0 F15000 X114.499 Y93.18
;TYPE:WALL-OUTER
G1 F2400 E218.65503
G1 F9000 X119.913 Y93.175 E218.8432
G1 X120.083 Y93.12 E218.84941
G1 X120.204 Y93.012 E218.85505
G1 X120.276 Y92.82 E218.86218
G1 X120.276 Y91.168 E218.9196
G1 X120.224 Y91.011 E218.92535
G1 X120.132 Y90.903 E218.93028
G1 X119.976 Y90.82 E218.93642
G1 X114.5 Y90.82 E219.12675
G1 F8389.8 X114.251 Y90.644 E219.13812
G1 F7888.4 X114.25 Y90.35 E219.14977
G1 F7920 X113.75 Y90.35 E219.16952
G1 F7888.4 X113.752 Y90.687 E219.18289
G1 F8389.8 X113.72 Y91.6 E219.21695
G1 F9000 X113.72 Y93.68 E219.28924
G1 X114.28 Y93.68 E219.30871
G1 X114.28 Y93.4 E219.31844
G1 X114.499 Y93.18 E219.32923
G0 F15000 X114.499 Y92.74
;TYPE:WALL-INNER
G1 F10500 X119.836 Y92.736 E219.51472
G1 X119.836 Y91.26 E219.56603
G1 X114.5 Y91.26 E219.75149
G1 X114.159 Y90.973 E219.76698
G1 X114.16 Y93.079 E219.84018
G1 X114.499 Y92.74 E219.85684
G1 F2400 E219.35684
G0 F15000 X119.098 Y92.279
;TYPE:SKIN
G1 F2400 E219.85684
G1 F7046.3 X119.379 Y92.279 E219.86932
G1 X119.379 Y91.717 E219.89426
G1 X119.098 Y91.717 E219.90674
G1 X116.858 Y91.717 E220.00618
G1 F7033.7 X114.618 Y91.718 E220.1058
G1 F7021.3 X114.618 Y92.282 E220.13093
G1 F7033.7 X116.858 Y92.281 E220.23055
G1 F7046.3 X119.098 Y92.279 E220.32999
G1 F2400 E219.82999
;MESH:Pin Lock 5mm.STL(3)
G0 F15000 X104.499 Y93.18
;TYPE:WALL-OUTER
G1 F2400 E220.32999
G1 F9000 X109.936 Y93.176 E220.51896
G1 X110.176 Y93.053 E220.52834
G1 X110.276 Y92.877 E220.53537
G1 X110.276 Y91.158 E220.59512
G1 X110.248 Y91.056 E220.5988
G1 X110.112 Y90.891 E220.60623
G1 X109.92 Y90.82 E220.61334
G1 X104.5 Y90.82 E220.80172
G1 F8389.8 X104.251 Y90.644 E220.81309
G1 F7888.4 X104.25 Y90.35 E220.82475
G1 F7920 X103.75 Y90.35 E220.8445
G1 F7888.4 X103.752 Y90.687 E220.85786
G1 F8389.8 X103.72 Y91.6 E220.89193
G1 F9000 X103.72 Y93.68 E220.96422
G1 X104.28 Y93.68 E220.98368
G1 X104.28 Y93.4 E220.99342
G1 X104.499 Y93.18 E221.00421
G0 F15000 X104.499 Y92.74
;TYPE:WALL-INNER
G1 F10500 X109.836 Y92.736 E221.1897
G1 X109.836 Y91.26 E221.241
G1 X104.5 Y91.26 E221.42647
G1 X104.159 Y90.973 E221.44196
G1 X104.16 Y93.079 E221.51516
G1 X104.499 Y92.74 E221.53182
G1 F2400 E221.03182
G0 F15000 X109.098 Y92.279
;TYPE:SKIN
G1 F2400 E221.53182
G1 F7046.3 X109.379 Y92.279 E221.54429
G1 X109.379 Y91.717 E221.56924
G1 X109.098 Y91.717 E221.58172
G1 X106.858 Y91.717 E221.68116
G1 F7033.7 X104.618 Y91.718 E221.78078
G1 F7021.3 X104.618 Y92.282 E221.80591
G1 F7033.7 X106.858 Y92.281 E221.90553
G1 F7046.3 X109.098 Y92.279 E222.00497
G1 F2400 E221.50497
;MESH:Pin Lock 5mm.STL(5)
G0 F15000 X124.499 Y93.18
;TYPE:WALL-OUTER
G1 F2400 E222.00497
G1 F9000 X129.923 Y93.176 E222.19349
G1 X130.176 Y93.053 E222.20327
G1 X130.276 Y92.877 E222.2103
G1 X130.276 Y91.158 E222.27005
G1 X130.248 Y91.057 E222.27369
G1 X130.11 Y90.893 E222.28114
G1 X129.902 Y90.82 E222.2888
G1 X124.5 Y90.82 E222.47656
G1 F8389.8 X124.251 Y90.644 E222.48793
G1 F7888.4 X124.25 Y90.35 E222.49959
G1 F7920 X123.75 Y90.35 E222.51934
G1 F7888.4 X123.752 Y90.687 E222.5327
G1 F8389.8 X123.72 Y91.6 E222.56676
G1 F9000 X123.72 Y93.68 E222.63906
G1 X124.28 Y93.68 E222.65852
G1 X124.28 Y93.4 E222.66825
G1 X124.499 Y93.18 E222.67904
G0 F15000 X124.499 Y92.74
;TYPE:WALL-INNER
G1 F10500 X129.836 Y92.736 E222.86454
G1 X129.836 Y91.263 E222.91573
G1 X124.5 Y91.26 E223.1012
G1 X124.159 Y90.973 E223.11669
G1 X124.16 Y93.079 E223.18989
G1 X124.499 Y92.74 E223.20655
G1 F2400 E222.70655
G0 F15000 X129.098 Y92.279
;TYPE:SKIN
G1 F2400 E223.20655
G1 F7046.3 X129.379 Y92.279 E223.21902
G1 X129.379 Y91.717 E223.24397
G1 X129.098 Y91.717 E223.25645
G1 X126.858 Y91.717 E223.35589
G1 F7033.7 X124.618 Y91.718 E223.45551
G1 F7021.3 X124.618 Y92.282 E223.48064
G1 F7033.7 X126.858 Y92.281 E223.58026
G1 F7046.3 X129.098 Y92.279 E223.6797
G1 F2400 E223.1797
;MESH:Pin 5mm - AKM.STL(5)
G0 F15000 X136.615 Y93.78
;TYPE:WALL-OUTER
G1 F2400 E223.6797
G1 F9000 X136.748 Y93.736 E223.68457
G1 X165.736 Y93.736 E224.6921
G1 F8319.3 X166.03 Y93.715 E224.70318
G1 X166.249 Y93.7 E224.71144
G1 X166.03 Y93.446 E224.72405
G1 F9000 X166.028 Y90.552 E224.82463
G1 F8267.2 X166.204 Y90.297 E224.83636
G1 X166.03 Y90.283 E224.84296
G1 X165.736 Y90.26 E224.85412
G1 F9000 X136.748 Y90.26 E225.86165
G1 X136.615 Y90.216 E225.86652
G1 X136.531 Y90.078 E225.87214
G1 X136.528 Y88.78 E225.91725
G1 X135.468 Y88.78 E225.95409
G1 X135.468 Y95.216 E226.17779
G1 X136.528 Y95.216 E226.21463
G1 X136.528 Y93.956 E226.25842
G1 X136.615 Y93.78 E226.26525
G1 F2400 E225.76525
G0 F15000 X166.249 Y93.7
G1 F2400 E226.26525
G1 F7659.6 X167.028 Y93.697 E226.29706
G1 F2400 E225.79706
G0 F15000 X167.71 Y92.958
G1 F2400 E226.29706
G1 F9000 X167.577 Y93.299 E226.30978
G1 X167.361 Y93.519 E226.3205
G1 F8703.3 X167.281 Y93.584 E226.3242
G1 F8000 X167.028 Y93.697 E226.33504
G1 X167.303 Y93.722 E226.34583
G1 F8703.3 X167.324 Y93.724 E226.34659
G1 X167.452 Y93.736 E226.35121
G1 F9000 X168.528 Y93.736 E226.38861
G1 X168.528 Y90.26 E226.50943
G1 X167.436 Y90.26 E226.54738
G1 F8819.6 X167.274 Y90.269 E226.55314
G1 F8461.5 X167.17 Y90.278 E226.557
G1 F7983.9 X166.946 Y90.298 E226.56581
G1 X167.163 Y90.358 E226.57463
G1 F8461.5 X167.238 Y90.395 E226.57772
G1 F8819.6 X167.248 Y90.402 E226.57815
G1 X167.425 Y90.53 E226.5859
G1 F9000 X167.624 Y90.78 E226.59701
G1 X167.712 Y91.072 E226.60761
G1 X167.71 Y92.958 E226.67316
G1 F2400 E226.17316
G0 F15000 X166.946 Y90.298
G1 F2400 E226.67316
G1 F7659.6 X166.204 Y90.297 E226.70346
G1 F2400 E226.20346
G0 F15000 X168.077 Y90.711
;TYPE:WALL-INNER
G1 F2400 E226.70346
G1 F10572.1 X168.102 Y90.861 E226.70871
G1 F11725.9 X168.12 Y91.072 E226.7153
G1 F12222.2 X168.119 Y91.731 E226.73498
G1 F12062.7 X168.118 Y92.39 E226.75491
G1 F11907.2 X168.116 Y93.049 E226.77511
G1 F10870.6 X168.078 Y93.286 E226.78317
G1 F2400 E226.28317
G0 F15000 X136.748 Y93.296
G1 F2400 E226.78317
G1 F10500 X165.588 Y93.296 E227.78556
G1 X165.588 Y90.7 E227.87579
G1 X136.748 Y90.7 E228.87817
G1 X136.351 Y90.568 E228.89272
G1 F8619.4 X136.003 Y90.17 E228.9151
G1 X135.908 Y90.79 E228.94166
G1 F10500 X135.908 Y93.206 E229.02563
G1 F8717 X135.998 Y93.956 E229.05725
G1 X136.351 Y93.428 E229.08385
G1 F10500 X136.748 Y93.296 E229.09839
G1 F2400 E228.59839
G0 F15000 X135.998 Y93.956
G1 F2400 E229.09839
G1 F7451.6 X135.998 Y94.686 E229.13414
G1 F2400 E228.63414
G0 F15000 X136.003 Y90.17
G1 F2400 E229.13414
G1 F7380.2 X135.998 Y89.31 E229.17667
G1 F2400 E228.67667
G0 F15000 X136.756 Y92.9
;TYPE:SKIN
G1 F2400 E229.17667
G1 F9000 X165.192 Y92.9 E230.16501
G1 X165.192 Y91.096 E230.22771
G1 X136.717 Y91.096 E231.21741
G1 X136.301 Y90.954 E231.23269
G1 X136.304 Y93.037 E231.30509
G1 X136.756 Y92.9 E231.32151
G0 F15000 X136.86 Y92.68
G1 F9000 X136.524 Y92.344 E231.33802
G0 F15000 X136.523 Y91.72
G1 F9000 X137.482 Y92.68 E231.38518
G0 F15000 X138.104 Y92.68
G1 F9000 X136.74 Y91.316 E231.45223
G0 F15000 X137.363 Y91.316
G1 F9000 X138.727 Y92.68 E231.51928
G0 F15000 X139.349 Y92.68
G1 F9000 X137.985 Y91.316 E231.58632
G0 F15000 X138.607 Y91.316
G1 F9000 X139.971 Y92.68 E231.65337
G0 F15000 X140.593 Y92.68
G1 F9000 X139.229 Y91.316 E231.72041
G0 F15000 X139.852 Y91.316
G1 F9000 X141.216 Y92.68 E231.78746
G0 F15000 X141.838 Y92.68
G1 F9000 X140.474 Y91.316 E231.8545
G0 F15000 X141.096 Y91.316
G1 F9000 X142.46 Y92.68 E231.92155
G0 F15000 X143.082 Y92.68
G1 F9000 X141.718 Y91.316 E231.98859
G0 F15000 X142.341 Y91.316
G1 F9000 X143.705 Y92.68 E232.05564
G0 F15000 X144.327 Y92.68
G1 F9000 X142.963 Y91.316 E232.12269
G0 F15000 X143.585 Y91.316
G1 F9000 X144.949 Y92.68 E232.18973
G0 F15000 X145.571 Y92.68
G1 F9000 X144.207 Y91.316 E232.25678
G0 F15000 X144.83 Y91.316
G1 F9000 X146.194 Y92.68 E232.32382
G0 F15000 X146.816 Y92.68
G1 F9000 X145.452 Y91.316 E232.39087
G0 F15000 X146.074 Y91.316
G1 F9000 X147.438 Y92.68 E232.45791
G0 F15000 X148.06 Y92.68
G1 F9000 X146.696 Y91.316 E232.52496
G0 F15000 X147.319 Y91.316
G1 F9000 X148.683 Y92.68 E232.592
G0 F15000 X149.305 Y92.68
G1 F9000 X147.941 Y91.316 E232.65905
G0 F15000 X148.563 Y91.316
G1 F9000 X149.927 Y92.68 E232.72609
G0 F15000 X150.549 Y92.68
G1 F9000 X149.185 Y91.316 E232.79314
G0 F15000 X149.808 Y91.316
G1 F9000 X151.172 Y92.68 E232.86019
G0 F15000 X151.794 Y92.68
G1 F9000 X150.43 Y91.316 E232.92723
G0 F15000 X151.052 Y91.316
G1 F9000 X152.416 Y92.68 E232.99428
G0 F15000 X153.038 Y92.68
G1 F9000 X151.674 Y91.316 E233.06132
G0 F15000 X152.297 Y91.316
G1 F9000 X153.661 Y92.68 E233.12837
G0 F15000 X154.283 Y92.68
G1 F9000 X152.919 Y91.316 E233.19541
G0 F15000 X153.541 Y91.316
G1 F9000 X154.905 Y92.68 E233.26246
G0 F15000 X155.527 Y92.68
G1 F9000 X154.163 Y91.316 E233.3295
G0 F15000 X154.786 Y91.316
G1 F9000 X156.15 Y92.68 E233.39655
G0 F15000 X156.772 Y92.68
G1 F9000 X155.408 Y91.316 E233.4636
G0 F15000 X156.03 Y91.316
G1 F9000 X157.394 Y92.68 E233.53064
G0 F15000 X158.016 Y92.68
G1 F9000 X156.652 Y91.316 E233.59769
G0 F15000 X157.275 Y91.316
G1 F9000 X158.639 Y92.68 E233.66473
G0 F15000 X159.261 Y92.68
G1 F9000 X157.897 Y91.316 E233.73178
G0 F15000 X158.519 Y91.316
G1 F9000 X159.883 Y92.68 E233.79882
G0 F15000 X160.505 Y92.68
G1 F9000 X159.141 Y91.316 E233.86587
G0 F15000 X159.764 Y91.316
G1 F9000 X161.128 Y92.68 E233.93291
G0 F15000 X161.75 Y92.68
G1 F9000 X160.386 Y91.316 E233.99996
G0 F15000 X161.008 Y91.316
G1 F9000 X162.372 Y92.68 E234.06701
G0 F15000 X162.994 Y92.68
G1 F9000 X161.63 Y91.316 E234.13405
G0 F15000 X162.253 Y91.316
G1 F9000 X163.617 Y92.68 E234.2011
G0 F15000 X164.239 Y92.68
G1 F9000 X162.875 Y91.316 E234.26814
G0 F15000 X163.497 Y91.316
G1 F9000 X164.861 Y92.68 E234.33519
G0 F15000 X164.972 Y92.169
G1 F9000 X164.119 Y91.316 E234.37712
G0 F15000 X164.742 Y91.316
G1 F9000 X164.972 Y91.546 E234.38842
G1 F2400 E233.88842
;MESH:Pin 5mm - AKM.STL(3)
G0 F15000 X166.204 Y100.297
;TYPE:WALL-OUTER
G1 F2400 E234.38842
G1 F7659.6 X166.946 Y100.298 E234.41872
G1 F2400 E233.91872
G0 F15000 X167.71 Y102.958
G1 F2400 E234.41872
G1 F9000 X167.577 Y103.299 E234.43144
G1 X167.361 Y103.519 E234.44216
G1 F8703.3 X167.281 Y103.584 E234.44587
G1 F8000 X167.028 Y103.697 E234.4567
G1 X167.303 Y103.722 E234.4675
G1 F8703.3 X167.324 Y103.724 E234.46826
G1 X167.452 Y103.736 E234.47288
G1 F9000 X168.528 Y103.736 E234.51027
G1 X168.528 Y100.26 E234.63109
G1 X167.436 Y100.26 E234.66904
G1 F8819.6 X167.274 Y100.269 E234.6748
G1 F8461.5 X167.17 Y100.278 E234.67866
G1 F7983.9 X166.946 Y100.298 E234.68747
G1 X167.163 Y100.358 E234.69629
G1 F8461.5 X167.238 Y100.395 E234.69938
G1 F8819.6 X167.248 Y100.402 E234.69981
G1 X167.425 Y100.53 E234.70756
G1 F9000 X167.624 Y100.78 E234.71867
G1 X167.712 Y101.072 E234.72927
G1 X167.71 Y102.958 E234.79482
G1 F2400 E234.29482
G0 F15000 X167.028 Y103.697
G1 F2400 E234.79482
G1 F7659.6 X166.249 Y103.7 E234.82663
G1 F2400 E234.32663
G0 F15000 X136.615 Y103.78
G1 F2400 E234.82663
G1 F9000 X136.748 Y103.736 E234.8315
G1 X165.736 Y103.736 E235.83903
G1 F8319.3 X166.03 Y103.715 E235.85012
G1 X166.249 Y103.7 E235.85837
G1 X166.03 Y103.446 E235.87098
G1 F9000 X166.028 Y100.552 E235.97157
G1 F8267.2 X166.204 Y100.297 E235.98329
G1 X166.03 Y100.283 E235.9899
G1 X165.736 Y100.26 E236.00105
G1 F9000 X136.748 Y100.26 E237.00859
G1 X136.615 Y100.216 E237.01345
G1 X136.531 Y100.078 E237.01907
G1 X136.528 Y98.78 E237.06418
G1 X135.468 Y98.78 E237.10103
G1 X135.468 Y105.216 E237.32472
G1 X136.528 Y105.216 E237.36156
G1 X136.528 Y103.956 E237.40536
G1 X136.615 Y103.78 E237.41218
G0 F15000 X136.748 Y103.296
;TYPE:WALL-INNER
G1 F10500 X165.588 Y103.296 E238.41457
G1 X165.588 Y100.7 E238.5048
G1 X136.748 Y100.7 E239.50718
G1 X136.351 Y100.568 E239.52173
G1 F8619.4 X136.003 Y100.17 E239.54411
G1 X135.908 Y100.79 E239.57067
G1 F10500 X135.908 Y103.206 E239.65464
G1 F8717 X135.998 Y103.956 E239.68626
G1 X136.351 Y103.428 E239.71286
G1 F10500 X136.748 Y103.296 E239.7274
G1 F2400 E239.2274
G0 F15000 X135.998 Y103.956
G1 F2400 E239.7274
G1 F7451.6 X135.998 Y104.686 E239.76315
G1 F2400 E239.26315
G0 F15000 X136.003 Y100.17
G1 F2400 E239.76315
G1 F7380.2 X135.998 Y99.31 E239.80568
G1 F2400 E239.30568
G0 F15000 X168.077 Y100.711
G1 F2400 E239.80568
G1 F10572.1 X168.102 Y100.861 E239.81093
G1 F11725.9 X168.12 Y101.072 E239.81752
G1 F12222.2 X168.119 Y101.731 E239.83719
G1 F12062.7 X168.118 Y102.39 E239.85713
G1 F11907.2 X168.116 Y103.049 E239.87733
G1 F10870.6 X168.078 Y103.286 E239.88539
G1 F2400 E239.38539
G0 F15000 X136.756 Y102.9
;TYPE:SKIN
G1 F2400 E239.88539
G1 F9000 X165.192 Y102.9 E240.87373
G1 X165.192 Y101.096 E240.93643
G1 X136.717 Y101.096 E241.92613
G1 X136.301 Y100.954 E241.94141
G1 X136.304 Y103.037 E242.01381
G1 X136.756 Y102.9 E242.03023
G0 F15000 X136.904 Y102.68
G1 F9000 X136.523 Y102.299 E242.04895
G0 F15000 X136.523 Y101.676
G1 F9000 X137.527 Y102.68 E242.09831
G0 F15000 X138.149 Y102.68
G1 F9000 X136.784 Y101.316 E242.16538
G0 F15000 X137.406 Y101.316
G1 F9000 X138.771 Y102.68 E242.23245
G0 F15000 X139.393 Y102.68
G1 F9000 X138.029 Y101.316 E242.29949
G0 F15000 X138.651 Y101.316
G1 F9000 X140.016 Y102.68 E242.36656
G0 F15000 X140.638 Y102.68
G1 F9000 X139.273 Y101.316 E242.43363
G0 F15000 X139.895 Y101.316
G1 F9000 X141.26 Y102.68 E242.5007
G0 F15000 X141.882 Y102.68
G1 F9000 X140.518 Y101.316 E242.56775
G0 F15000 X141.14 Y101.316
G1 F9000 X142.505 Y102.68 E242.63482
G0 F15000 X143.127 Y102.68
G1 F9000 X141.762 Y101.316 E242.70189
G0 F15000 X142.384 Y101.316
G1 F9000 X143.749 Y102.68 E242.76896
G0 F15000 X144.371 Y102.68
G1 F9000 X143.007 Y101.316 E242.836
G0 F15000 X143.629 Y101.316
G1 F9000 X144.994 Y102.68 E242.90307
G0 F15000 X145.616 Y102.68
G1 F9000 X144.251 Y101.316 E242.97014
G0 F15000 X144.873 Y101.316
G1 F9000 X146.238 Y102.68 E243.03721
G0 F15000 X146.86 Y102.68
G1 F9000 X145.496 Y101.316 E243.10426
G0 F15000 X146.118 Y101.316
G1 F9000 X147.483 Y102.68 E243.17133
G0 F15000 X148.105 Y102.68
G1 F9000 X146.74 Y101.316 E243.2384
G0 F15000 X147.362 Y101.316
G1 F9000 X148.727 Y102.68 E243.30547
G0 F15000 X149.349 Y102.68
G1 F9000 X147.985 Y101.316 E243.37251
G0 F15000 X148.607 Y101.316
G1 F9000 X149.972 Y102.68 E243.43958
G0 F15000 X150.594 Y102.68
G1 F9000 X149.229 Y101.316 E243.50665
G0 F15000 X149.851 Y101.316
G1 F9000 X151.216 Y102.68 E243.57372
G0 F15000 X151.838 Y102.68
G1 F9000 X150.474 Y101.316 E243.64077
G0 F15000 X151.096 Y101.316
G1 F9000 X152.461 Y102.68 E243.70784
G0 F15000 X153.083 Y102.68
G1 F9000 X151.718 Y101.316 E243.77491
G0 F15000 X152.34 Y101.316
G1 F9000 X153.705 Y102.68 E243.84198
G0 F15000 X154.327 Y102.68
G1 F9000 X152.963 Y101.316 E243.90903
G0 F15000 X153.585 Y101.316
G1 F9000 X154.95 Y102.68 E243.9761
G0 F15000 X155.572 Y102.68
G1 F9000 X154.207 Y101.316 E244.04317
G0 F15000 X154.83 Y101.316
G1 F9000 X156.194 Y102.68 E244.11021
G0 F15000 X156.816 Y102.68
G1 F9000 X155.452 Y101.316 E244.17726
G0 F15000 X156.074 Y101.316
G1 F9000 X157.439 Y102.68 E244.24433
G0 F15000 X158.061 Y102.68
G1 F9000 X156.696 Y101.316 E244.3114
G0 F15000 X157.319 Y101.316
G1 F9000 X158.683 Y102.68 E244.37844
G0 F15000 X159.306 Y102.68
G1 F9000 X157.941 Y101.316 E244.44551
G0 F15000 X158.563 Y101.316
G1 F9000 X159.928 Y102.68 E244.51258
G0 F15000 X160.55 Y102.68
G1 F9000 X159.185 Y101.316 E244.57965
G0 F15000 X159.808 Y101.316
G1 F9000 X161.172 Y102.68 E244.6467
G0 F15000 X161.795 Y102.68
G1 F9000 X160.43 Y101.316 E244.71377
G0 F15000 X161.052 Y101.316
G1 F9000 X162.417 Y102.68 E244.78084
G0 F15000 X163.039 Y102.68
G1 F9000 X161.674 Y101.316 E244.84791
G0 F15000 X162.297 Y101.316
G1 F9000 X163.661 Y102.68 E244.91495
G0 F15000 X164.284 Y102.68
G1 F9000 X162.919 Y101.316 E244.98202
G0 F15000 X163.541 Y101.316
G1 F9000 X164.906 Y102.68 E245.04909
G0 F15000 X164.972 Y102.125
G1 F9000 X164.163 Y101.316 E245.08886
G0 F15000 X164.786 Y101.316
G1 F9000 X164.972 Y101.502 E245.098
G1 F2400 E244.598
;MESH:Pin 5mm - AKM.STL(1)
G0 F15000 X166.204 Y110.297
;TYPE:WALL-OUTER
G1 F2400 E245.098
G1 F7659.6 X166.946 Y110.298 E245.1283
G1 F2400 E244.6283
G0 F15000 X167.71 Y112.958
G1 F2400 E245.1283
G1 F9000 X167.577 Y113.299 E245.14103
G1 X167.361 Y113.519 E245.15174
G1 F8703.3 X167.281 Y113.584 E245.15545
G1 F8000 X167.028 Y113.697 E245.16628
G1 X167.303 Y113.722 E245.17708
G1 F8703.3 X167.324 Y113.724 E245.17784
G1 X167.452 Y113.736 E245.18246
G1 F9000 X168.528 Y113.736 E245.21986
G1 X168.528 Y110.26 E245.34067
G1 X167.436 Y110.26 E245.37863
G1 F8819.6 X167.274 Y110.269 E245.38438
G1 F8461.5 X167.17 Y110.278 E245.38824
G1 F7983.9 X166.946 Y110.298 E245.39705
G1 X167.163 Y110.358 E245.40587
G1 F8461.5 X167.238 Y110.395 E245.40896
G1 F8819.6 X167.248 Y110.402 E245.4094
G1 X167.425 Y110.53 E245.41714
G1 F9000 X167.624 Y110.78 E245.42825
G1 X167.712 Y111.072 E245.43885
G1 X167.71 Y112.958 E245.5044
G1 F2400 E245.0044
G0 F15000 X167.028 Y113.697
G1 F2400 E245.5044
G1 F7659.6 X166.249 Y113.7 E245.53621
G1 F2400 E245.03621
G0 F15000 X136.615 Y113.78
G1 F2400 E245.53621
G1 F9000 X136.748 Y113.736 E245.54108
G1 X165.736 Y113.736 E246.54862
G1 F8319.3 X166.03 Y113.715 E246.5597
G1 X166.249 Y113.7 E246.56795
G1 X166.03 Y113.446 E246.58056
G1 F9000 X166.028 Y110.552 E246.68115
G1 F8267.2 X166.204 Y110.297 E246.69287
G1 X166.03 Y110.283 E246.69948
G1 X165.736 Y110.26 E246.71064
G1 F9000 X136.748 Y110.26 E247.71817
G1 X136.615 Y110.216 E247.72304
G1 X136.531 Y110.078 E247.72865
G1 X136.528 Y108.78 E247.77377
G1 X135.468 Y108.78 E247.81061
G1 X135.468 Y115.216 E248.0343
G1 X136.528 Y115.216 E248.07114
G1 X136.528 Y113.956 E248.11494
G1 X136.615 Y113.78 E248.12176
G0 F15000 X136.748 Y113.296
;TYPE:WALL-INNER
G1 F10500 X165.588 Y113.296 E249.12415
G1 X165.588 Y110.7 E249.21438
G1 X136.748 Y110.7 E250.21677
G1 X136.351 Y110.568 E250.23131
G1 F8619.4 X136.003 Y110.17 E250.25369
G1 X135.908 Y110.79 E250.28025
G1 F10500 X135.908 Y113.206 E250.36422
G1 F8717 X135.998 Y113.956 E250.39585
G1 X136.351 Y113.428 E250.42244
G1 F10500 X136.748 Y113.296 E250.43698
G1 F2400 E249.93698
G0 F15000 X135.998 Y113.956
G1 F2400 E250.43698
G1 F7451.6 X135.998 Y114.686 E250.47273
G1 F2400 E249.97273
G0 F15000 X136.003 Y110.17
G1 F2400 E250.47273
G1 F7380.2 X135.998 Y109.31 E250.51526
G1 F2400 E250.01526
G0 F15000 X168.077 Y110.711
G1 F2400 E250.51526
G1 F10572.1 X168.102 Y110.861 E250.52051
G1 F11725.9 X168.12 Y111.072 E250.5271
G1 F12222.2 X168.119 Y111.731 E250.54677
G1 F12062.7 X168.118 Y112.39 E250.56671
G1 F11907.2 X168.116 Y113.049 E250.58691
G1 F10870.6 X168.078 Y113.286 E250.59497
G1 F2400 E250.09497
G0 F15000 X136.756 Y112.9
;TYPE:SKIN
G1 F2400 E250.59497
G1 F9000 X165.192 Y112.9 E251.58331
G1 X165.192 Y111.096 E251.64602
G1 X136.717 Y111.096 E252.63572
G1 X136.301 Y110.954 E252.65099
G1 X136.304 Y113.037 E252.72339
G1 X136.756 Y112.9 E252.73981
G0 F15000 X136.948 Y112.68
G1 F9000 X136.523 Y112.255 E252.7607
G0 F15000 X136.522 Y111.632
G1 F9000 X137.57 Y112.68 E252.81221
G0 F15000 X138.193 Y112.68
G1 F9000 X136.828 Y111.316 E252.87928
G0 F15000 X137.45 Y111.316
G1 F9000 X138.815 Y112.68 E252.94635
G0 F15000 X139.437 Y112.68
G1 F9000 X138.072 Y111.316 E253.01342
G0 F15000 X138.695 Y111.316
G1 F9000 X140.059 Y112.68 E253.08047
G0 F15000 X140.682 Y112.68
G1 F9000 X139.317 Y111.316 E253.14754
G0 F15000 X139.939 Y111.316
G1 F9000 X141.304 Y112.68 E253.21461
G0 F15000 X141.926 Y112.68
G1 F9000 X140.562 Y111.316 E253.28165
G0 F15000 X141.184 Y111.316
G1 F9000 X142.548 Y112.68 E253.3487
G0 F15000 X143.171 Y112.68
G1 F9000 X141.806 Y111.316 E253.41577
G0 F15000 X142.428 Y111.316
G1 F9000 X143.793 Y112.68 E253.48284
G0 F15000 X144.415 Y112.68
G1 F9000 X143.051 Y111.316 E253.54988
G0 F15000 X143.673 Y111.316
G1 F9000 X145.038 Y112.68 E253.61695
G0 F15000 X145.66 Y112.68
G1 F9000 X144.295 Y111.316 E253.68402
G0 F15000 X144.917 Y111.316
G1 F9000 X146.282 Y112.68 E253.75109
G0 F15000 X146.904 Y112.68
G1 F9000 X145.54 Y111.316 E253.81814
G0 F15000 X146.162 Y111.316
G1 F9000 X147.527 Y112.68 E253.88521
G0 F15000 X148.149 Y112.68
G1 F9000 X146.784 Y111.316 E253.95228
G0 F15000 X147.406 Y111.316
G1 F9000 X148.771 Y112.68 E254.01935
G0 F15000 X149.393 Y112.68
G1 F9000 X148.029 Y111.316 E254.0864
G0 F15000 X148.651 Y111.316
G1 F9000 X150.016 Y112.68 E254.15347
G0 F15000 X150.638 Y112.68
G1 F9000 X149.273 Y111.316 E254.22054
G0 F15000 X149.895 Y111.316
G1 F9000 X151.26 Y112.68 E254.28761
G0 F15000 X151.882 Y112.68
G1 F9000 X150.518 Y111.316 E254.35465
G0 F15000 X151.14 Y111.316
G1 F9000 X152.505 Y112.68 E254.42172
G0 F15000 X153.127 Y112.68
G1 F9000 X151.762 Y111.316 E254.48879
G0 F15000 X152.384 Y111.316
G1 F9000 X153.749 Y112.68 E254.55586
G0 F15000 X154.371 Y112.68
G1 F9000 X153.007 Y111.316 E254.62291
G0 F15000 X153.629 Y111.316
G1 F9000 X154.994 Y112.68 E254.68998
G0 F15000 X155.616 Y112.68
G1 F9000 X154.251 Y111.316 E254.75705
G0 F15000 X154.873 Y111.316
G1 F9000 X156.238 Y112.68 E254.82412
G0 F15000 X156.86 Y112.68
G1 F9000 X155.496 Y111.316 E254.89116
G0 F15000 X156.118 Y111.316
G1 F9000 X157.483 Y112.68 E254.95823
G0 F15000 X158.105 Y112.68
G1 F9000 X156.74 Y111.316 E255.0253
G0 F15000 X157.362 Y111.316
G1 F9000 X158.727 Y112.68 E255.09237
G0 F15000 X159.349 Y112.68
G1 F9000 X157.985 Y111.316 E255.15942
G0 F15000 X158.607 Y111.316
G1 F9000 X159.972 Y112.68 E255.22649
G0 F15000 X160.594 Y112.68
G1 F9000 X159.229 Y111.316 E255.29356
G0 F15000 X159.851 Y111.316
G1 F9000 X161.216 Y112.68 E255.36063
G0 F15000 X161.838 Y112.68
G1 F9000 X160.474 Y111.316 E255.42768
G0 F15000 X161.096 Y111.316
G1 F9000 X162.461 Y112.68 E255.49475
G0 F15000 X163.083 Y112.68
G1 F9000 X161.718 Y111.316 E255.56182
G0 F15000 X162.34 Y111.316
G1 F9000 X163.705 Y112.68 E255.62889
G0 F15000 X164.327 Y112.68
G1 F9000 X162.963 Y111.316 E255.69593
G0 F15000 X163.585 Y111.316
G1 F9000 X164.95 Y112.68 E255.763
G0 F15000 X164.972 Y112.081
G1 F9000 X164.207 Y111.316 E255.8006
G0 F15000 X164.829 Y111.316
G1 F9000 X164.972 Y111.458 E255.80761
G1 F2400 E255.30761
;MESH:Pin 5mm - AKM.STL(7)
G0 F15000 X166.204 Y120.297
;TYPE:WALL-OUTER
G1 F2400 E255.80761
G1 F7659.6 X166.946 Y120.298 E255.83791
G1 F2400 E255.33791
G0 F15000 X167.71 Y122.958
G1 F2400 E255.83791
G1 F9000 X167.577 Y123.299 E255.85063
G1 X167.361 Y123.519 E255.86135
G1 F8703.3 X167.281 Y123.584 E255.86505
G1 F8000 X167.028 Y123.697 E255.87589
G1 X167.303 Y123.722 E255.88668
G1 F8703.3 X167.324 Y123.724 E255.88744
G1 X167.452 Y123.736 E255.89206
G1 F9000 X168.528 Y123.736 E255.92946
G1 X168.528 Y120.26 E256.05028
G1 X167.436 Y120.26 E256.08823
G1 F8819.6 X167.274 Y120.269 E256.09399
G1 F8461.5 X167.17 Y120.278 E256.09785
G1 F7983.9 X166.946 Y120.298 E256.10666
G1 X167.163 Y120.358 E256.11548
G1 F8461.5 X167.238 Y120.395 E256.11857
G1 F8819.6 X167.248 Y120.402 E256.119
G1 X167.425 Y120.53 E256.12675
G1 F9000 X167.624 Y120.78 E256.13786
G1 X167.712 Y121.072 E256.14846
G1 X167.71 Y122.958 E256.21401
G1 F2400 E255.71401
G0 F15000 X167.028 Y123.697
G1 F2400 E256.21401
G1 F7659.6 X166.249 Y123.7 E256.24582
G1 F2400 E255.74582
G0 F15000 X136.615 Y123.78
G1 F2400 E256.24582
G1 F9000 X136.748 Y123.736 E256.25069
G1 X165.736 Y123.736 E257.25822
G1 F8319.3 X166.03 Y123.715 E257.2693
G1 X166.249 Y123.7 E257.27756
G1 X166.03 Y123.446 E257.29017
G1 F9000 X166.028 Y120.552 E257.39075
G1 F8267.2 X166.204 Y120.297 E257.40248
G1 X166.03 Y120.283 E257.40908
G1 X165.736 Y120.26 E257.42024
G1 F9000 X136.748 Y120.26 E258.42777
G1 X136.615 Y120.216 E258.43264
G1 X136.531 Y120.078 E258.43826
G1 X136.528 Y118.78 E258.48337
G1 X135.468 Y118.78 E258.52021
G1 X135.468 Y125.216 E258.74391
G1 X136.528 Y125.216 E258.78075
G1 X136.528 Y123.956 E258.82454
G1 X136.615 Y123.78 E258.83137
G0 F15000 X136.748 Y123.296
;TYPE:WALL-INNER
G1 F10500 X165.588 Y123.296 E259.83376
G1 X165.588 Y120.7 E259.92398
G1 X136.748 Y120.7 E260.92637
G1 X136.351 Y120.568 E260.94091
G1 F8619.4 X136.003 Y120.17 E260.9633
G1 X135.908 Y120.79 E260.98985
G1 F10500 X135.908 Y123.206 E261.07383
G1 F8717 X135.998 Y123.956 E261.10545
G1 X136.351 Y123.428 E261.13204
G1 F10500 X136.748 Y123.296 E261.14658
G1 F2400 E260.64658
G0 F15000 X135.998 Y123.956
G1 F2400 E261.14658
G1 F7451.6 X135.998 Y124.686 E261.18234
G1 F2400 E260.68234
G0 F15000 X136.003 Y120.17
G1 F2400 E261.18234
G1 F7380.2 X135.998 Y119.31 E261.22486
G1 F2400 E260.72486
G0 F15000 X168.077 Y120.711
G1 F2400 E261.22486
G1 F10572.1 X168.102 Y120.861 E261.23011
G1 F11725.9 X168.12 Y121.072 E261.2367
G1 F12222.2 X168.119 Y121.731 E261.25638
G1 F12062.7 X168.118 Y122.39 E261.27632
G1 F11907.2 X168.116 Y123.049 E261.29652
G1 F10870.6 X168.078 Y123.286 E261.30457
G1 F2400 E260.80457
G0 F15000 X136.756 Y122.9
;TYPE:SKIN
G1 F2400 E261.30457
G1 F9000 X165.192 Y122.9 E262.29292
G1 X165.192 Y121.096 E262.35562
G1 X136.717 Y121.096 E263.34532
G1 X136.301 Y120.954 E263.3606
G1 X136.304 Y123.037 E263.433
G1 X136.756 Y122.9 E263.44941
G0 F15000 X136.992 Y122.68
G1 F9000 X136.523 Y122.211 E263.47247
G0 F15000 X136.522 Y121.588
G1 F9000 X137.614 Y122.68 E263.52614
G0 F15000 X138.237 Y122.68
G1 F9000 X136.873 Y121.316 E263.59319
G0 F15000 X137.495 Y121.316
G1 F9000 X138.859 Y122.68 E263.66023
G0 F15000 X139.481 Y122.68
G1 F9000 X138.117 Y121.316 E263.72728
G0 F15000 X138.739 Y121.316
G1 F9000 X140.103 Y122.68 E263.79433
G0 F15000 X140.726 Y122.68
G1 F9000 X139.362 Y121.316 E263.86137
G0 F15000 X139.984 Y121.316
G1 F9000 X141.348 Y122.68 E263.92842
G0 F15000 X141.97 Y122.68
G1 F9000 X140.606 Y121.316 E263.99546
G0 F15000 X141.228 Y121.316
G1 F9000 X142.592 Y122.68 E264.06251
G0 F15000 X143.215 Y122.68
G1 F9000 X141.851 Y121.316 E264.12955
G0 F15000 X142.473 Y121.316
G1 F9000 X143.837 Y122.68 E264.1966
G0 F15000 X144.459 Y122.68
G1 F9000 X143.095 Y121.316 E264.26364
G0 F15000 X143.717 Y121.316
G1 F9000 X145.081 Y122.68 E264.33069
G0 F15000 X145.704 Y122.68
G1 F9000 X144.34 Y121.316 E264.39774
G0 F15000 X144.962 Y121.316
G1 F9000 X146.326 Y122.68 E264.46478
G0 F15000 X146.948 Y122.68
G1 F9000 X145.584 Y121.316 E264.53183
G0 F15000 X146.206 Y121.316
G1 F9000 X147.57 Y122.68 E264.59887
G0 F15000 X148.193 Y122.68
G1 F9000 X146.829 Y121.316 E264.66592
G0 F15000 X147.451 Y121.316
G1 F9000 X148.815 Y122.68 E264.73296
G0 F15000 X149.437 Y122.68
G1 F9000 X148.073 Y121.316 E264.80001
G0 F15000 X148.695 Y121.316
G1 F9000 X150.059 Y122.68 E264.86705
G0 F15000 X150.682 Y122.68
G1 F9000 X149.318 Y121.316 E264.9341
G0 F15000 X149.94 Y121.316
G1 F9000 X151.304 Y122.68 E265.00114
G0 F15000 X151.926 Y122.68
G1 F9000 X150.562 Y121.316 E265.06819
G0 F15000 X151.184 Y121.316
G1 F9000 X152.548 Y122.68 E265.13524
G0 F15000 X153.171 Y122.68
G1 F9000 X151.807 Y121.316 E265.20228
G0 F15000 X152.429 Y121.316
G1 F9000 X153.793 Y122.68 E265.26933
G0 F15000 X154.415 Y122.68
G1 F9000 X153.051 Y121.316 E265.33637
G0 F15000 X153.673 Y121.316
G1 F9000 X155.037 Y122.68 E265.40342
G0 F15000 X155.66 Y122.68
G1 F9000 X154.296 Y121.316 E265.47046
G0 F15000 X154.918 Y121.316
G1 F9000 X156.282 Y122.68 E265.53751
G0 F15000 X156.904 Y122.68
G1 F9000 X155.54 Y121.316 E265.60455
G0 F15000 X156.162 Y121.316
G1 F9000 X157.526 Y122.68 E265.6716
G0 F15000 X158.149 Y122.68
G1 F9000 X156.785 Y121.316 E265.73865
G0 F15000 X157.407 Y121.316
G1 F9000 X158.771 Y122.68 E265.80569
G0 F15000 X159.393 Y122.68
G1 F9000 X158.029 Y121.316 E265.87274
G0 F15000 X158.651 Y121.316
G1 F9000 X160.015 Y122.68 E265.93978
G0 F15000 X160.638 Y122.68
G1 F9000 X159.274 Y121.316 E266.00683
G0 F15000 X159.896 Y121.316
G1 F9000 X161.26 Y122.68 E266.07387
G0 F15000 X161.882 Y122.68
G1 F9000 X160.518 Y121.316 E266.14092
G0 F15000 X161.14 Y121.316
G1 F9000 X162.504 Y122.68 E266.20796
G0 F15000 X163.127 Y122.68
G1 F9000 X161.763 Y121.316 E266.27501
G0 F15000 X162.385 Y121.316
G1 F9000 X163.749 Y122.68 E266.34205
G0 F15000 X164.371 Y122.68
G1 F9000 X163.007 Y121.316 E266.4091
G0 F15000 X163.629 Y121.316
G1 F9000 X164.972 Y122.659 E266.47511
G0 F15000 X164.972 Y122.037
G1 F9000 X164.252 Y121.316 E266.51053
G0 F15000 X164.874 Y121.316
G1 F9000 X164.972 Y121.414 E266.51535
G1 F2400 E266.01535
;MESH:Pin 5mm - AKM.STL(6)
G0 F15000 X176.615 Y103.78
;TYPE:WALL-OUTER
G1 F2400 E266.51535
G1 F9000 X176.748 Y103.736 E266.52021
G1 X205.736 Y103.736 E267.52775
G1 F8319.3 X206.03 Y103.715 E267.53883
G1 X206.249 Y103.7 E267.54708
G1 X206.03 Y103.446 E267.55969
G1 F9000 X206.028 Y100.552 E267.66028
G1 F8267.2 X206.204 Y100.297 E267.672
G1 X206.03 Y100.283 E267.67861
G1 X205.736 Y100.26 E267.68977
G1 F9000 X176.748 Y100.26 E268.6973
G1 X176.615 Y100.216 E268.70217
G1 X176.531 Y100.078 E268.70778
G1 X176.528 Y98.78 E268.7529
G1 X175.468 Y98.78 E268.78974
G1 X175.468 Y105.216 E269.01343
G1 X176.528 Y105.216 E269.05028
G1 X176.528 Y103.956 E269.09407
G1 X176.615 Y103.78 E269.10089
G1 F2400 E268.60089
G0 F15000 X206.249 Y103.7
G1 F2400 E269.10089
G1 F7659.6 X207.028 Y103.697 E269.13271
G1 F2400 E268.63271
G0 F15000 X207.71 Y102.958
G1 F2400 E269.13271
G1 F9000 X207.577 Y103.299 E269.14543
G1 X207.361 Y103.519 E269.15614
G1 F8703.3 X207.281 Y103.584 E269.15985
G1 F8000 X207.028 Y103.697 E269.17068
G1 X207.303 Y103.722 E269.18148
G1 F8703.3 X207.324 Y103.724 E269.18224
G1 X207.452 Y103.736 E269.18686
G1 F9000 X208.528 Y103.736 E269.22426
G1 X208.528 Y100.26 E269.34507
G1 X207.436 Y100.26 E269.38303
G1 F8819.6 X207.274 Y100.269 E269.38878
G1 F8461.5 X207.17 Y100.278 E269.39264
G1 F7983.9 X206.946 Y100.298 E269.40145
G1 X207.163 Y100.358 E269.41027
G1 F8461.5 X207.238 Y100.395 E269.41337
G1 F8819.6 X207.248 Y100.402 E269.4138
G1 X207.425 Y100.53 E269.42155
G1 F9000 X207.624 Y100.78 E269.43265
G1 X207.712 Y101.072 E269.44325
G1 X207.71 Y102.958 E269.5088
G1 F2400 E269.0088
G0 F15000 X206.946 Y100.298
G1 F2400 E269.5088
G1 F7659.6 X206.204 Y100.297 E269.53911
G1 F2400 E269.03911
G0 F15000 X208.077 Y100.711
;TYPE:WALL-INNER
G1 F2400 E269.53911
G1 F10572.1 X208.102 Y100.861 E269.54436
G1 F11725.9 X208.12 Y101.072 E269.55095
G1 F12222.2 X208.119 Y101.731 E269.57062
G1 F12062.7 X208.118 Y102.39 E269.59056
G1 F11907.2 X208.116 Y103.049 E269.61076
G1 F10870.6 X208.078 Y103.286 E269.61882
G1 F2400 E269.11882
G0 F15000 X176.748 Y103.296
G1 F2400 E269.61882
G1 F10500 X205.588 Y103.296 E270.6212
G1 X205.588 Y100.7 E270.71143
G1 X176.748 Y100.7 E271.71382
G1 X176.351 Y100.568 E271.72836
G1 F8619.4 X176.003 Y100.17 E271.75075
G1 X175.908 Y100.79 E271.7773
G1 F10500 X175.908 Y103.206 E271.86128
G1 F8717 X175.998 Y103.956 E271.8929
G1 X176.351 Y103.428 E271.91949
G1 F10500 X176.748 Y103.296 E271.93403
G1 F2400 E271.43403
G0 F15000 X175.998 Y103.956
G1 F2400 E271.93403
G1 F7451.6 X175.998 Y104.686 E271.96979
G1 F2400 E271.46979
G0 F15000 X176.003 Y100.17
G1 F2400 E271.96979
G1 F7380.2 X175.998 Y99.31 E272.01231
G1 F2400 E271.51231
G0 F15000 X176.756 Y102.9
;TYPE:SKIN
G1 F2400 E272.01231
G1 F9000 X205.192 Y102.9 E273.00066
G1 X205.192 Y101.096 E273.06336
G1 X176.717 Y101.096 E274.05306
G1 X176.301 Y100.954 E274.06834
G1 X176.304 Y103.037 E274.14074
G1 X176.756 Y102.9 E274.15715
G0 F15000 X176.728 Y102.68
G1 F9000 X176.524 Y102.476 E274.16718
G0 F15000 X176.522 Y101.852
G1 F9000 X177.35 Y102.68 E274.20788
G0 F15000 X177.972 Y102.68
G1 F9000 X176.608 Y101.316 E274.27492
G0 F15000 X177.231 Y101.316
G1 F9000 X178.595 Y102.68 E274.34197
G0 F15000 X179.217 Y102.68
G1 F9000 X177.853 Y101.316 E274.40902
G0 F15000 X178.475 Y101.316
G1 F9000 X179.839 Y102.68 E274.47606
G0 F15000 X180.461 Y102.68
G1 F9000 X179.097 Y101.316 E274.54311
G0 F15000 X179.72 Y101.316
G1 F9000 X181.084 Y102.68 E274.61015
G0 F15000 X181.706 Y102.68
G1 F9000 X180.342 Y101.316 E274.6772
G0 F15000 X180.964 Y101.316
G1 F9000 X182.328 Y102.68 E274.74424
G0 F15000 X182.95 Y102.68
G1 F9000 X181.586 Y101.316 E274.81129
G0 F15000 X182.209 Y101.316
G1 F9000 X183.573 Y102.68 E274.87833
G0 F15000 X184.195 Y102.68
G1 F9000 X182.831 Y101.316 E274.94538
G0 F15000 X183.453 Y101.316
G1 F9000 X184.817 Y102.68 E275.01243
G0 F15000 X185.439 Y102.68
G1 F9000 X184.075 Y101.316 E275.07947
G0 F15000 X184.698 Y101.316
G1 F9000 X186.062 Y102.68 E275.14652
G0 F15000 X186.684 Y102.68
G1 F9000 X185.32 Y101.316 E275.21356
G0 F15000 X185.942 Y101.316
G1 F9000 X187.306 Y102.68 E275.28061
G0 F15000 X187.928 Y102.68
G1 F9000 X186.564 Y101.316 E275.34765
G0 F15000 X187.187 Y101.316
G1 F9000 X188.551 Y102.68 E275.4147
G0 F15000 X189.173 Y102.68
G1 F9000 X187.809 Y101.316 E275.48174
G0 F15000 X188.431 Y101.316
G1 F9000 X189.795 Y102.68 E275.54879
G0 F15000 X190.417 Y102.68
G1 F9000 X189.053 Y101.316 E275.61583
G0 F15000 X189.676 Y101.316
G1 F9000 X191.04 Y102.68 E275.68288
G0 F15000 X191.662 Y102.68
G1 F9000 X190.298 Y101.316 E275.74993
G0 F15000 X190.92 Y101.316
G1 F9000 X192.284 Y102.68 E275.81697
G0 F15000 X192.907 Y102.68
G1 F9000 X191.542 Y101.316 E275.88404
G0 F15000 X192.165 Y101.316
G1 F9000 X193.529 Y102.68 E275.95109
G0 F15000 X194.151 Y102.68
G1 F9000 X192.787 Y101.316 E276.01813
G0 F15000 X193.409 Y101.316
G1 F9000 X194.773 Y102.68 E276.08518
G0 F15000 X195.396 Y102.68
G1 F9000 X194.032 Y101.316 E276.15222
G0 F15000 X194.654 Y101.316
G1 F9000 X196.018 Y102.68 E276.21927
G0 F15000 X196.64 Y102.68
G1 F9000 X195.276 Y101.316 E276.28631
G0 F15000 X195.898 Y101.316
G1 F9000 X197.262 Y102.68 E276.35336
G0 F15000 X197.885 Y102.68
G1 F9000 X196.521 Y101.316 E276.42041
G0 F15000 X197.143 Y101.316
G1 F9000 X198.507 Y102.68 E276.48745
G0 F15000 X199.129 Y102.68
G1 F9000 X197.765 Y101.316 E276.5545
G0 F15000 X198.387 Y101.316
G1 F9000 X199.751 Y102.68 E276.62154
G0 F15000 X200.374 Y102.68
G1 F9000 X199.01 Y101.316 E276.68859
G0 F15000 X199.632 Y101.316
G1 F9000 X200.996 Y102.68 E276.75563
G0 F15000 X201.618 Y102.68
G1 F9000 X200.254 Y101.316 E276.82268
G0 F15000 X200.876 Y101.316
G1 F9000 X202.24 Y102.68 E276.88972
G0 F15000 X202.863 Y102.68
G1 F9000 X201.499 Y101.316 E276.95677
G0 F15000 X202.121 Y101.316
G1 F9000 X203.485 Y102.68 E277.02382
G0 F15000 X204.107 Y102.68
G1 F9000 X202.743 Y101.316 E277.09086
G0 F15000 X203.365 Y101.316
G1 F9000 X204.729 Y102.68 E277.15791
G0 F15000 X204.972 Y102.3
G1 F9000 X203.988 Y101.316 E277.20627
G0 F15000 X204.61 Y101.316
G1 F9000 X204.972 Y101.678 E277.22407
G1 F2400 E276.72407
;MESH:NONMESH
G0 F600 X204.972 Y101.678 Z0.8
G0 F15000 X56.615 Y113.92
;TIME_ELAPSED:151.598508
;LAYER:3
;TYPE:WALL-OUTER
;MESH:Pin 5mm - AKM.STL(4)
G1 F2400 E277.22407
G1 F9000 X56.748 Y113.876 E277.22894
G1 X85.596 Y113.876 E278.2316
G1 F7239.5 X86.25 Y113.77 E278.26023
G1 X86.028 Y113.444 E278.27727
G1 F9000 X86.028 Y110.552 E278.37779
G1 F7213.1 X86.192 Y110.228 E278.39354
G1 X85.596 Y110.12 E278.4198
G1 F9000 X56.748 Y110.12 E279.42247
G1 X56.615 Y110.076 E279.42734
G1 X56.531 Y109.938 E279.43295
G1 X56.528 Y108.7 E279.47598
G1 X55.468 Y108.7 E279.51282
G1 X55.468 Y115.296 E279.74208
G1 X56.528 Y115.296 E279.77892
G1 X56.528 Y114.096 E279.82063
G1 X56.615 Y113.92 E279.82746
G1 F2400 E279.32746
G0 F15000 X86.25 Y113.77
G1 F2400 E279.82746
G1 F6018.2 X87.041 Y113.766 E279.86857
G1 F2400 E279.36857
G0 F15000 X87.71 Y112.962
G1 F2400 E279.86857
G1 F9000 X87.63 Y113.21 E279.87763
G1 X87.444 Y113.454 E279.88829
G1 F8372.1 X87.275 Y113.61 E279.89688
G1 F7374.3 X87.206 Y113.675 E279.9009
G1 F6523.9 X87.069 Y113.752 E279.90844
G1 F6055 X87.041 Y113.766 E279.91006
G1 X87.071 Y113.773 E279.91165
G1 F6523.9 X87.224 Y113.812 E279.91922
G1 F7374.3 X87.346 Y113.843 E279.92456
G1 F8372.1 X87.574 Y113.876 E279.93317
G1 F9000 X88.528 Y113.876 E279.96633
G1 X88.528 Y110.12 E280.09687
G1 X87.412 Y110.12 E280.13566
G1 F7674.4 X87.105 Y110.197 E280.14856
G1 F6346.2 X86.978 Y110.228 E280.15501
G1 X87.089 Y110.281 E280.16107
G1 F7674.4 X87.344 Y110.468 E280.17396
G1 F9000 X87.624 Y110.768 E280.18822
G1 X87.72 Y111.111 E280.2006
G1 X87.71 Y112.962 E280.26494
G1 F2400 E279.76494
G0 F15000 X86.978 Y110.228
G1 F2400 E280.26494
G1 F6027.4 X86.192 Y110.228 E280.30573
G1 F2400 E279.80573
G0 F15000 X88.058 Y110.59
;TYPE:WALL-INNER
G1 F2400 E280.30573
G1 F9506.2 X88.072 Y110.673 E280.30896
G1 F10769.2 X88.124 Y111.06 E280.32219
G1 F11907.2 X88.122 Y111.722 E280.34248
G1 F11785.7 X88.119 Y112.384 E280.36298
G1 F11666.7 X88.116 Y113.046 E280.38369
G1 F10500 X88.067 Y113.356 E280.3946
G1 F9390.2 X88.057 Y113.405 E280.39654
G1 F2400 E279.89654
G0 F15000 X56.748 Y113.436
G1 F2400 E280.39654
G1 F10500 X85.588 Y113.436 E281.39893
G1 X85.588 Y110.56 E281.49889
G1 X56.748 Y110.56 E282.50128
G1 X56.351 Y110.428 E282.51582
G1 F8619.4 X56.003 Y110.03 E282.5382
G1 X55.908 Y110.65 E282.56476
G1 F10500 X55.908 Y113.346 E282.65846
G1 F8717 X55.998 Y114.096 E282.69009
G1 X56.351 Y113.568 E282.71668
G1 F10500 X56.748 Y113.436 E282.73122
G1 F2400 E282.23122
G0 F15000 X55.998 Y114.096
G1 F2400 E282.73122
G1 F7451.6 X55.998 Y114.766 E282.76403
G1 F2400 E282.26403
G0 F15000 X56.003 Y110.03
G1 F2400 E282.76403
G1 F7380.2 X55.998 Y109.23 E282.80359
G1 F2400 E282.30359
G0 F15000 X56.303 Y110.817
;TYPE:FILL
G1 F2400 E282.80359
G1 F15000 X56.304 Y112.281 E282.85448
G1 X56.659 Y110.956 E282.90216
G1 X57.621 Y110.956 E282.93559
G1 X59.705 Y113.04 E283.03803
G1 X58.053 Y113.041 E283.09545
G1 X58.612 Y110.956 E283.17047
G1 X60.288 Y110.956 E283.22873
G1 X62.372 Y113.04 E283.33116
G1 X62.329 Y113.04 E283.33266
G1 X62.517 Y110.955 E283.40542
G1 X62.955 Y110.956 E283.42064
G1 X65.039 Y113.04 E283.52308
G1 X63.911 Y113.041 E283.56228
G1 X64.469 Y110.956 E283.6373
G1 X65.622 Y110.956 E283.67738
G1 X67.706 Y113.04 E283.77981
G1 X65.863 Y113.04 E283.84387
G1 X66.422 Y110.955 E283.9189
G1 X68.29 Y110.956 E283.98382
G1 X69.628 Y112.295 E284.04962
G1 X69.828 Y113.04 E284.07643
G1 X70.22 Y113.04 E284.09005
G1 X69.994 Y112.197 E284.12039
G1 X70.327 Y110.956 E284.16504
G1 X70.957 Y110.956 E284.18694
G1 X73.041 Y113.04 E284.28938
G1 X71.721 Y113.04 E284.33526
G1 X72.28 Y110.955 E284.41028
G1 X73.624 Y110.956 E284.457
G1 X75.708 Y113.04 E284.55943
G1 X75.858 Y113.04 E284.56465
G1 X76.184 Y110.956 E284.63796
G1 X76.291 Y110.956 E284.64168
G1 X77.478 Y112.143 E284.70003
G1 X77.718 Y113.041 E284.73233
G1 X78.112 Y113.04 E284.74603
G1 X77.845 Y112.043 E284.7819
G1 X78.137 Y110.955 E284.82105
G1 X78.958 Y110.956 E284.84959
G1 X81.042 Y113.04 E284.95203
G1 X79.531 Y113.041 E285.00454
G1 X80.09 Y110.955 E285.0796
G1 X81.626 Y110.956 E285.13299
G1 X83.709 Y113.04 E285.2354
G1 X83.748 Y113.04 E285.23676
G1 X83.994 Y110.956 E285.30969
G1 X84.293 Y110.956 E285.32009
G1 X85.192 Y111.856 E285.3643
G1 X85.191 Y112.37 E285.38216
G1 X82.688 Y113.041 E285.47223
G1 X81.484 Y113.04 E285.51408
G1 X82.042 Y110.956 E285.58906
G1 X83.18 Y110.956 E285.62862
G1 X75.401 Y113.04 E285.90853
G1 X73.673 Y113.041 E285.96859
G1 X74.232 Y110.955 E286.04365
G1 X75.894 Y110.956 E286.10141
G1 X68.114 Y113.041 E286.38136
G1 X67.816 Y113.041 E286.39172
G1 X68.374 Y110.955 E286.46677
G1 X68.156 Y110.954 E286.47435
G1 X60.828 Y113.04 E286.73917
G1 X60.006 Y113.04 E286.76774
G1 X60.564 Y110.955 E286.84275
G1 X60.457 Y110.955 E286.84647
G1 X56.304 Y112.3 E286.9982
G1 X56.304 Y113.18 E287.02879
G1 X56.721 Y113.04 E287.04407
G1 X57.037 Y113.04 E287.05506
G1 X56.303 Y112.306 E287.09114
G1 X56.226 Y112.229
G1 F2400 E286.59114
;MESH:Pin Lock 5mm.STL(2)
G0 F15000 X104.499 Y123.168
;TYPE:WALL-OUTER
G1 F2400 E287.09114
G1 F9000 X109.941 Y123.163 E287.28028
G1 X110.068 Y123.123 E287.28491
G1 X110.179 Y123.031 E287.28992
G1 X110.272 Y122.825 E287.29778
G1 X110.268 Y121.164 E287.35551
G1 X110.23 Y121.037 E287.36012
G1 X110.079 Y120.88 E287.36769
G1 X109.904 Y120.828 E287.37403
G1 X104.5 Y120.828 E287.56186
G1 F8389.8 X104.251 Y120.652 E287.57323
G1 F7888.4 X104.25 Y120.356 E287.58497
G1 F7920 X103.75 Y120.356 E287.60471
G1 F7888.4 X103.752 Y120.695 E287.61816
G1 F8389.8 X103.72 Y121.608 E287.65222
G1 F9000 X103.72 Y123.672 E287.72396
G1 X104.28 Y123.672 E287.74342
G1 X104.28 Y123.39 E287.75322
G1 X104.499 Y123.168 E287.76406
G0 F15000 X104.499 Y122.728
;TYPE:WALL-INNER
G1 F10500 X109.831 Y122.724 E287.94938
G1 X109.829 Y121.268 E287.99999
G1 X104.5 Y121.268 E288.18521
G1 X104.159 Y120.981 E288.2007
G1 X104.16 Y123.07 E288.27331
G1 X104.499 Y122.728 E288.29004
G1 F2400 E287.79004
G0 F15000 X109.1 Y122.272
;TYPE:SKIN
G1 F2400 E288.29004
G1 F7173.9 X109.376 Y122.272 E288.30208
G1 X109.376 Y121.72 E288.32615
G1 X109.1 Y121.72 E288.33818
G1 X106.856 Y121.72 E288.43603
G1 F7160.9 X104.612 Y121.721 E288.53406
G1 F7148 X104.613 Y122.275 E288.5583
G1 F7160.9 X106.857 Y122.274 E288.65632
G1 F7173.9 X109.101 Y122.272 E288.75417
G1 F2400 E288.25417
;MESH:Pin Lock 5mm.STL
G0 F15000 X114.499 Y123.168
;TYPE:WALL-OUTER
G1 F2400 E288.75417
G1 F9000 X119.941 Y123.163 E288.94332
G1 X120.068 Y123.123 E288.94795
G1 X120.179 Y123.031 E288.95296
G1 X120.272 Y122.825 E288.96081
G1 X120.268 Y121.164 E289.01854
G1 X120.23 Y121.037 E289.02315
G1 X120.079 Y120.88 E289.03072
G1 X119.904 Y120.828 E289.03707
G1 X114.5 Y120.828 E289.22489
G1 F8389.8 X114.251 Y120.652 E289.23626
G1 F7888.4 X114.25 Y120.356 E289.248
G1 F7920 X113.75 Y120.356 E289.26775
G1 F7888.4 X113.752 Y120.695 E289.28119
G1 F8389.8 X113.72 Y121.608 E289.31525
G1 F9000 X113.72 Y123.672 E289.38699
G1 X114.28 Y123.672 E289.40646
G1 X114.28 Y123.39 E289.41626
G1 X114.499 Y123.168 E289.4271
G0 F15000 X114.499 Y122.728
;TYPE:WALL-INNER
G1 F10500 X119.831 Y122.724 E289.61242
G1 X119.829 Y121.268 E289.66303
G1 X114.5 Y121.268 E289.84824
G1 X114.159 Y120.981 E289.86374
G1 X114.16 Y123.07 E289.93634
G1 X114.499 Y122.728 E289.95308
G1 F2400 E289.45308
G0 F15000 X119.1 Y122.272
;TYPE:SKIN
G1 F2400 E289.95308
G1 F7173.9 X119.376 Y122.272 E289.96511
G1 X119.376 Y121.72 E289.98918
G1 X119.1 Y121.72 E290.00122
G1 X116.856 Y121.72 E290.09907
G1 F7160.9 X114.612 Y121.721 E290.19709
G1 F7148 X114.613 Y122.275 E290.22134
G1 F7160.9 X116.857 Y122.274 E290.31936
G1 F7173.9 X119.101 Y122.272 E290.41721
G1 F2400 E289.91721
;MESH:Pin Lock 5mm.STL(4)
G0 F15000 X124.499 Y123.168
;TYPE:WALL-OUTER
G1 F2400 E290.41721
G1 F9000 X129.941 Y123.163 E290.60635
G1 X130.068 Y123.123 E290.61098
G1 X130.179 Y123.031 E290.61599
G1 X130.272 Y122.825 E290.62385
G1 X130.268 Y121.164 E290.68158
G1 X130.23 Y121.037 E290.68619
G1 X130.079 Y120.88 E290.69376
G1 X129.904 Y120.828 E290.7001
G1 X124.5 Y120.828 E290.88793
G1 F8389.8 X124.251 Y120.652 E290.8993
G1 F7888.4 X124.25 Y120.356 E290.91104
G1 F7920 X123.75 Y120.356 E290.93078
G1 F7888.4 X123.752 Y120.695 E290.94423
G1 F8389.8 X123.72 Y121.608 E290.97829
G1 F9000 X123.72 Y123.672 E291.05003
G1 X124.28 Y123.672 E291.06949
G1 X124.28 Y123.39 E291.07929
G1 X124.499 Y123.168 E291.09013
G0 F15000 X124.499 Y122.728
;TYPE:WALL-INNER
G1 F10500 X129.831 Y122.724 E291.27545
G1 X129.829 Y121.268 E291.32606
G1 X124.5 Y121.268 E291.51128
G1 X124.159 Y120.981 E291.52677
G1 X124.16 Y123.07 E291.59938
G1 X124.499 Y122.728 E291.61612
G1 F2400 E291.11612
G0 F15000 X129.1 Y122.272
;TYPE:SKIN
G1 F2400 E291.61612
G1 F7173.9 X129.376 Y122.272 E291.62815
G1 X129.376 Y121.72 E291.65222
G1 X129.1 Y121.72 E291.66425
G1 X126.856 Y121.72 E291.7621
G1 F7160.9 X124.612 Y121.721 E291.86013
G1 F7148 X124.613 Y122.275 E291.88437
G1 F7160.9 X126.857 Y122.274 E291.9824
G1 F7173.9 X129.101 Y122.272 E292.08024
G1 F2400 E291.58024
;MESH:Pin 5mm - AKM.STL
G0 F15000 X127.041 Y113.766
;TYPE:WALL-OUTER
G1 F2400 E292.08024
G1 F6018.2 X126.25 Y113.77 E292.12136
G1 F2400 E291.62136
G0 F15000 X127.71 Y112.962
G1 F2400 E292.12136
G1 F9000 X127.63 Y113.21 E292.13041
G1 X127.444 Y113.454 E292.14108
G1 F8372.1 X127.275 Y113.61 E292.14967
G1 F7374.3 X127.206 Y113.675 E292.15369
G1 F6523.9 X127.069 Y113.752 E292.16123
G1 F6055 X127.041 Y113.766 E292.16285
G1 X127.071 Y113.773 E292.16444
G1 F6523.9 X127.224 Y113.812 E292.17201
G1 F7374.3 X127.346 Y113.843 E292.17735
G1 F8372.1 X127.574 Y113.876 E292.18595
G1 F9000 X128.528 Y113.876 E292.21911
G1 X128.528 Y110.12 E292.34966
G1 X127.412 Y110.12 E292.38845
G1 F7674.4 X127.105 Y110.197 E292.40135
G1 F6346.2 X126.978 Y110.228 E292.40779
G1 X127.089 Y110.281 E292.41386
G1 F7674.4 X127.344 Y110.468 E292.42675
G1 F9000 X127.624 Y110.768 E292.44101
G1 X127.72 Y111.111 E292.45339
G1 X127.71 Y112.962 E292.51772
G1 F2400 E292.01772
G0 F15000 X126.978 Y110.228
G1 F2400 E292.51772
G1 F6027.4 X126.192 Y110.228 E292.55852
G1 F2400 E292.05852
G0 F15000 X96.615 Y113.92
G1 F2400 E292.55852
G1 F9000 X96.748 Y113.876 E292.56338
G1 X125.596 Y113.876 E293.56605
G1 F7239.5 X126.25 Y113.77 E293.59468
G1 X126.028 Y113.444 E293.61172
G1 F9000 X126.028 Y110.552 E293.71224
G1 F7213.1 X126.192 Y110.228 E293.72799
G1 X125.596 Y110.12 E293.75425
G1 F9000 X96.748 Y110.12 E294.75692
G1 X96.615 Y110.076 E294.76179
G1 X96.531 Y109.938 E294.7674
G1 X96.528 Y108.7 E294.81043
G1 X95.468 Y108.7 E294.84727
G1 X95.468 Y115.296 E295.07653
G1 X96.528 Y115.296 E295.11337
G1 X96.528 Y114.096 E295.15508
G1 X96.615 Y113.92 E295.1619
G0 F15000 X96.748 Y113.436
;TYPE:WALL-INNER
G1 F10500 X125.588 Y113.436 E296.16429
G1 X125.588 Y110.56 E296.26425
G1 X96.748 Y110.56 E297.26664
G1 X96.351 Y110.428 E297.28118
G1 F8619.4 X96.003 Y110.03 E297.30357
G1 X95.908 Y110.65 E297.33012
G1 F10500 X95.908 Y113.346 E297.42383
G1 F8717 X95.998 Y114.096 E297.45545
G1 X96.351 Y113.568 E297.48204
G1 F10500 X96.748 Y113.436 E297.49658
G1 F2400 E296.99658
G0 F15000 X95.998 Y114.096
G1 F2400 E297.49658
G1 F7451.6 X95.998 Y114.766 E297.5294
G1 F2400 E297.0294
G0 F15000 X96.003 Y110.03
G1 F2400 E297.5294
G1 F7380.2 X95.998 Y109.23 E297.56896
G1 F2400 E297.06896
G0 F15000 X128.058 Y110.59
G1 F2400 E297.56896
G1 F9506.2 X128.072 Y110.673 E297.57219
G1 F10769.2 X128.124 Y111.06 E297.58542
G1 F11907.2 X128.122 Y111.722 E297.60571
G1 F11785.7 X128.119 Y112.384 E297.62621
G1 F11666.7 X128.116 Y113.046 E297.64692
G1 F10500 X128.067 Y113.356 E297.65783
G1 F9390.2 X128.057 Y113.405 E297.65977
G1 F2400 E297.15977
G0 F15000 X96.304 Y112.307
;TYPE:FILL
G1 F2400 E297.65977
G1 F15000 X97.036 Y113.04 E297.69578
G1 X96.721 Y113.04 E297.70672
G1 X96.304 Y113.18 E297.72201
G1 X96.304 Y112.3 E297.7526
G1 X100.456 Y110.956 E297.90428
G1 X100.564 Y110.956 E297.90804
G1 X100.006 Y113.04 E297.98302
G1 X100.831 Y113.04 E298.01169
G1 X108.155 Y110.956 E298.27636
G1 X108.374 Y110.956 E298.28397
G1 X107.816 Y113.041 E298.35899
G1 X108.118 Y113.04 E298.36948
G1 X115.896 Y110.956 E298.64936
G1 X114.232 Y110.956 E298.70719
G1 X113.673 Y113.041 E298.78222
G1 X115.404 Y113.04 E298.84239
G1 X123.184 Y110.955 E299.12234
G1 X122.042 Y110.956 E299.16203
G1 X121.484 Y113.04 E299.23701
G1 X122.691 Y113.04 E299.27896
G1 X125.191 Y112.37 E299.36892
G1 X125.192 Y111.856 E299.38679
G1 X124.292 Y110.956 E299.43103
G1 X123.995 Y110.956 E299.44135
G1 X123.748 Y113.04 E299.51429
G1 X123.708 Y113.04 E299.51568
G1 X121.625 Y110.956 E299.61809
G1 X120.09 Y110.955 E299.67144
G1 X119.531 Y113.041 E299.7465
G1 X121.041 Y113.04 E299.79899
G1 X118.958 Y110.956 E299.9014
G1 X118.137 Y110.956 E299.92993
G1 X117.845 Y112.045 E299.96912
G1 X118.112 Y113.04 E300.00493
G1 X117.717 Y113.04 E300.01866
G1 X117.476 Y112.142 E300.05097
G1 X116.291 Y110.956 E300.10924
G1 X116.185 Y110.955 E300.11293
G1 X115.857 Y113.04 E300.18629
G1 X115.707 Y113.04 E300.1915
G1 X113.624 Y110.956 E300.29391
G1 X112.279 Y110.956 E300.34066
G1 X111.721 Y113.04 E300.41565
G1 X113.04 Y113.04 E300.46149
G1 X110.956 Y110.956 E300.56393
G1 X110.327 Y110.955 E300.58579
G1 X109.994 Y112.195 E300.63041
G1 X110.22 Y113.04 E300.66082
G1 X109.826 Y113.04 E300.67451
G1 X109.627 Y112.294 E300.70134
G1 X108.289 Y110.956 E300.76711
G1 X106.422 Y110.956 E300.832
G1 X105.863 Y113.04 E300.907
G1 X107.705 Y113.04 E300.97102
G1 X105.622 Y110.956 E301.07343
G1 X104.469 Y110.955 E301.11351
G1 X103.911 Y113.041 E301.18856
G1 X105.038 Y113.04 E301.22773
G1 X102.955 Y110.956 E301.33014
G1 X102.517 Y110.956 E301.34536
G1 X102.33 Y113.04 E301.41809
G1 X102.371 Y113.04 E301.41951
G1 X100.288 Y110.956 E301.52192
G1 X98.612 Y110.956 E301.58018
G1 X98.053 Y113.041 E301.6552
G1 X99.703 Y113.04 E301.71255
G1 X97.62 Y110.956 E301.81496
G1 X96.659 Y110.956 E301.84837
G1 X96.304 Y112.281 E301.89604
G1 X96.303 Y110.817 E301.94693
G1 X96.303 Y110.707
G1 F2400 E301.44693
;MESH:Pin 5mm - AKM.STL(2)
G0 F15000 X96.615 Y103.92
;TYPE:WALL-OUTER
G1 F2400 E301.94693
G1 F9000 X96.748 Y103.876 E301.9518
G1 X125.596 Y103.876 E302.95446
G1 F7239.5 X126.25 Y103.77 E302.98309
G1 X126.028 Y103.444 E303.00013
G1 F9000 X126.028 Y100.552 E303.10065
G1 F7213.1 X126.192 Y100.228 E303.1164
G1 X125.596 Y100.12 E303.14266
G1 F9000 X96.748 Y100.12 E304.14533
G1 X96.615 Y100.076 E304.1502
G1 X96.531 Y99.938 E304.15581
G1 X96.528 Y98.7 E304.19884
G1 X95.468 Y98.7 E304.23568
G1 X95.468 Y105.296 E304.46494
G1 X96.528 Y105.296 E304.50178
G1 X96.528 Y104.096 E304.54349
G1 X96.615 Y103.92 E304.55032
G1 F2400 E304.05032
G0 F15000 X126.25 Y103.77
G1 F2400 E304.55032
G1 F6018.2 X127.041 Y103.766 E304.59143
G1 F2400 E304.09143
G0 F15000 X127.71 Y102.962
G1 F2400 E304.59143
G1 F9000 X127.63 Y103.21 E304.60049
G1 X127.444 Y103.454 E304.61115
G1 F8372.1 X127.275 Y103.61 E304.61974
G1 F7374.3 X127.206 Y103.675 E304.62376
G1 F6523.9 X127.069 Y103.752 E304.6313
G1 F6055 X127.041 Y103.766 E304.63292
G1 X127.071 Y103.773 E304.63451
G1 F6523.9 X127.224 Y103.812 E304.64208
G1 F7374.3 X127.346 Y103.843 E304.64742
G1 F8372.1 X127.574 Y103.876 E304.65603
G1 F9000 X128.528 Y103.876 E304.68919
G1 X128.528 Y100.12 E304.81973
G1 X127.412 Y100.12 E304.85852
G1 F7674.4 X127.105 Y100.197 E304.87142
G1 F6346.2 X126.978 Y100.228 E304.87787
G1 X127.089 Y100.281 E304.88393
G1 F7674.4 X127.344 Y100.468 E304.89682
G1 F9000 X127.624 Y100.768 E304.91108
G1 X127.72 Y101.111 E304.92346
G1 X127.71 Y102.962 E304.9878
G1 F2400 E304.4878
G0 F15000 X126.978 Y100.228
G1 F2400 E304.9878
G1 F6027.4 X126.192 Y100.228 E305.02859
G1 F2400 E304.52859
G0 F15000 X128.058 Y100.59
;TYPE:WALL-INNER
G1 F2400 E305.02859
G1 F9506.2 X128.072 Y100.673 E305.03182
G1 F10769.2 X128.124 Y101.06 E305.04505
G1 F11907.2 X128.122 Y101.722 E305.06534
G1 F11785.7 X128.119 Y102.384 E305.08584
G1 F11666.7 X128.116 Y103.046 E305.10655
G1 F10500 X128.067 Y103.356 E305.11746
G1 F9390.2 X128.057 Y103.405 E305.1194
G1 F2400 E304.6194
G0 F15000 X96.748 Y103.436
G1 F2400 E305.1194
G1 F10500 X125.588 Y103.436 E306.12179
G1 X125.588 Y100.56 E306.22175
G1 X96.748 Y100.56 E307.22414
G1 X96.351 Y100.428 E307.23868
G1 F8619.4 X96.003 Y100.03 E307.26106
G1 X95.908 Y100.65 E307.28762
G1 F10500 X95.908 Y103.346 E307.38132
G1 F8717 X95.998 Y104.096 E307.41295
G1 X96.351 Y103.568 E307.43954
G1 F10500 X96.748 Y103.436 E307.45408
G1 F2400 E306.95408
G0 F15000 X95.998 Y104.096
G1 F2400 E307.45408
G1 F7451.6 X95.998 Y104.766 E307.48689
G1 F2400 E306.98689
G0 F15000 X96.003 Y100.03
G1 F2400 E307.48689
G1 F7380.2 X95.998 Y99.23 E307.52645
G1 F2400 E307.02645
G0 F15000 X96.303 Y100.817
;TYPE:FILL
G1 F2400 E307.52645
G1 F15000 X96.304 Y102.283 E307.57741
G1 X96.659 Y100.956 E307.62515
G1 X97.62 Y100.956 E307.65855
G1 X99.703 Y103.04 E307.76097
G1 X98.053 Y103.041 E307.81831
G1 X98.612 Y100.956 E307.89334
G1 X100.288 Y100.956 E307.95159
G1 X102.371 Y103.04 E308.05401
G1 X102.33 Y103.04 E308.05543
G1 X102.517 Y100.955 E308.12819
G1 X102.955 Y100.956 E308.14341
G1 X105.038 Y103.04 E308.24582
G1 X103.911 Y103.041 E308.285
G1 X104.469 Y100.956 E308.36001
G1 X105.622 Y100.956 E308.40009
G1 X107.705 Y103.04 E308.5025
G1 X105.863 Y103.04 E308.56652
G1 X106.422 Y100.955 E308.64155
G1 X108.289 Y100.956 E308.70644
G1 X109.626 Y102.294 E308.77218
G1 X109.827 Y103.04 E308.79904
G1 X110.221 Y103.04 E308.81273
G1 X109.995 Y102.197 E308.84307
G1 X110.327 Y100.956 E308.88772
G1 X110.956 Y100.956 E308.90958
G1 X113.04 Y103.04 E309.01201
G1 X111.721 Y103.041 E309.05786
G1 X112.28 Y100.955 E309.13292
G1 X113.624 Y100.956 E309.17963
G1 X115.707 Y103.04 E309.28204
G1 X115.857 Y103.04 E309.28726
G1 X116.185 Y100.956 E309.36058
G1 X116.291 Y100.956 E309.36427
G1 X117.478 Y102.143 E309.42261
G1 X117.718 Y103.041 E309.45492
G1 X118.112 Y103.04 E309.46861
G1 X117.845 Y102.045 E309.50442
G1 X118.137 Y100.955 E309.54364
G1 X118.958 Y100.956 E309.57218
G1 X121.041 Y103.04 E309.67459
G1 X119.531 Y103.041 E309.72707
G1 X120.09 Y100.955 E309.80213
G1 X121.625 Y100.956 E309.85548
G1 X123.708 Y103.04 E309.95789
G1 X123.747 Y103.04 E309.95925
G1 X123.995 Y100.956 E310.03219
G1 X124.292 Y100.956 E310.04252
G1 X125.192 Y101.856 E310.08676
G1 X125.191 Y102.37 E310.10462
G1 X122.691 Y103.04 E310.19458
G1 X121.484 Y103.04 E310.23653
G1 X122.042 Y100.956 E310.31152
G1 X123.184 Y100.956 E310.35121
G1 X115.405 Y103.04 E310.63112
G1 X113.673 Y103.041 E310.69131
G1 X114.232 Y100.955 E310.76637
G1 X115.896 Y100.956 E310.82421
G1 X108.118 Y103.04 E311.10408
G1 X107.816 Y103.041 E311.11458
G1 X108.375 Y100.955 E311.18964
G1 X108.159 Y100.954 E311.19715
G1 X100.831 Y103.04 E311.46197
G1 X100.006 Y103.04 E311.49064
G1 X100.565 Y100.955 E311.56567
G1 X100.458 Y100.955 E311.56939
G1 X96.305 Y102.3 E311.72111
G1 X96.304 Y103.18 E311.7517
G1 X96.721 Y103.04 E311.76699
G1 X97.036 Y103.04 E311.77794
G1 X96.303 Y102.306 E311.81399
G1 X96.226 Y102.229
G1 F2400 E311.31399
;MESH:Pin Lock 5mm.STL(1)
G0 F15000 X114.499 Y93.168
;TYPE:WALL-OUTER
G1 F2400 E311.81399
G1 F9000 X119.941 Y93.163 E312.00314
G1 X120.068 Y93.123 E312.00777
G1 X120.179 Y93.031 E312.01278
G1 X120.272 Y92.825 E312.02063
G1 X120.268 Y91.164 E312.07836
G1 X120.23 Y91.037 E312.08297
G1 X120.079 Y90.88 E312.09054
G1 X119.904 Y90.828 E312.09689
G1 X114.5 Y90.828 E312.28471
G1 F8389.8 X114.251 Y90.652 E312.29608
G1 F7888.4 X114.25 Y90.356 E312.30782
G1 F7920 X113.75 Y90.356 E312.32757
G1 F7888.4 X113.752 Y90.695 E312.34101
G1 F8389.8 X113.72 Y91.608 E312.37507
G1 F9000 X113.72 Y93.672 E312.44681
G1 X114.28 Y93.672 E312.46627
G1 X114.28 Y93.39 E312.47608
G1 X114.499 Y93.168 E312.48691
G0 F15000 X114.499 Y92.728
;TYPE:WALL-INNER
G1 F10500 X119.831 Y92.724 E312.67224
G1 X119.829 Y91.268 E312.72284
G1 X114.5 Y91.268 E312.90806
G1 X114.159 Y90.981 E312.92355
G1 X114.16 Y93.07 E312.99616
G1 X114.499 Y92.728 E313.0129
G1 F2400 E312.5129
G0 F15000 X119.1 Y92.272
;TYPE:SKIN
G1 F2400 E313.0129
G1 F7173.9 X119.376 Y92.272 E313.02493
G1 X119.376 Y91.72 E313.049
G1 X119.1 Y91.72 E313.06104
G1 X116.856 Y91.72 E313.15888
G1 F7160.9 X114.612 Y91.721 E313.25691
G1 F7148 X114.613 Y92.275 E313.28115
G1 F7160.9 X116.857 Y92.274 E313.37918
G1 F7173.9 X119.101 Y92.272 E313.47703
G1 F2400 E312.97703
;MESH:Pin Lock 5mm.STL(3)
G0 F15000 X104.499 Y93.168
;TYPE:WALL-OUTER
G1 F2400 E313.47703
G1 F9000 X109.941 Y93.163 E313.66617
G1 X110.068 Y93.123 E313.6708
G1 X110.179 Y93.031 E313.67581
G1 X110.272 Y92.825 E313.68367
G1 X110.268 Y91.164 E313.7414
G1 X110.23 Y91.037 E313.74601
G1 X110.079 Y90.88 E313.75358
G1 X109.904 Y90.828 E313.75992
G1 X104.5 Y90.828 E313.94775
G1 F8389.8 X104.251 Y90.652 E313.95912
G1 F7888.4 X104.25 Y90.356 E313.97086
G1 F7920 X103.75 Y90.356 E313.9906
G1 F7888.4 X103.752 Y90.695 E314.00405
G1 F8389.8 X103.72 Y91.608 E314.03811
G1 F9000 X103.72 Y93.672 E314.10985
G1 X104.28 Y93.672 E314.12931
G1 X104.28 Y93.39 E314.13911
G1 X104.499 Y93.168 E314.14995
G0 F15000 X104.499 Y92.728
;TYPE:WALL-INNER
G1 F10500 X109.831 Y92.724 E314.33527
G1 X109.829 Y91.268 E314.38588
G1 X104.5 Y91.268 E314.5711
G1 X104.159 Y90.981 E314.58659
G1 X104.16 Y93.07 E314.6592
G1 X104.499 Y92.728 E314.67593
G1 F2400 E314.17593
G0 F15000 X109.1 Y92.272
;TYPE:SKIN
G1 F2400 E314.67593
G1 F7173.9 X109.376 Y92.272 E314.68797
G1 X109.376 Y91.72 E314.71204
G1 X109.1 Y91.72 E314.72407
G1 X106.856 Y91.72 E314.82192
G1 F7160.9 X104.612 Y91.721 E314.91995
G1 F7148 X104.613 Y92.275 E314.94419
G1 F7160.9 X106.857 Y92.274 E315.04221
G1 F7173.9 X109.101 Y92.272 E315.14006
G1 F2400 E314.64006
;MESH:Pin Lock 5mm.STL(5)
G0 F15000 X124.499 Y93.168
;TYPE:WALL-OUTER
G1 F2400 E315.14006
G1 F9000 X129.941 Y93.163 E315.32921
G1 X130.068 Y93.123 E315.33384
G1 X130.179 Y93.031 E315.33885
G1 X130.272 Y92.825 E315.3467
G1 X130.268 Y91.164 E315.40443
G1 X130.23 Y91.037 E315.40904
G1 X130.079 Y90.88 E315.41661
G1 X129.904 Y90.828 E315.42296
G1 X124.5 Y90.828 E315.61078
G1 F8389.8 X124.251 Y90.652 E315.62215
G1 F7888.4 X124.25 Y90.356 E315.63389
G1 F7920 X123.75 Y90.356 E315.65364
G1 F7888.4 X123.752 Y90.695 E315.66708
G1 F8389.8 X123.72 Y91.608 E315.70114
G1 F9000 X123.72 Y93.672 E315.77288
G1 X124.28 Y93.672 E315.79235
G1 X124.28 Y93.39 E315.80215
G1 X124.499 Y93.168 E315.81299
G0 F15000 X124.499 Y92.728
;TYPE:WALL-INNER
G1 F10500 X129.831 Y92.724 E315.99831
G1 X129.829 Y91.268 E316.04892
G1 X124.5 Y91.268 E316.23413
G1 X124.159 Y90.981 E316.24963
G1 X124.16 Y93.07 E316.32223
G1 X124.499 Y92.728 E316.33897
G1 F2400 E315.83897
G0 F15000 X129.1 Y92.272
;TYPE:SKIN
G1 F2400 E316.33897
G1 F7173.9 X129.376 Y92.272 E316.351
G1 X129.376 Y91.72 E316.37507
G1 X129.1 Y91.72 E316.38711
G1 X126.856 Y91.72 E316.48496
G1 F7160.9 X124.612 Y91.721 E316.58298
G1 F7148 X124.613 Y92.275 E316.60722
G1 F7160.9 X126.857 Y92.274 E316.70525
G1 F7173.9 X129.101 Y92.272 E316.8031
G1 F2400 E316.3031
;MESH:Pin 5mm - AKM.STL(5)
G0 F15000 X136.615 Y93.92
;TYPE:WALL-OUTER
G1 F2400 E316.8031
G1 F9000 X136.748 Y93.876 E316.80797
G1 X165.596 Y93.876 E317.81063
G1 F7239.5 X166.25 Y93.77 E317.83926
G1 X166.028 Y93.444 E317.8563
G1 F9000 X166.028 Y90.552 E317.95682
G1 F7213.1 X166.192 Y90.228 E317.97257
G1 X165.596 Y90.12 E317.99883
G1 F9000 X136.748 Y90.12 E319.0015
G1 X136.615 Y90.076 E319.00637
G1 X136.531 Y89.938 E319.01198
G1 X136.528 Y88.7 E319.05501
G1 X135.468 Y88.7 E319.09185
G1 X135.468 Y95.296 E319.32111
G1 X136.528 Y95.296 E319.35795
G1 X136.528 Y94.096 E319.39966
G1 X136.615 Y93.92 E319.40649
G1 F2400 E318.90649
G0 F15000 X166.25 Y93.77
G1 F2400 E319.40649
G1 F6018.2 X167.041 Y93.766 E319.4476
G1 F2400 E318.9476
G0 F15000 X167.71 Y92.962
G1 F2400 E319.4476
G1 F9000 X167.63 Y93.21 E319.45666
G1 X167.444 Y93.454 E319.46732
G1 F8372.1 X167.275 Y93.61 E319.47591
G1 F7374.3 X167.206 Y93.675 E319.47994
G1 F6523.9 X167.069 Y93.752 E319.48747
G1 F6055 X167.041 Y93.766 E319.48909
G1 X167.071 Y93.773 E319.49068
G1 F6523.9 X167.224 Y93.812 E319.49825
G1 F7374.3 X167.346 Y93.843 E319.50359
G1 F8372.1 X167.574 Y93.876 E319.5122
G1 F9000 X168.528 Y93.876 E319.54536
G1 X168.528 Y90.12 E319.6759
G1 X167.412 Y90.12 E319.71469
G1 F7674.4 X167.105 Y90.197 E319.72759
G1 F6346.2 X166.978 Y90.228 E319.73404
G1 X167.089 Y90.281 E319.7401
G1 F7674.4 X167.344 Y90.468 E319.75299
G1 F9000 X167.624 Y90.768 E319.76725
G1 X167.72 Y91.111 E319.77963
G1 X167.71 Y92.962 E319.84397
G1 F2400 E319.34397
G0 F15000 X166.978 Y90.228
G1 F2400 E319.84397
G1 F6027.4 X166.192 Y90.228 E319.88476
G1 F2400 E319.38476
G0 F15000 X168.058 Y90.59
;TYPE:WALL-INNER
G1 F2400 E319.88476
G1 F9506.2 X168.072 Y90.673 E319.88799
G1 F10769.2 X168.124 Y91.06 E319.90122
G1 F11907.2 X168.122 Y91.722 E319.92151
G1 F11785.7 X168.119 Y92.384 E319.94201
G1 F11666.7 X168.116 Y93.046 E319.96272
G1 F10500 X168.067 Y93.356 E319.97363
G1 F9390.2 X168.057 Y93.405 E319.97557
G1 F2400 E319.47557
G0 F15000 X136.748 Y93.436
G1 F2400 E319.97557
G1 F10500 X165.588 Y93.436 E320.97796
G1 X165.588 Y90.56 E321.07792
G1 X136.748 Y90.56 E322.08031
G1 X136.351 Y90.428 E322.09485
G1 F8619.4 X136.003 Y90.03 E322.11723
G1 X135.908 Y90.65 E322.14379
G1 F10500 X135.908 Y93.346 E322.23749
G1 F8717 X135.998 Y94.096 E322.26912
G1 X136.351 Y93.568 E322.29571
G1 F10500 X136.748 Y93.436 E322.31025
G1 F2400 E321.81025
G0 F15000 X135.998 Y94.096
G1 F2400 E322.31025
G1 F7451.6 X135.998 Y94.766 E322.34306
G1 F2400 E321.84306
G0 F15000 X136.003 Y90.03
G1 F2400 E322.34306
G1 F7380.2 X135.998 Y89.23 E322.38262
G1 F2400 E321.88262
G0 F15000 X136.303 Y90.817
;TYPE:FILL
G1 F2400 E322.38262
G1 F15000 X136.304 Y92.283 E322.43358
G1 X136.659 Y90.956 E322.48132
G1 X137.62 Y90.957 E322.51472
G1 X139.704 Y93.04 E322.61714
G1 X138.053 Y93.041 E322.67452
G1 X138.612 Y90.956 E322.74955
G1 X140.287 Y90.957 E322.80776
G1 X142.371 Y93.04 E322.91018
G1 X142.33 Y93.04 E322.9116
G1 X142.517 Y90.955 E322.98436
G1 X142.954 Y90.957 E322.99955
G1 X145.038 Y93.04 E323.10196
G1 X143.911 Y93.041 E323.14113
G1 X144.47 Y90.956 E323.21616
G1 X145.622 Y90.957 E323.2562
G1 X147.705 Y93.04 E323.35859
G1 X145.864 Y93.041 E323.42257
G1 X146.422 Y90.955 E323.49762
G1 X148.289 Y90.957 E323.56252
G1 X149.628 Y92.295 E323.62831
G1 X149.827 Y93.04 E323.65511
G1 X150.221 Y93.04 E323.6688
G1 X149.995 Y92.195 E323.69921
G1 X150.327 Y90.956 E323.74379
G1 X150.956 Y90.957 E323.76565
G1 X153.04 Y93.04 E323.86806
G1 X151.721 Y93.041 E323.91391
G1 X152.28 Y90.955 E323.98897
G1 X153.623 Y90.957 E324.03565
G1 X155.707 Y93.04 E324.13806
G1 X155.857 Y93.04 E324.14327
G1 X156.185 Y90.956 E324.2166
G1 X156.29 Y90.957 E324.22025
G1 X157.478 Y92.144 E324.27862
G1 X157.718 Y93.041 E324.31089
G1 X158.112 Y93.04 E324.32458
G1 X157.845 Y92.045 E324.36039
G1 X158.137 Y90.955 E324.39961
G1 X158.958 Y90.957 E324.42815
G1 X161.041 Y93.04 E324.53053
G1 X159.531 Y93.041 E324.58302
G1 X160.09 Y90.956 E324.65804
G1 X161.625 Y90.957 E324.71139
G1 X163.709 Y93.04 E324.81381
G1 X163.748 Y93.04 E324.81516
G1 X163.995 Y90.955 E324.88814
G1 X164.292 Y90.957 E324.89846
G1 X165.192 Y91.857 E324.9427
G1 X165.192 Y92.37 E324.96053
G1 X162.688 Y93.04 E325.05062
G1 X161.484 Y93.04 E325.09247
G1 X162.042 Y90.956 E325.16745
G1 X163.179 Y90.956 E325.20697
G1 X155.402 Y93.04 E325.48681
G1 X153.674 Y93.041 E325.54687
G1 X154.232 Y90.955 E325.62192
G1 X155.893 Y90.956 E325.67965
G1 X148.115 Y93.04 E325.95953
G1 X147.816 Y93.041 E325.96992
G1 X148.375 Y90.955 E326.04498
G1 X148.157 Y90.954 E326.05256
G1 X140.828 Y93.04 E326.31741
G1 X140.006 Y93.04 E326.34598
G1 X140.565 Y90.955 E326.42101
G1 X140.457 Y90.955 E326.42476
G1 X136.304 Y92.3 E326.57649
G1 X136.304 Y93.18 E326.60707
G1 X136.721 Y93.04 E326.62236
G1 X137.037 Y93.04 E326.63334
G1 X136.303 Y92.307 E326.6694
G1 X136.226 Y92.23
G1 F2400 E326.1694
;MESH:Pin 5mm - AKM.STL(3)
G0 F15000 X136.615 Y103.92
;TYPE:WALL-OUTER
G1 F2400 E326.6694
G1 F9000 X136.748 Y103.876 E326.67427
G1 X165.596 Y103.876 E327.67693
G1 F7239.5 X166.25 Y103.77 E327.70556
G1 X166.028 Y103.444 E327.7226
G1 F9000 X166.028 Y100.552 E327.82312
G1 F7213.1 X166.192 Y100.228 E327.83887
G1 X165.596 Y100.12 E327.86514
G1 F9000 X136.748 Y100.12 E328.8678
G1 X136.615 Y100.076 E328.87267
G1 X136.531 Y99.938 E328.87829
G1 X136.528 Y98.7 E328.92131
G1 X135.468 Y98.7 E328.95816
G1 X135.468 Y105.296 E329.18741
G1 X136.528 Y105.296 E329.22426
G1 X136.528 Y104.096 E329.26596
G1 X136.615 Y103.92 E329.27279
G1 F2400 E328.77279
G0 F15000 X166.25 Y103.77
G1 F2400 E329.27279
G1 F6018.2 X167.041 Y103.766 E329.3139
G1 F2400 E328.8139
G0 F15000 X167.71 Y102.962
G1 F2400 E329.3139
G1 F9000 X167.63 Y103.21 E329.32296
G1 X167.444 Y103.454 E329.33362
G1 F8372.1 X167.275 Y103.61 E329.34222
G1 F7374.3 X167.206 Y103.675 E329.34624
G1 F6523.9 X167.069 Y103.752 E329.35377
G1 F6055 X167.041 Y103.766 E329.35539
G1 X167.071 Y103.773 E329.35698
G1 F6523.9 X167.224 Y103.812 E329.36455
G1 F7374.3 X167.346 Y103.843 E329.36989
G1 F8372.1 X167.574 Y103.876 E329.3785
G1 F9000 X168.528 Y103.876 E329.41166
G1 X168.528 Y100.12 E329.5422
G1 X167.412 Y100.12 E329.58099
G1 F7674.4 X167.105 Y100.197 E329.59389
G1 F6346.2 X166.978 Y100.228 E329.60034
G1 X167.089 Y100.281 E329.6064
G1 F7674.4 X167.344 Y100.468 E329.61929
G1 F9000 X167.624 Y100.768 E329.63355
G1 X167.72 Y101.111 E329.64593
G1 X167.71 Y102.962 E329.71027
G1 F2400 E329.21027
G0 F15000 X166.978 Y100.228
G1 F2400 E329.71027
G1 F6027.4 X166.192 Y100.228 E329.75106
G1 F2400 E329.25106
G0 F15000 X168.058 Y100.59
;TYPE:WALL-INNER
G1 F2400 E329.75106
G1 F9506.2 X168.072 Y100.673 E329.75429
G1 F10769.2 X168.124 Y101.06 E329.76752
G1 F11907.2 X168.122 Y101.722 E329.78781
G1 F11785.7 X168.119 Y102.384 E329.80831
G1 F11666.7 X168.116 Y103.046 E329.82902
G1 F10500 X168.067 Y103.356 E329.83993
G1 F9390.2 X168.057 Y103.405 E329.84187
G1 F2400 E329.34187
G0 F15000 X136.748 Y103.436
G1 F2400 E329.84187
G1 F10500 X165.588 Y103.436 E330.84426
G1 X165.588 Y100.56 E330.94422
G1 X136.748 Y100.56 E331.94661
G1 X136.351 Y100.428 E331.96115
G1 F8619.4 X136.003 Y100.03 E331.98353
G1 X135.908 Y100.65 E332.01009
G1 F10500 X135.908 Y103.346 E332.1038
G1 F8717 X135.998 Y104.096 E332.13542
G1 X136.351 Y103.568 E332.16201
G1 F10500 X136.748 Y103.436 E332.17655
G1 F2400 E331.67655
G0 F15000 X135.998 Y104.096
G1 F2400 E332.17655
G1 F7451.6 X135.998 Y104.766 E332.20937
G1 F2400 E331.70937
G0 F15000 X136.003 Y100.03
G1 F2400 E332.20937
G1 F7380.2 X135.998 Y99.23 E332.24893
G1 F2400 E331.74893
G0 F15000 X136.303 Y100.817
;TYPE:FILL
G1 F2400 E332.24893
G1 F15000 X136.304 Y102.281 E332.29981
G1 X136.659 Y100.956 E332.34749
G1 X137.62 Y100.956 E332.38089
G1 X139.704 Y103.04 E332.48333
G1 X138.053 Y103.041 E332.54071
G1 X138.612 Y100.956 E332.61574
G1 X140.287 Y100.956 E332.67395
G1 X142.371 Y103.04 E332.77639
G1 X142.329 Y103.04 E332.77785
G1 X142.517 Y100.956 E332.85058
G1 X142.954 Y100.956 E332.86577
G1 X145.038 Y103.04 E332.9682
G1 X143.911 Y103.041 E333.00737
G1 X144.469 Y100.955 E333.08242
G1 X145.622 Y100.956 E333.1225
G1 X147.705 Y103.04 E333.22491
G1 X145.863 Y103.04 E333.28893
G1 X146.422 Y100.956 E333.36393
G1 X148.289 Y100.956 E333.42882
G1 X149.628 Y102.295 E333.49463
G1 X149.827 Y103.04 E333.52144
G1 X150.221 Y103.04 E333.53513
G1 X149.995 Y102.195 E333.56553
G1 X150.327 Y100.955 E333.61015
G1 X150.956 Y100.956 E333.63201
G1 X153.04 Y103.04 E333.73445
G1 X151.721 Y103.04 E333.78029
G1 X152.28 Y100.956 E333.85529
G1 X153.623 Y100.956 E333.90196
G1 X155.707 Y103.04 E334.0044
G1 X155.857 Y103.04 E334.00961
G1 X156.185 Y100.956 E334.08294
G1 X156.29 Y100.956 E334.08659
G1 X157.478 Y102.144 E334.14498
G1 X157.718 Y103.04 E334.17722
G1 X158.112 Y103.04 E334.19092
G1 X157.845 Y102.045 E334.22672
G1 X158.137 Y100.956 E334.26591
G1 X158.958 Y100.956 E334.29445
G1 X161.041 Y103.04 E334.39686
G1 X159.531 Y103.041 E334.44934
G1 X160.09 Y100.955 E334.5244
G1 X161.625 Y100.956 E334.57775
G1 X163.709 Y103.04 E334.68019
G1 X163.748 Y103.04 E334.68154
G1 X163.995 Y100.956 E334.75448
G1 X164.292 Y100.956 E334.76481
G1 X165.192 Y101.857 E334.80907
G1 X165.192 Y102.369 E334.82687
G1 X162.688 Y103.04 E334.91697
G1 X161.484 Y103.04 E334.95881
G1 X162.042 Y100.956 E335.0338
G1 X163.18 Y100.956 E335.07335
G1 X155.402 Y103.04 E335.35323
G1 X153.673 Y103.041 E335.41332
G1 X154.232 Y100.956 E335.48835
G1 X155.893 Y100.956 E335.54608
G1 X148.115 Y103.04 E335.82595
G1 X147.816 Y103.041 E335.83635
G1 X148.374 Y100.956 E335.91136
G1 X148.154 Y100.956 E335.91901
G1 X140.828 Y103.04 E336.18374
G1 X140.006 Y103.04 E336.21231
G1 X140.564 Y100.956 E336.2873
G1 X140.456 Y100.956 E336.29105
G1 X136.305 Y102.3 E336.4427
G1 X136.304 Y103.18 E336.47329
G1 X136.721 Y103.04 E336.48857
G1 X137.037 Y103.04 E336.49956
G1 X136.303 Y102.307 E336.53561
G1 X136.226 Y102.23
G1 F2400 E336.03561
;MESH:Pin 5mm - AKM.STL(1)
G0 F15000 X136.615 Y113.92
;TYPE:WALL-OUTER
G1 F2400 E336.53561
G1 F9000 X136.748 Y113.876 E336.54048
G1 X165.596 Y113.876 E337.54315
G1 F7239.5 X166.25 Y113.77 E337.57177
G1 X166.028 Y113.444 E337.58882
G1 F9000 X166.028 Y110.552 E337.68933
G1 F7213.1 X166.192 Y110.228 E337.70508
G1 X165.596 Y110.12 E337.73135
G1 F9000 X136.748 Y110.12 E338.73401
G1 X136.615 Y110.076 E338.73888
G1 X136.531 Y109.938 E338.7445
G1 X136.528 Y108.7 E338.78753
G1 X135.468 Y108.7 E338.82437
G1 X135.468 Y115.296 E339.05363
G1 X136.528 Y115.296 E339.09047
G1 X136.528 Y114.096 E339.13218
G1 X136.615 Y113.92 E339.139
G1 F2400 E338.639
G0 F15000 X166.25 Y113.77
G1 F2400 E339.139
G1 F6018.2 X167.041 Y113.766 E339.18011
G1 F2400 E338.68011
G0 F15000 X167.71 Y112.962
G1 F2400 E339.18011
G1 F9000 X167.63 Y113.21 E339.18917
G1 X167.444 Y113.454 E339.19984
G1 F8372.1 X167.275 Y113.61 E339.20843
G1 F7374.3 X167.206 Y113.675 E339.21245
G1 F6523.9 X167.069 Y113.752 E339.21999
G1 F6055 X167.041 Y113.766 E339.2216
G1 X167.071 Y113.773 E339.22319
G1 F6523.9 X167.224 Y113.812 E339.23076
G1 F7374.3 X167.346 Y113.843 E339.2361
G1 F8372.1 X167.574 Y113.876 E339.24471
G1 F9000 X168.528 Y113.876 E339.27787
G1 X168.528 Y110.12 E339.40842
G1 X167.412 Y110.12 E339.44721
G1 F7674.4 X167.105 Y110.197 E339.46011
G1 F6346.2 X166.978 Y110.228 E339.46655
G1 X167.089 Y110.281 E339.47261
G1 F7674.4 X167.344 Y110.468 E339.4855
G1 F9000 X167.624 Y110.768 E339.49977
G1 X167.72 Y111.111 E339.51215
G1 X167.71 Y112.962 E339.57648
G1 F2400 E339.07648
G0 F15000 X166.978 Y110.228
G1 F2400 E339.57648
G1 F6027.4 X166.192 Y110.228 E339.61727
G1 F2400 E339.11727
G0 F15000 X168.058 Y110.59
;TYPE:WALL-INNER
G1 F2400 E339.61727
G1 F9506.2 X168.072 Y110.673 E339.6205
G1 F10769.2 X168.124 Y111.06 E339.63374
G1 F11907.2 X168.122 Y111.722 E339.65403
G1 F11785.7 X168.119 Y112.384 E339.67453
G1 F11666.7 X168.116 Y113.046 E339.69523
G1 F10500 X168.067 Y113.356 E339.70614
G1 F9390.2 X168.057 Y113.405 E339.70809
G1 F2400 E339.20809
G0 F15000 X136.748 Y113.436
G1 F2400 E339.70809
G1 F10500 X165.588 Y113.436 E340.71047
G1 X165.588 Y110.56 E340.81043
G1 X136.748 Y110.56 E341.81282
G1 X136.351 Y110.428 E341.82736
G1 F8619.4 X136.003 Y110.03 E341.84975
G1 X135.908 Y110.65 E341.8763
G1 F10500 X135.908 Y113.346 E341.97001
G1 F8717 X135.998 Y114.096 E342.00163
G1 X136.351 Y113.568 E342.02822
G1 F10500 X136.748 Y113.436 E342.04277
G1 F2400 E341.54277
G0 F15000 X135.998 Y114.096
G1 F2400 E342.04277
G1 F7451.6 X135.998 Y114.766 E342.07558
G1 F2400 E341.57558
G0 F15000 X136.003 Y110.03
G1 F2400 E342.07558
G1 F7380.2 X135.998 Y109.23 E342.11514
G1 F2400 E341.61514
G0 F15000 X136.303 Y110.817
;TYPE:FILL
G1 F2400 E342.11514
G1 F15000 X136.304 Y112.281 E342.16602
G1 X136.659 Y110.956 E342.2137
G1 X137.62 Y110.956 E342.2471
G1 X139.704 Y113.04 E342.34954
G1 X138.053 Y113.041 E342.40692
G1 X138.612 Y110.956 E342.48195
G1 X140.287 Y110.956 E342.54017
G1 X142.371 Y113.04 E342.6426
G1 X142.33 Y113.04 E342.64403
G1 X142.517 Y110.956 E342.71675
G1 X142.954 Y110.956 E342.73194
G1 X145.038 Y113.04 E342.83438
G1 X143.911 Y113.041 E342.87355
G1 X144.469 Y110.955 E342.9486
G1 X145.622 Y110.956 E342.98867
G1 X147.705 Y113.04 E343.09109
G1 X145.863 Y113.04 E343.15511
G1 X146.422 Y110.955 E343.23014
G1 X148.289 Y110.956 E343.29503
G1 X149.628 Y112.295 E343.36084
G1 X149.828 Y113.04 E343.38765
G1 X150.22 Y113.04 E343.40128
G1 X149.994 Y112.197 E343.43161
G1 X150.327 Y110.955 E343.47631
G1 X150.956 Y110.956 E343.49817
G1 X153.04 Y113.04 E343.6006
G1 X151.721 Y113.04 E343.64645
G1 X152.279 Y110.956 E343.72143
G1 X153.623 Y110.956 E343.76815
G1 X155.707 Y113.04 E343.87058
G1 X155.857 Y113.04 E343.8758
G1 X156.185 Y110.955 E343.94916
G1 X156.29 Y110.956 E343.95281
G1 X157.477 Y112.143 E344.01115
G1 X157.717 Y113.04 E344.04342
G1 X158.112 Y113.04 E344.05715
G1 X157.845 Y112.045 E344.09296
G1 X158.137 Y110.956 E344.13215
G1 X158.958 Y110.956 E344.16068
G1 X161.041 Y113.04 E344.26309
G1 X159.531 Y113.04 E344.31558
G1 X160.09 Y110.955 E344.3906
G1 X161.625 Y110.956 E344.44396
G1 X163.709 Y113.04 E344.54639
G1 X163.748 Y113.04 E344.54775
G1 X163.995 Y110.956 E344.62069
G1 X164.292 Y110.956 E344.63101
G1 X165.192 Y111.857 E344.67527
G1 X165.191 Y112.37 E344.6931
G1 X162.692 Y113.04 E344.78303
G1 X161.484 Y113.04 E344.82501
G1 X162.042 Y110.955 E344.90003
G1 X163.184 Y110.956 E344.93973
G1 X155.404 Y113.04 E345.21967
G1 X153.673 Y113.04 E345.27983
G1 X154.232 Y110.956 E345.35482
G1 X155.897 Y110.956 E345.41269
G1 X148.118 Y113.04 E345.6926
G1 X147.816 Y113.04 E345.7031
G1 X148.374 Y110.956 E345.77808
G1 X148.155 Y110.956 E345.7857
G1 X140.831 Y113.04 E346.05036
G1 X140.006 Y113.04 E346.07903
G1 X140.564 Y110.955 E346.15405
G1 X140.457 Y110.955 E346.15777
G1 X136.304 Y112.3 E346.3095
G1 X136.304 Y113.18 E346.34008
G1 X136.721 Y113.04 E346.35537
G1 X137.037 Y113.04 E346.36636
G1 X136.303 Y112.307 E346.40241
G1 X136.226 Y112.23
G1 F2400 E345.90241
;MESH:Pin 5mm - AKM.STL(7)
G0 F15000 X136.615 Y123.92
;TYPE:WALL-OUTER
G1 F2400 E346.40241
G1 F9000 X136.748 Y123.876 E346.40728
G1 X165.596 Y123.876 E347.40994
G1 F7239.5 X166.25 Y123.77 E347.43857
G1 X166.028 Y123.444 E347.45561
G1 F9000 X166.028 Y120.552 E347.55613
G1 F7213.1 X166.192 Y120.228 E347.57188
G1 X165.596 Y120.12 E347.59815
G1 F9000 X136.748 Y120.12 E348.60081
G1 X136.615 Y120.076 E348.60568
G1 X136.531 Y119.938 E348.6113
G1 X136.528 Y118.7 E348.65432
G1 X135.468 Y118.7 E348.69117
G1 X135.468 Y125.296 E348.92042
G1 X136.528 Y125.296 E348.95727
G1 X136.528 Y124.096 E348.99897
G1 X136.615 Y123.92 E349.0058
G1 F2400 E348.5058
G0 F15000 X166.25 Y123.77
G1 F2400 E349.0058
G1 F6018.2 X167.041 Y123.766 E349.04691
G1 F2400 E348.54691
G0 F15000 X167.71 Y122.962
G1 F2400 E349.04691
G1 F9000 X167.63 Y123.21 E349.05597
G1 X167.444 Y123.454 E349.06663
G1 F8372.1 X167.275 Y123.61 E349.07523
G1 F7374.3 X167.206 Y123.675 E349.07925
G1 F6523.9 X167.069 Y123.752 E349.08678
G1 F6055 X167.041 Y123.766 E349.0884
G1 X167.071 Y123.773 E349.08999
G1 F6523.9 X167.224 Y123.812 E349.09756
G1 F7374.3 X167.346 Y123.843 E349.1029
G1 F8372.1 X167.574 Y123.876 E349.11151
G1 F9000 X168.528 Y123.876 E349.14467
G1 X168.528 Y120.12 E349.27521
G1 X167.412 Y120.12 E349.314
G1 F7674.4 X167.105 Y120.197 E349.3269
G1 F6346.2 X166.978 Y120.228 E349.33335
G1 X167.089 Y120.281 E349.33941
G1 F7674.4 X167.344 Y120.468 E349.3523
G1 F9000 X167.624 Y120.768 E349.36656
G1 X167.72 Y121.111 E349.37894
G1 X167.71 Y122.962 E349.44328
G1 F2400 E348.94328
G0 F15000 X166.978 Y120.228
G1 F2400 E349.44328
G1 F6027.4 X166.192 Y120.228 E349.48407
G1 F2400 E348.98407
G0 F15000 X168.058 Y120.59
;TYPE:WALL-INNER
G1 F2400 E349.48407
G1 F9506.2 X168.072 Y120.673 E349.4873
G1 F10769.2 X168.124 Y121.06 E349.50053
G1 F11907.2 X168.122 Y121.722 E349.52082
G1 F11785.7 X168.119 Y122.384 E349.54132
G1 F11666.7 X168.116 Y123.046 E349.56203
G1 F10500 X168.067 Y123.356 E349.57294
G1 F9390.2 X168.057 Y123.405 E349.57488
G1 F2400 E349.07488
G0 F15000 X136.748 Y123.436
G1 F2400 E349.57488
G1 F10500 X165.588 Y123.436 E350.57727
G1 X165.588 Y120.56 E350.67723
G1 X136.748 Y120.56 E351.67962
G1 X136.351 Y120.428 E351.69416
G1 F8619.4 X136.003 Y120.03 E351.71654
G1 X135.908 Y120.65 E351.7431
G1 F10500 X135.908 Y123.346 E351.83681
G1 F8717 X135.998 Y124.096 E351.86843
G1 X136.351 Y123.568 E351.89502
G1 F10500 X136.748 Y123.436 E351.90956
G1 F2400 E351.40956
G0 F15000 X135.998 Y124.096
G1 F2400 E351.90956
G1 F7451.6 X135.998 Y124.766 E351.94238
G1 F2400 E351.44238
G0 F15000 X136.003 Y120.03
G1 F2400 E351.94238
G1 F7380.2 X135.998 Y119.23 E351.98194
G1 F2400 E351.48194
G0 F15000 X136.303 Y120.817
;TYPE:FILL
G1 F2400 E351.98194
G1 F15000 X136.304 Y122.282 E352.03286
G1 X136.659 Y120.956 E352.08057
G1 X137.62 Y120.956 E352.11397
G1 X139.704 Y123.04 E352.2164
G1 X138.053 Y123.041 E352.27379
G1 X138.611 Y120.956 E352.34881
G1 X140.287 Y120.956 E352.40706
G1 X142.371 Y123.04 E352.50949
G1 X142.33 Y123.04 E352.51092
G1 X142.517 Y120.955 E352.58368
G1 X142.954 Y120.956 E352.59887
G1 X145.038 Y123.04 E352.7013
G1 X143.91 Y123.041 E352.74051
G1 X144.469 Y120.956 E352.81554
G1 X145.622 Y120.956 E352.85561
G1 X147.705 Y123.04 E352.95802
G1 X145.863 Y123.041 E353.02204
G1 X146.422 Y120.955 E353.09711
G1 X148.289 Y120.956 E353.162
G1 X149.628 Y122.295 E353.22781
G1 X149.828 Y123.04 E353.25462
G1 X150.22 Y123.04 E353.26825
G1 X149.994 Y122.197 E353.29858
G1 X150.327 Y120.956 E353.34324
G1 X150.956 Y120.956 E353.3651
G1 X153.04 Y123.04 E353.46754
G1 X151.72 Y123.041 E353.51342
G1 X152.279 Y120.955 E353.58848
G1 X153.623 Y120.956 E353.63519
G1 X155.707 Y123.04 E353.73763
G1 X155.857 Y123.04 E353.74284
G1 X156.184 Y120.956 E353.81616
G1 X156.29 Y120.956 E353.81985
G1 X157.477 Y122.143 E353.87819
G1 X157.718 Y123.041 E353.91051
G1 X158.112 Y123.04 E353.9242
G1 X157.845 Y122.045 E353.96001
G1 X158.137 Y120.955 E353.99923
G1 X158.958 Y120.956 E354.02777
G1 X161.041 Y123.04 E354.13018
G1 X159.531 Y123.041 E354.18266
G1 X160.089 Y120.956 E354.25768
G1 X161.625 Y120.956 E354.31106
G1 X163.709 Y123.04 E354.4135
G1 X163.748 Y123.04 E354.41486
G1 X163.994 Y120.956 E354.48779
G1 X164.292 Y120.956 E354.49815
G1 X165.192 Y121.856 E354.54239
G1 X165.191 Y122.37 E354.56025
G1 X162.692 Y123.04 E354.65018
G1 X161.483 Y123.04 E354.6922
G1 X162.042 Y120.956 E354.76719
G1 X163.184 Y120.955 E354.80689
G1 X155.403 Y123.04 E355.08687
G1 X153.673 Y123.041 E355.147
G1 X154.232 Y120.956 E355.22203
G1 X155.897 Y120.955 E355.2799
G1 X148.116 Y123.04 E355.55988
G1 X147.815 Y123.041 E355.57034
G1 X148.374 Y120.956 E355.64537
G1 X148.155 Y120.956 E355.65298
G1 X140.828 Y123.041 E355.91775
G1 X140.005 Y123.041 E355.94636
G1 X140.564 Y120.955 E356.02142
G1 X140.457 Y120.955 E356.02514
G1 X136.304 Y122.3 E356.17687
G1 X136.304 Y123.18 E356.20745
G1 X136.721 Y123.04 E356.22274
G1 X137.037 Y123.04 E356.23372
G1 X136.303 Y122.307 E356.26978
G1 X136.226 Y122.23
G1 F2400 E355.76978
;MESH:Pin 5mm - AKM.STL(6)
G0 F15000 X176.615 Y103.92
;TYPE:WALL-OUTER
G1 F2400 E356.26978
G1 F9000 X176.748 Y103.876 E356.27465
G1 X205.596 Y103.876 E357.27731
G1 F7239.5 X206.25 Y103.77 E357.30594
G1 X206.028 Y103.444 E357.32298
G1 F9000 X206.028 Y100.552 E357.4235
G1 F7213.1 X206.192 Y100.228 E357.43925
G1 X205.596 Y100.12 E357.46551
G1 F9000 X176.748 Y100.12 E358.46818
G1 X176.615 Y100.076 E358.47305
G1 X176.531 Y99.938 E358.47866
G1 X176.528 Y98.7 E358.52169
G1 X175.468 Y98.7 E358.55854
G1 X175.468 Y105.296 E358.78779
G1 X176.528 Y105.296 E358.82463
G1 X176.528 Y104.096 E358.86634
G1 X176.615 Y103.92 E358.87317
G1 F2400 E358.37317
G0 F15000 X206.25 Y103.77
G1 F2400 E358.87317
G1 F6018.2 X207.041 Y103.766 E358.91428
G1 F2400 E358.41428
G0 F15000 X207.71 Y102.962
G1 F2400 E358.91428
G1 F9000 X207.63 Y103.21 E358.92334
G1 X207.444 Y103.454 E358.934
G1 F8372.1 X207.275 Y103.61 E358.94259
G1 F7374.3 X207.206 Y103.675 E358.94662
G1 F6523.9 X207.069 Y103.752 E358.95415
G1 F6055 X207.041 Y103.766 E358.95577
G1 X207.071 Y103.773 E358.95736
G1 F6523.9 X207.224 Y103.812 E358.96493
G1 F7374.3 X207.346 Y103.843 E358.97027
G1 F8372.1 X207.574 Y103.876 E358.97888
G1 F9000 X208.528 Y103.876 E359.01204
G1 X208.528 Y100.12 E359.14258
G1 X207.412 Y100.12 E359.18137
G1 F7674.4 X207.105 Y100.197 E359.19427
G1 F6346.2 X206.978 Y100.228 E359.20072
G1 X207.089 Y100.281 E359.20678
G1 F7674.4 X207.344 Y100.468 E359.21967
G1 F9000 X207.624 Y100.768 E359.23393
G1 X207.72 Y101.111 E359.24631
G1 X207.71 Y102.962 E359.31065
G1 F2400 E358.81065
G0 F15000 X206.978 Y100.228
G1 F2400 E359.31065
G1 F6027.4 X206.192 Y100.228 E359.35144
G1 F2400 E358.85144
G0 F15000 X208.058 Y100.59
;TYPE:WALL-INNER
G1 F2400 E359.35144
G1 F9506.2 X208.072 Y100.673 E359.35467
G1 F10769.2 X208.124 Y101.06 E359.3679
G1 F11907.2 X208.122 Y101.722 E359.38819
G1 F11785.7 X208.119 Y102.384 E359.40869
G1 F11666.7 X208.116 Y103.046 E359.4294
G1 F10500 X208.067 Y103.356 E359.44031
G1 F9390.2 X208.057 Y103.405 E359.44225
G1 F2400 E358.94225
G0 F15000 X176.748 Y103.436
G1 F2400 E359.44225
G1 F10500 X205.588 Y103.436 E360.44464
G1 X205.588 Y100.56 E360.5446
G1 X176.748 Y100.56 E361.54699
G1 X176.351 Y100.428 E361.56153
G1 F8619.4 X176.003 Y100.03 E361.58391
G1 X175.908 Y100.65 E361.61047
G1 F10500 X175.908 Y103.346 E361.70417
G1 F8717 X175.998 Y104.096 E361.7358
G1 X176.351 Y103.568 E361.76239
G1 F10500 X176.748 Y103.436 E361.77693
G1 F2400 E361.27693
G0 F15000 X175.998 Y104.096
G1 F2400 E361.77693
G1 F7451.6 X175.998 Y104.766 E361.80975
G1 F2400 E361.30975
G0 F15000 X176.003 Y100.03
G1 F2400 E361.80975
G1 F7380.2 X175.998 Y99.23 E361.84931
G1 F2400 E361.34931
G0 F15000 X176.303 Y100.817
;TYPE:FILL
G1 F2400 E361.84931
G1 F15000 X176.304 Y102.281 E361.90019
G1 X176.659 Y100.956 E361.94787
G1 X177.619 Y100.956 E361.98123
G1 X179.703 Y103.04 E362.08367
G1 X178.053 Y103.041 E362.14102
G1 X178.612 Y100.956 E362.21605
G1 X180.286 Y100.956 E362.27423
G1 X182.371 Y103.04 E362.37669
G1 X182.33 Y103.04 E362.37811
G1 X182.517 Y100.956 E362.45084
G1 X182.953 Y100.956 E362.46599
G1 X185.038 Y103.04 E362.56845
G1 X183.911 Y103.041 E362.60762
G1 X184.47 Y100.955 E362.68269
G1 X185.62 Y100.956 E362.72266
G1 X187.705 Y103.04 E362.82512
G1 X185.863 Y103.04 E362.88914
G1 X186.422 Y100.956 E362.96413
G1 X188.288 Y100.956 E363.02899
G1 X189.626 Y102.294 E363.09476
G1 X189.827 Y103.04 E363.12161
G1 X190.221 Y103.04 E363.1353
G1 X189.995 Y102.197 E363.16564
G1 X190.327 Y100.955 E363.21032
G1 X190.955 Y100.956 E363.23215
G1 X193.039 Y103.04 E363.33458
G1 X191.721 Y103.04 E363.38039
G1 X192.28 Y100.956 E363.45539
G1 X193.622 Y100.956 E363.50203
G1 X195.707 Y103.04 E363.60449
G1 X195.857 Y103.04 E363.60971
G1 X196.185 Y100.955 E363.68307
G1 X196.289 Y100.956 E363.68668
G1 X197.478 Y102.144 E363.7451
G1 X197.718 Y103.04 E363.77734
G1 X198.112 Y103.04 E363.79103
G1 X197.845 Y102.045 E363.82684
G1 X198.137 Y100.956 E363.86603
G1 X198.957 Y100.956 E363.89453
G1 X201.041 Y103.04 E363.99696
G1 X199.531 Y103.04 E364.04945
G1 X200.09 Y100.955 E364.12447
G1 X201.624 Y100.956 E364.17779
G1 X203.708 Y103.04 E364.28023
G1 X203.747 Y103.04 E364.28158
G1 X203.995 Y100.956 E364.35453
G1 X204.291 Y100.956 E364.36482
G1 X205.192 Y101.857 E364.4091
G1 X205.192 Y102.37 E364.42693
G1 X202.688 Y103.04 E364.51703
G1 X201.484 Y103.04 E364.55887
G1 X202.042 Y100.955 E364.63389
G1 X203.18 Y100.956 E364.67344
G1 X195.402 Y103.04 E364.95332
G1 X193.673 Y103.04 E365.01341
G1 X194.232 Y100.956 E365.08841
G1 X195.893 Y100.956 E365.14614
G1 X188.115 Y103.04 E365.42601
G1 X187.816 Y103.04 E365.4364
G1 X188.374 Y100.956 E365.51139
G1 X188.154 Y100.956 E365.51904
G1 X180.828 Y103.04 E365.78377
G1 X180.006 Y103.04 E365.81234
G1 X180.564 Y100.955 E365.88736
G1 X180.457 Y100.955 E365.89107
G1 X176.305 Y102.3 E366.04277
G1 X176.304 Y103.18 E366.07335
G1 X176.721 Y103.04 E366.08864
G1 X177.036 Y103.04 E366.09959
G1 X176.303 Y102.307 E366.13562
G1 X176.226 Y102.23
G1 F2400 E365.63562
;MESH:NONMESH
G0 F600 X176.226 Y102.23 Z1
G0 F15000 X56.615 Y114.032
;TIME_ELAPSED:188.414628
;LAYER:4
;TYPE:WALL-OUTER
;MESH:Pin 5mm - AKM.STL(4)
G1 F2400 E366.13562
G1 F9000 X56.748 Y113.988 E366.14049
G1 X85.488 Y113.984 E367.1394
G1 F9658.5 X86.248 Y114.014 E367.16403
G1 F10366.5 X87.03 Y114.013 E367.18763
G1 F9826.3 X87.339 Y113.994 E367.19749
G1 F9187.9 X87.518 Y113.984 E367.20359
G1 F9000 X88.528 Y113.984 E367.23869
G1 X88.528 Y110.012 E367.37675
G1 X87.608 Y110.012 E367.40873
G1 F9166.7 X87.366 Y110.004 E367.41699
G1 F9565.2 X87.213 Y109.994 E367.422
G1 F10076.3 X86.97 Y109.983 E367.42955
G1 F10339.4 X86.182 Y109.983 E367.45339
G1 F9611.7 X85.488 Y110.012 E367.476
G1 F9000 X56.748 Y110.012 E368.47491
G1 X56.615 Y109.968 E368.47978
G1 X56.531 Y109.83 E368.4854
G1 X56.528 Y108.636 E368.5269
G1 X55.468 Y108.636 E368.56374
G1 X55.468 Y115.36 E368.79744
G1 X56.528 Y115.36 E368.83428
G1 X56.528 Y114.208 E368.87432
G1 X56.615 Y114.032 E368.88115
G1 F2400 E368.38115
G0 F15000 X86.248 Y113.634
G1 F2400 E368.88115
G1 F9658.5 X86.028 Y113.444 E368.89056
G1 F9000 X86.028 Y110.552 E368.99108
G1 F9611.7 X86.215 Y110.363 E368.99973
G1 F10285.7 X87.013 Y110.367 E369.024
G1 F9777.8 X87.24 Y110.416 E369.03143
G1 F9166.7 X87.492 Y110.589 E369.04186
G1 F9000 X87.612 Y110.743 E369.04865
G1 X87.716 Y111.044 E369.05972
G1 X87.714 Y113.006 E369.12791
G1 X87.569 Y113.312 E369.13968
G1 F9187.9 X87.268 Y113.564 E369.15304
G1 F9826.3 X86.997 Y113.633 E369.16195
G1 F10366.5 X86.248 Y113.634 E369.18455
G1 F2400 E368.68455
G0 F15000 X88.033 Y113.489
;TYPE:WALL-INNER
G1 F2400 E369.18455
G1 F9295.8 X88.086 Y113.268 E369.19347
G1 F11213.6 X88.118 Y113.076 E369.1998
G1 F12222.2 X88.12 Y112.08 E369.22954
G1 F12352.9 X88.122 Y111.084 E369.25897
G1 F11907.2 X88.106 Y110.884 E369.26512
G1 F10428.9 X88.067 Y110.64 E369.27377
G1 F9041.1 X88.038 Y110.502 E369.27946
G1 F2400 E368.77946
G0 F15000 X56.748 Y113.548
G1 F2400 E369.27946
G1 F10500 X85.688 Y113.544 E370.28532
G1 X85.588 Y113.444 E370.29024
G1 X85.588 Y110.552 E370.39075
G1 X85.672 Y110.452 E370.39529
G1 X56.748 Y110.452 E371.4006
G1 X56.351 Y110.32 E371.41514
G1 F8619.4 X56.003 Y109.922 E371.43753
G1 X55.908 Y110.542 E371.46408
G1 F10500 X55.908 Y113.458 E371.56543
G1 F8717 X55.998 Y114.208 E371.59706
G1 X56.351 Y113.68 E371.62365
G1 F10500 X56.748 Y113.548 E371.63819
G1 F2400 E371.13819
G0 F15000 X55.998 Y114.208
G1 F2400 E371.63819
G1 F7451.6 X55.998 Y114.83 E371.66865
G1 F2400 E371.16865
G0 F15000 X56.003 Y109.922
G1 F2400 E371.66865
G1 F7380.2 X55.998 Y109.166 E371.70604
G1 F2400 E371.20604
G0 F15000 X56.303 Y110.709
;TYPE:FILL
G1 F2400 E371.70604
G1 F15000 X56.304 Y112.281 E371.76068
G1 X56.688 Y110.848 E371.81224
G1 X57.513 Y110.848 E371.84091
G1 X59.816 Y113.151 E371.95411
G1 X58.023 Y113.152 E372.01643
G1 X58.641 Y110.847 E372.09938
G1 X60.18 Y110.848 E372.15287
G1 X62.482 Y113.151 E372.26604
G1 X63.881 Y113.151 E372.31467
G1 X64.498 Y110.847 E372.39757
G1 X65.514 Y110.848 E372.43288
G1 X67.816 Y113.151 E372.54606
G1 X69.739 Y113.15 E372.6129
G1 X70.356 Y110.847 E372.69577
G1 X70.849 Y110.848 E372.7129
G1 X73.15 Y113.15 E372.82603
G1 X74.994 Y113.15 E372.89012
G1 X83.586 Y110.848 E373.19928
G1 X82.071 Y110.848 E373.25194
G1 X81.455 Y113.148 E373.3347
G1 X82.284 Y113.149 E373.36351
G1 X85.191 Y112.37 E373.46811
G1 X85.192 Y111.856 E373.48598
G1 X84.185 Y110.848 E373.5355
G1 X84.023 Y110.848 E373.54113
G1 X83.401 Y113.17 E373.62468
G1 X81.517 Y110.848 E373.72861
G1 X80.118 Y110.848 E373.77724
G1 X79.502 Y113.149 E373.86003
G1 X81.15 Y113.148 E373.91731
G1 X78.85 Y110.848 E374.03036
G1 X78.166 Y110.848 E374.05413
G1 X77.846 Y112.044 E374.09717
G1 X78.142 Y113.149 E374.13693
G1 X77.747 Y113.15 E374.15065
G1 X77.478 Y112.143 E374.18688
G1 X76.183 Y110.848 E374.25054
G1 X74.261 Y110.848 E374.31734
G1 X73.644 Y113.15 E374.40017
G1 X73.616 Y113.256
G1 F2400 E373.90017
G0 F15000 X60.412 Y113.152
G1 F2400 E374.40017
G1 F15000 X68.264 Y110.848 E374.68459
G1 X68.403 Y110.848 E374.68942
G1 X67.504 Y113.151 E374.77535
G1 X67.702 Y113.151 E374.78223
G1 X75.96 Y110.848 E375.08021
G1 X76.213 Y110.848 E375.089
G1 X75.887 Y113.149 E375.16977
G1 X75.817 Y113.149 E375.17221
G1 X73.516 Y110.848 E375.28531
G1 X72.308 Y110.848 E375.32729
G1 X71.691 Y113.151 E375.41016
G1 X70.483 Y113.15 E375.45215
G1 X68.181 Y110.848 E375.5653
G1 X66.451 Y110.848 E375.62543
G1 X65.833 Y113.151 E375.70831
G1 X65.149 Y113.151 E375.73208
G1 X62.847 Y110.848 E375.84526
G1 X62.546 Y110.848 E375.85572
G1 X61.928 Y113.152 E375.93863
G1 X59.976 Y113.152 E376.00647
G1 X60.593 Y110.848 E376.08938
G1 X61.724 Y110.848 E376.12869
G1 X56.304 Y112.3 E376.32371
G1 X56.304 Y113.292 E376.35819
G1 X56.721 Y113.152 E376.37348
G1 X57.148 Y113.151 E376.38832
G1 X56.303 Y112.306 E376.42985
G1 X56.226 Y112.229
G1 F2400 E375.92985
;MESH:Pin Lock 5mm.STL(2)
G0 F15000 X104.5 Y123.096
;TYPE:WALL-OUTER
G1 F2400 E376.42985
G1 F9000 X109.977 Y123.096 E376.62022
G1 X110.115 Y122.993 E376.6262
G1 X110.196 Y122.816 E376.63297
G1 X110.196 Y121.173 E376.69007
G1 X110.115 Y120.999 E376.69674
G1 X109.899 Y120.9 E376.705
G1 X104.499 Y120.896 E376.89269
G1 F8389.8 X104.251 Y120.72 E376.90403
G1 F7888.4 X104.25 Y120.39 E376.91711
G1 F7920 X103.75 Y120.39 E376.93686
G1 F7888.4 X103.752 Y120.763 E376.95165
G1 F8389.8 X103.72 Y121.675 E376.98568
G1 F9000 X103.72 Y122.316 E377.00796
G1 F8703.3 X103.735 Y122.816 E377.02594
G1 F8164.9 X103.75 Y123.316 E377.0451
G1 F7920 X103.75 Y123.606 E377.05655
G1 X104.25 Y123.606 E377.0763
G1 X104.25 Y123.316 E377.08776
G1 F8425.5 X104.5 Y123.096 E377.10012
G0 F15000 X104.5 Y122.656
;TYPE:WALL-INNER
G1 F10500 X109.756 Y122.656 E377.2828
G1 X109.756 Y121.34 E377.32854
G1 X104.499 Y121.336 E377.51126
G1 X104.159 Y121.05 E377.5267
G1 X104.16 Y122.996 E377.59434
G1 X104.5 Y122.656 E377.61105
G1 F2400 E377.11105
G0 F15000 X109.098 Y122.239
;TYPE:SKIN
G1 F2400 E377.61105
G1 F8215.8 X109.339 Y122.239 E377.62023
G1 X109.339 Y121.757 E377.63858
G1 X109.098 Y121.757 E377.64775
G1 X106.838 Y121.756 E377.7338
G1 F8198.8 X104.578 Y121.755 E377.82003
G1 F8181.8 X104.578 Y122.238 E377.8385
G1 F8198.8 X106.838 Y122.238 E377.92472
G1 F8215.8 X109.098 Y122.239 E378.01077
G1 F2400 E377.51077
;MESH:Pin Lock 5mm.STL
G0 F15000 X114.5 Y123.096
;TYPE:WALL-OUTER
G1 F2400 E378.01077
G1 F9000 X119.977 Y123.096 E378.20113
G1 X120.115 Y122.993 E378.20712
G1 X120.196 Y122.816 E378.21389
G1 X120.196 Y121.17 E378.2711
G1 X120.116 Y120.998 E378.27769
G1 X119.899 Y120.9 E378.28596
G1 X114.499 Y120.896 E378.47365
G1 F8389.8 X114.251 Y120.72 E378.48499
G1 F7888.4 X114.25 Y120.39 E378.49808
G1 F7920 X113.75 Y120.39 E378.51782
G1 F7888.4 X113.752 Y120.763 E378.53261
G1 F8389.8 X113.72 Y121.675 E378.56664
G1 F9000 X113.72 Y122.316 E378.58892
G1 F8703.3 X113.735 Y122.816 E378.6069
G1 F8164.9 X113.75 Y123.316 E378.62606
G1 F7920 X113.75 Y123.606 E378.63752
G1 X114.25 Y123.606 E378.65726
G1 X114.25 Y123.316 E378.66872
G1 F8425.5 X114.5 Y123.096 E378.68108
G0 F15000 X114.5 Y122.656
;TYPE:WALL-INNER
G1 F10500 X119.756 Y122.656 E378.86376
G1 X119.756 Y121.34 E378.9095
G1 X114.499 Y121.336 E379.09222
G1 X114.159 Y121.05 E379.10766
G1 X114.16 Y122.996 E379.1753
G1 X114.5 Y122.656 E379.19201
G1 F2400 E378.69201
G0 F15000 X119.098 Y122.239
;TYPE:SKIN
G1 F2400 E379.19201
G1 F8215.8 X119.339 Y122.239 E379.20119
G1 X119.339 Y121.757 E379.21954
G1 X119.098 Y121.757 E379.22872
G1 X116.838 Y121.756 E379.31476
G1 F8198.8 X114.578 Y121.755 E379.40099
G1 F8181.8 X114.578 Y122.238 E379.41946
G1 F8198.8 X116.838 Y122.238 E379.50568
G1 F8215.8 X119.098 Y122.239 E379.59173
G1 F2400 E379.09173
;MESH:Pin Lock 5mm.STL(4)
G0 F15000 X124.5 Y123.096
;TYPE:WALL-OUTER
G1 F2400 E379.59173
G1 F9000 X129.977 Y123.096 E379.7821
G1 X130.115 Y122.993 E379.78808
G1 X130.196 Y122.816 E379.79485
G1 X130.196 Y121.173 E379.85195
G1 X130.115 Y120.999 E379.85862
G1 X129.899 Y120.9 E379.86688
G1 X124.499 Y120.896 E380.05457
G1 F8389.8 X124.251 Y120.72 E380.06591
G1 F7888.4 X124.25 Y120.39 E380.07899
G1 F7920 X123.75 Y120.39 E380.09874
G1 F7888.4 X123.752 Y120.763 E380.11353
G1 F8389.8 X123.72 Y121.675 E380.14756
G1 F9000 X123.72 Y122.316 E380.16984
G1 F8703.3 X123.735 Y122.816 E380.18782
G1 F8164.9 X123.75 Y123.316 E380.20698
G1 F7920 X123.75 Y123.606 E380.21843
G1 X124.25 Y123.606 E380.23818
G1 X124.25 Y123.316 E380.24964
G1 F8425.5 X124.5 Y123.096 E380.262
G0 F15000 X124.5 Y122.656
;TYPE:WALL-INNER
G1 F10500 X129.756 Y122.656 E380.44468
G1 X129.756 Y121.34 E380.49042
G1 X124.499 Y121.336 E380.67314
G1 X124.159 Y121.05 E380.68858
G1 X124.16 Y122.996 E380.75622
G1 X124.5 Y122.656 E380.77293
G1 F2400 E380.27293
G0 F15000 X129.098 Y122.239
;TYPE:SKIN
G1 F2400 E380.77293
G1 F8215.8 X129.339 Y122.239 E380.78211
G1 X129.339 Y121.757 E380.80046
G1 X129.098 Y121.757 E380.80963
G1 X126.838 Y121.756 E380.89568
G1 F8198.8 X124.578 Y121.755 E380.98191
G1 F8181.8 X124.578 Y122.238 E381.00038
G1 F8198.8 X126.838 Y122.238 E381.0866
G1 F8215.8 X129.098 Y122.239 E381.17265
G1 F2400 E380.67265
;MESH:Pin 5mm - AKM.STL
G0 F15000 X126.248 Y113.634
;TYPE:WALL-OUTER
G1 F2400 E381.17265
G1 F9658.5 X126.028 Y113.444 E381.18207
G1 F9000 X126.028 Y110.552 E381.28258
G1 F9611.7 X126.215 Y110.363 E381.29123
G1 F10285.7 X127.013 Y110.367 E381.3155
G1 F9777.8 X127.24 Y110.416 E381.32293
G1 F9166.7 X127.492 Y110.589 E381.33336
G1 F9000 X127.612 Y110.743 E381.34015
G1 X127.716 Y111.044 E381.35122
G1 X127.714 Y113.006 E381.41941
G1 X127.569 Y113.312 E381.43118
G1 F9187.9 X127.268 Y113.564 E381.44455
G1 F9826.3 X126.997 Y113.633 E381.45345
G1 F10366.5 X126.248 Y113.634 E381.47605
G1 F2400 E380.97605
G0 F15000 X96.615 Y114.032
G1 F2400 E381.47605
G1 F9000 X96.748 Y113.988 E381.48092
G1 X125.488 Y113.984 E382.47983
G1 F9658.5 X126.248 Y114.014 E382.50446
G1 F10366.5 X127.03 Y114.013 E382.52806
G1 F9826.3 X127.339 Y113.994 E382.53792
G1 F9187.9 X127.518 Y113.984 E382.54402
G1 F9000 X128.528 Y113.984 E382.57912
G1 X128.528 Y110.012 E382.71718
G1 X127.608 Y110.012 E382.74915
G1 F9166.7 X127.366 Y110.004 E382.75742
G1 F9565.2 X127.213 Y109.994 E382.76243
G1 F10076.3 X126.97 Y109.983 E382.76998
G1 F10339.4 X126.182 Y109.983 E382.79382
G1 F9611.7 X125.488 Y110.012 E382.81643
G1 F9000 X96.748 Y110.012 E383.81534
G1 X96.615 Y109.968 E383.82021
G1 X96.531 Y109.83 E383.82583
G1 X96.528 Y108.636 E383.86733
G1 X95.468 Y108.636 E383.90417
G1 X95.468 Y115.36 E384.13787
G1 X96.528 Y115.36 E384.17471
G1 X96.528 Y114.208 E384.21475
G1 X96.615 Y114.032 E384.22158
G0 F15000 X96.748 Y113.548
;TYPE:WALL-INNER
G1 F10500 X125.688 Y113.544 E385.22744
G1 X125.588 Y113.444 E385.23236
G1 X125.588 Y110.552 E385.33287
G1 X125.672 Y110.452 E385.33741
G1 X96.748 Y110.452 E386.34272
G1 X96.351 Y110.32 E386.35726
G1 F8619.4 X96.003 Y109.922 E386.37965
G1 X95.908 Y110.542 E386.4062
G1 F10500 X95.908 Y113.458 E386.50755
G1 F8717 X95.998 Y114.208 E386.53918
G1 X96.351 Y113.68 E386.56577
G1 F10500 X96.748 Y113.548 E386.58031
G1 F2400 E386.08031
G0 F15000 X95.998 Y114.208
G1 F2400 E386.58031
G1 F7451.6 X95.998 Y114.83 E386.61077
G1 F2400 E386.11077
G0 F15000 X96.003 Y109.922
G1 F2400 E386.61077
G1 F7380.2 X95.998 Y109.166 E386.64816
G1 F2400 E386.14816
G0 F15000 X128.038 Y110.502
G1 F2400 E386.64816
G1 F9041.1 X128.067 Y110.64 E386.65385
G1 F10428.9 X128.106 Y110.884 E386.6625
G1 F11907.2 X128.122 Y111.084 E386.66865
G1 F12352.9 X128.12 Y112.08 E386.69807
G1 F12222.2 X128.118 Y113.076 E386.72781
G1 F11213.6 X128.086 Y113.268 E386.73415
G1 F9295.8 X128.033 Y113.489 E386.74307
G1 F2400 E386.24307
G0 F15000 X113.644 Y113.151
;TYPE:FILL
G1 F2400 E386.74307
G1 F15000 X114.261 Y110.848 E386.82594
G1 X116.183 Y110.848 E386.89274
G1 X117.478 Y112.143 E386.95639
G1 X117.747 Y113.149 E386.99259
G1 X118.141 Y113.149 E387.00628
G1 X117.845 Y112.043 E387.04607
G1 X118.166 Y110.848 E387.08908
G1 X118.85 Y110.848 E387.11286
G1 X121.15 Y113.148 E387.22591
G1 X119.502 Y113.15 E387.28319
G1 X120.118 Y110.848 E387.36601
G1 X121.517 Y110.848 E387.41464
G1 X123.401 Y113.171 E387.51859
G1 X124.024 Y110.848 E387.60219
G1 X124.184 Y110.848 E387.60775
G1 X125.192 Y111.856 E387.6573
G1 X125.191 Y112.37 E387.67516
G1 X122.284 Y113.149 E387.77976
G1 X121.454 Y113.149 E387.80861
G1 X122.071 Y110.847 E387.89145
G1 X123.586 Y110.848 E387.9441
G1 X114.994 Y113.15 E388.25327
G1 X113.15 Y113.15 E388.31736
G1 X110.848 Y110.848 E388.43051
G1 X110.356 Y110.847 E388.44761
G1 X109.739 Y113.151 E388.53051
G1 X107.816 Y113.151 E388.59735
G1 X105.514 Y110.848 E388.71052
G1 X104.498 Y110.847 E388.74584
G1 X103.881 Y113.152 E388.82877
G1 X102.482 Y113.151 E388.8774
G1 X100.179 Y110.848 E388.9906
G1 X98.641 Y110.847 E389.04405
G1 X98.023 Y113.152 E389.127
G1 X99.815 Y113.151 E389.18928
G1 X97.512 Y110.848 E389.30248
G1 X96.688 Y110.848 E389.33112
G1 X96.304 Y112.281 E389.38269
G1 X96.303 Y110.709 E389.43732
G1 X96.303 Y110.599
G1 F2400 E388.93732
G0 F15000 X96.304 Y112.307
G1 F2400 E389.43732
G1 F15000 X97.148 Y113.151 E389.47881
G1 X96.721 Y113.152 E389.49365
G1 X96.304 Y113.292 E389.50894
G1 X96.304 Y112.3 E389.54342
G1 X101.724 Y110.848 E389.73844
G1 X100.593 Y110.847 E389.77775
G1 X99.976 Y113.152 E389.86069
G1 X101.928 Y113.152 E389.92853
G1 X102.546 Y110.848 E390.01144
G1 X102.847 Y110.848 E390.02191
G1 X105.149 Y113.151 E390.13508
G1 X105.833 Y113.151 E390.15886
G1 X106.451 Y110.848 E390.24173
G1 X108.181 Y110.848 E390.30186
G1 X110.483 Y113.15 E390.41501
G1 X111.691 Y113.15 E390.457
G1 X112.308 Y110.848 E390.53983
G1 X113.515 Y110.848 E390.58179
G1 X115.816 Y113.149 E390.69489
G1 X115.886 Y113.149 E390.69732
G1 X116.213 Y110.847 E390.77813
G1 X115.966 Y110.844 E390.78672
G1 X107.703 Y113.151 E391.0849
G1 X107.504 Y113.151 E391.09182
G1 X108.403 Y110.848 E391.17774
G1 X108.264 Y110.848 E391.18257
G1 X100.412 Y113.152 E391.46699
G1 X100.307 Y113.182
G1 F2400 E390.96699
;MESH:Pin 5mm - AKM.STL(2)
G0 F15000 X96.615 Y104.032
;TYPE:WALL-OUTER
G1 F2400 E391.46699
G1 F9000 X96.748 Y103.988 E391.47186
G1 X125.488 Y103.984 E392.47077
G1 F9658.5 X126.248 Y104.014 E392.49541
G1 F10366.5 X127.03 Y104.013 E392.519
G1 F9826.3 X127.339 Y103.994 E392.52886
G1 F9187.9 X127.518 Y103.984 E392.53496
G1 F9000 X128.528 Y103.984 E392.57007
G1 X128.528 Y100.012 E392.70812
G1 X127.608 Y100.012 E392.7401
G1 F9166.7 X127.366 Y100.004 E392.74836
G1 F9565.2 X127.213 Y99.994 E392.75337
G1 F10076.3 X126.97 Y99.983 E392.76093
G1 F10339.4 X126.182 Y99.983 E392.78477
G1 F9611.7 X125.488 Y100.012 E392.80737
G1 F9000 X96.748 Y100.012 E393.80628
G1 X96.615 Y99.968 E393.81115
G1 X96.531 Y99.83 E393.81677
G1 X96.528 Y98.636 E393.85827
G1 X95.468 Y98.636 E393.89511
G1 X95.468 Y105.36 E394.12881
G1 X96.528 Y105.36 E394.16566
G1 X96.528 Y104.208 E394.2057
G1 X96.615 Y104.032 E394.21252
G1 F2400 E393.71252
G0 F15000 X126.248 Y103.634
G1 F2400 E394.21252
G1 F9658.5 X126.028 Y103.444 E394.22193
G1 F9000 X126.028 Y100.552 E394.32245
G1 F9611.7 X126.215 Y100.363 E394.3311
G1 F10285.7 X127.013 Y100.367 E394.35537
G1 F9777.8 X127.24 Y100.416 E394.3628
G1 F9166.7 X127.492 Y100.589 E394.37323
G1 F9000 X127.612 Y100.743 E394.38002
G1 X127.716 Y101.044 E394.39109
G1 X127.714 Y103.006 E394.45928
G1 X127.569 Y103.312 E394.47105
G1 F9187.9 X127.268 Y103.564 E394.48442
G1 F9826.3 X126.997 Y103.633 E394.49332
G1 F10366.5 X126.248 Y103.634 E394.51592
G1 F2400 E394.01592
G0 F15000 X128.033 Y103.489
;TYPE:WALL-INNER
G1 F2400 E394.51592
G1 F9295.8 X128.086 Y103.268 E394.52484
G1 F11213.6 X128.118 Y103.076 E394.53118
G1 F12222.2 X128.12 Y102.08 E394.56092
G1 F12352.9 X128.122 Y101.084 E394.59034
G1 F11907.2 X128.106 Y100.884 E394.59649
G1 F10428.9 X128.067 Y100.64 E394.60514
G1 F9041.1 X128.038 Y100.502 E394.61083
G1 F2400 E394.11083
G0 F15000 X96.748 Y103.548
G1 F2400 E394.61083
G1 F10500 X125.688 Y103.544 E395.61669
G1 X125.588 Y103.444 E395.62161
G1 X125.588 Y100.552 E395.72213
G1 X125.672 Y100.452 E395.72666
G1 X96.748 Y100.452 E396.73197
G1 X96.351 Y100.32 E396.74651
G1 F8619.4 X96.003 Y99.922 E396.7689
G1 X95.908 Y100.542 E396.79545
G1 F10500 X95.908 Y103.458 E396.89681
G1 F8717 X95.998 Y104.208 E396.92843
G1 X96.351 Y103.68 E396.95502
G1 F10500 X96.748 Y103.548 E396.96956
G1 F2400 E396.46956
G0 F15000 X95.998 Y104.208
G1 F2400 E396.96956
G1 F7451.6 X95.998 Y104.83 E397.00002
G1 F2400 E396.50002
G0 F15000 X96.003 Y99.922
G1 F2400 E397.00002
G1 F7380.2 X95.998 Y99.166 E397.03741
G1 F2400 E396.53741
G0 F15000 X96.303 Y100.709
;TYPE:FILL
G1 F2400 E397.03741
G1 F15000 X96.304 Y102.283 E397.09212
G1 X96.689 Y100.848 E397.14376
G1 X97.512 Y100.848 E397.17236
G1 X99.815 Y103.151 E397.28556
G1 X98.023 Y103.152 E397.34785
G1 X98.641 Y100.847 E397.43079
G1 X100.179 Y100.848 E397.48425
G1 X102.482 Y103.151 E397.59745
G1 X103.881 Y103.151 E397.64607
G1 X104.498 Y100.847 E397.72897
G1 X105.514 Y100.848 E397.76429
G1 X107.816 Y103.151 E397.87746
G1 X109.739 Y103.15 E397.9443
G1 X110.356 Y100.848 E398.02713
G1 X110.848 Y100.848 E398.04424
G1 X113.15 Y103.15 E398.15739
G1 X114.998 Y103.149 E398.22162
G1 X123.585 Y100.848 E398.5306
G1 X122.071 Y100.848 E398.58323
G1 X121.455 Y103.148 E398.66598
G1 X122.289 Y103.148 E398.69497
G1 X125.192 Y102.37 E398.79943
G1 X125.192 Y101.856 E398.8173
G1 X124.184 Y100.848 E398.86684
G1 X124.024 Y100.848 E398.8724
G1 X123.401 Y103.171 E398.956
G1 X121.517 Y100.848 E399.05995
G1 X120.118 Y100.848 E399.10858
G1 X119.502 Y103.149 E399.19137
G1 X121.15 Y103.148 E399.24865
G1 X118.85 Y100.848 E399.3617
G1 X118.166 Y100.848 E399.38548
G1 X117.846 Y102.044 E399.42851
G1 X118.142 Y103.149 E399.46827
G1 X117.747 Y103.15 E399.482
G1 X117.478 Y102.143 E399.51822
G1 X116.183 Y100.848 E399.58188
G1 X114.261 Y100.848 E399.64868
G1 X113.644 Y103.15 E399.73151
G1 X113.616 Y103.256
G1 F2400 E399.23151
G0 F15000 X100.416 Y103.151
G1 F2400 E399.73151
G1 F15000 X108.264 Y100.848 E400.01579
G1 X108.403 Y100.848 E400.02062
G1 X107.507 Y103.147 E400.10638
G1 X107.707 Y103.15 E400.11333
G1 X115.961 Y100.848 E400.41116
G1 X116.214 Y100.848 E400.41996
G1 X115.886 Y103.149 E400.50074
G1 X115.816 Y103.149 E400.50317
G1 X113.515 Y100.848 E400.61628
G1 X112.308 Y100.848 E400.65823
G1 X111.691 Y103.151 E400.7411
G1 X110.483 Y103.15 E400.78308
G1 X108.181 Y100.848 E400.89623
G1 X106.451 Y100.848 E400.95636
G1 X105.834 Y103.152 E401.03926
G1 X105.149 Y103.151 E401.06307
G1 X102.847 Y100.848 E401.17625
G1 X102.546 Y100.848 E401.18671
G1 X101.928 Y103.152 E401.26962
G1 X99.976 Y103.152 E401.33747
G1 X100.593 Y100.848 E401.42037
G1 X101.727 Y100.848 E401.45978
G1 X96.305 Y102.3 E401.65487
G1 X96.304 Y103.292 E401.68935
G1 X96.721 Y103.152 E401.70464
G1 X97.148 Y103.151 E401.71948
G1 X96.304 Y102.307 E401.76097
G1 X96.227 Y102.23
G1 F2400 E401.26097
;MESH:Pin Lock 5mm.STL(1)
G0 F15000 X114.5 Y93.096
;TYPE:WALL-OUTER
G1 F2400 E401.76097
G1 F9000 X119.977 Y93.096 E401.95133
G1 X120.115 Y92.993 E401.95732
G1 X120.196 Y92.816 E401.96408
G1 X120.196 Y91.169 E402.02133
G1 X120.063 Y90.954 E402.03011
G1 X119.9 Y90.9 E402.03608
G1 X114.499 Y90.896 E402.2238
G1 F8389.8 X114.251 Y90.72 E402.23514
G1 F7888.4 X114.25 Y90.39 E402.24823
G1 F7920 X113.75 Y90.39 E402.26798
G1 F7888.4 X113.752 Y90.763 E402.28277
G1 F8389.8 X113.72 Y91.675 E402.31679
G1 F9000 X113.72 Y92.316 E402.33907
G1 F8703.3 X113.735 Y92.816 E402.35705
G1 F8164.9 X113.75 Y93.316 E402.37621
G1 F7920 X113.75 Y93.606 E402.38767
G1 X114.25 Y93.606 E402.40742
G1 X114.25 Y93.316 E402.41887
G1 F8425.5 X114.5 Y93.096 E402.43123
G0 F15000 X114.5 Y92.656
;TYPE:WALL-INNER
G1 F10500 X119.756 Y92.656 E402.61392
G1 X119.756 Y91.34 E402.65966
G1 X114.499 Y91.336 E402.84237
G1 X114.159 Y91.05 E402.85782
G1 X114.16 Y92.996 E402.92545
G1 X114.5 Y92.656 E402.94216
G1 F2400 E402.44216
G0 F15000 X119.098 Y92.239
;TYPE:SKIN
G1 F2400 E402.94216
G1 F8215.8 X119.339 Y92.239 E402.95134
G1 X119.339 Y91.757 E402.96969
G1 X119.098 Y91.757 E402.97887
G1 X116.838 Y91.756 E403.06492
G1 F8198.8 X114.578 Y91.755 E403.15114
G1 F8181.8 X114.578 Y92.238 E403.16961
G1 F8198.8 X116.838 Y92.238 E403.25584
G1 F8215.8 X119.098 Y92.239 E403.34189
G1 F2400 E402.84189
;MESH:Pin Lock 5mm.STL(3)
G0 F15000 X104.5 Y93.096
;TYPE:WALL-OUTER
G1 F2400 E403.34189
G1 F9000 X109.977 Y93.096 E403.53225
G1 X110.115 Y92.993 E403.53823
G1 X110.196 Y92.816 E403.545
G1 X110.196 Y91.163 E403.60245
G1 X110.063 Y90.954 E403.61106
G1 X109.9 Y90.9 E403.61703
G1 X104.499 Y90.896 E403.80475
G1 F8389.8 X104.251 Y90.72 E403.81609
G1 F7888.4 X104.25 Y90.39 E403.82918
G1 F7920 X103.75 Y90.39 E403.84893
G1 F7888.4 X103.752 Y90.763 E403.86372
G1 F8389.8 X103.72 Y91.675 E403.89774
G1 F9000 X103.72 Y92.316 E403.92002
G1 F8703.3 X103.735 Y92.816 E403.938
G1 F8164.9 X103.75 Y93.316 E403.95716
G1 F7920 X103.75 Y93.606 E403.96862
G1 X104.25 Y93.606 E403.98837
G1 X104.25 Y93.316 E403.99982
G1 F8425.5 X104.5 Y93.096 E404.01218
G0 F15000 X104.5 Y92.656
;TYPE:WALL-INNER
G1 F10500 X109.756 Y92.656 E404.19487
G1 X109.756 Y91.34 E404.24061
G1 X104.499 Y91.336 E404.42332
G1 X104.159 Y91.05 E404.43876
G1 X104.16 Y92.996 E404.5064
G1 X104.5 Y92.656 E404.52311
G1 F2400 E404.02311
G0 F15000 X109.098 Y92.239
;TYPE:SKIN
G1 F2400 E404.52311
G1 F8215.8 X109.339 Y92.239 E404.53229
G1 X109.339 Y91.757 E404.55064
G1 X109.098 Y91.757 E404.55982
G1 X106.838 Y91.756 E404.64587
G1 F8198.8 X104.578 Y91.755 E404.73209
G1 F8181.8 X104.578 Y92.238 E404.75056
G1 F8198.8 X106.838 Y92.238 E404.83679
G1 F8215.8 X109.098 Y92.239 E404.92283
G1 F2400 E404.42283
;MESH:Pin Lock 5mm.STL(5)
G0 F15000 X124.5 Y93.096
;TYPE:WALL-OUTER
G1 F2400 E404.92283
G1 F9000 X129.977 Y93.096 E405.1132
G1 X130.115 Y92.993 E405.11918
G1 X130.196 Y92.816 E405.12595
G1 X130.196 Y91.163 E405.1834
G1 X130.063 Y90.954 E405.19201
G1 X129.9 Y90.9 E405.19798
G1 X124.499 Y90.896 E405.3857
G1 F8389.8 X124.251 Y90.72 E405.39704
G1 F7888.4 X124.25 Y90.39 E405.41013
G1 F7920 X123.75 Y90.39 E405.42987
G1 F7888.4 X123.752 Y90.763 E405.44467
G1 F8389.8 X123.72 Y91.675 E405.47869
G1 F9000 X123.72 Y92.316 E405.50097
G1 F8703.3 X123.735 Y92.816 E405.51895
G1 F8164.9 X123.75 Y93.316 E405.53811
G1 F7920 X123.75 Y93.606 E405.54957
G1 X124.25 Y93.606 E405.56932
G1 X124.25 Y93.316 E405.58077
G1 F8425.5 X124.5 Y93.096 E405.59313
G0 F15000 X124.5 Y92.656
;TYPE:WALL-INNER
G1 F10500 X129.756 Y92.656 E405.77581
G1 X129.756 Y91.34 E405.82155
G1 X124.499 Y91.336 E406.00427
G1 X124.159 Y91.05 E406.01971
G1 X124.16 Y92.996 E406.08735
G1 X124.5 Y92.656 E406.10406
G1 F2400 E405.60406
G0 F15000 X129.098 Y92.239
;TYPE:SKIN
G1 F2400 E406.10406
G1 F8215.8 X129.339 Y92.239 E406.11324
G1 X129.339 Y91.757 E406.13159
G1 X129.098 Y91.757 E406.14077
G1 X126.838 Y91.756 E406.22682
G1 F8198.8 X124.578 Y91.755 E406.31304
G1 F8181.8 X124.578 Y92.238 E406.33151
G1 F8198.8 X126.838 Y92.238 E406.41774
G1 F8215.8 X129.098 Y92.239 E406.50378
G1 F2400 E406.00378
;MESH:Pin 5mm - AKM.STL(5)
G0 F15000 X136.615 Y94.032
;TYPE:WALL-OUTER
G1 F2400 E406.50378
G1 F9000 X136.748 Y93.988 E406.50865
G1 X165.488 Y93.984 E407.50756
G1 F9658.5 X166.248 Y94.014 E407.5322
G1 F10366.5 X167.03 Y94.013 E407.5558
G1 F9826.3 X167.339 Y93.994 E407.56565
G1 F9187.9 X167.518 Y93.984 E407.57175
G1 F9000 X168.528 Y93.984 E407.60686
G1 X168.528 Y90.012 E407.74491
G1 X167.608 Y90.012 E407.77689
G1 F9166.7 X167.366 Y90.004 E407.78515
G1 F9565.2 X167.213 Y89.994 E407.79017
G1 F10076.3 X166.97 Y89.983 E407.79772
G1 F10339.4 X166.182 Y89.983 E407.82156
G1 F9611.7 X165.488 Y90.012 E407.84416
G1 F9000 X136.748 Y90.012 E408.84308
G1 X136.615 Y89.968 E408.84794
G1 X136.531 Y89.83 E408.85356
G1 X136.528 Y88.636 E408.89506
G1 X135.468 Y88.636 E408.9319
G1 X135.468 Y95.36 E409.16561
G1 X136.528 Y95.36 E409.20245
G1 X136.528 Y94.208 E409.24249
G1 X136.615 Y94.032 E409.24931
G1 F2400 E408.74931
G0 F15000 X166.248 Y93.634
G1 F2400 E409.24931
G1 F9658.5 X166.028 Y93.444 E409.25873
G1 F9000 X166.028 Y90.552 E409.35924
G1 F9611.7 X166.215 Y90.363 E409.3679
G1 F10285.7 X167.013 Y90.367 E409.39217
G1 F9777.8 X167.24 Y90.416 E409.3996
G1 F9166.7 X167.492 Y90.589 E409.41003
G1 F9000 X167.612 Y90.743 E409.41681
G1 X167.716 Y91.044 E409.42788
G1 X167.714 Y93.006 E409.49607
G1 X167.569 Y93.312 E409.50784
G1 F9187.9 X167.268 Y93.564 E409.52121
G1 F9826.3 X166.997 Y93.633 E409.53011
G1 F10366.5 X166.248 Y93.634 E409.55271
G1 F2400 E409.05271
G0 F15000 X168.033 Y93.489
;TYPE:WALL-INNER
G1 F2400 E409.55271
G1 F9295.8 X168.086 Y93.268 E409.56163
G1 F11213.6 X168.118 Y93.076 E409.56797
G1 F12222.2 X168.12 Y92.08 E409.59771
G1 F12352.9 X168.122 Y91.084 E409.62713
G1 F11907.2 X168.106 Y90.884 E409.63328
G1 F10428.9 X168.067 Y90.64 E409.64193
G1 F9041.1 X168.038 Y90.502 E409.64762
G1 F2400 E409.14762
G0 F15000 X136.748 Y93.548
G1 F2400 E409.64762
G1 F10500 X165.688 Y93.544 E410.65349
G1 X165.588 Y93.444 E410.6584
G1 X165.588 Y90.552 E410.75892
G1 X165.672 Y90.452 E410.76346
G1 X136.748 Y90.452 E411.76876
G1 X136.351 Y90.32 E411.7833
G1 F8619.4 X136.003 Y89.922 E411.80569
G1 X135.908 Y90.542 E411.83225
G1 F10500 X135.908 Y93.458 E411.9336
G1 F8717 X135.998 Y94.208 E411.96522
G1 X136.351 Y93.68 E411.99181
G1 F10500 X136.748 Y93.548 E412.00635
G1 F2400 E411.50635
G0 F15000 X135.998 Y94.208
G1 F2400 E412.00635
G1 F7451.6 X135.998 Y94.83 E412.03682
G1 F2400 E411.53682
G0 F15000 X136.003 Y89.922
G1 F2400 E412.03682
G1 F7380.2 X135.998 Y89.166 E412.0742
G1 F2400 E411.5742
G0 F15000 X136.303 Y90.709
;TYPE:FILL
G1 F2400 E412.0742
G1 F15000 X136.304 Y92.283 E412.12891
G1 X136.689 Y90.848 E412.18055
G1 X137.512 Y90.848 E412.20915
G1 X139.815 Y93.151 E412.32235
G1 X138.023 Y93.152 E412.38464
G1 X138.641 Y90.847 E412.46758
G1 X140.179 Y90.848 E412.52104
G1 X142.481 Y93.151 E412.63422
G1 X143.881 Y93.151 E412.68287
G1 X144.499 Y90.848 E412.76575
G1 X145.513 Y90.848 E412.801
G1 X147.815 Y93.15 E412.91415
G1 X149.739 Y93.15 E412.98102
G1 X150.356 Y90.848 E413.06385
G1 X150.848 Y90.848 E413.08095
G1 X153.149 Y93.149 E413.19406
G1 X154.994 Y93.15 E413.25818
G1 X163.585 Y90.848 E413.56731
G1 X162.071 Y90.848 E413.61993
G1 X161.455 Y93.149 E413.70273
G1 X162.284 Y93.149 E413.73154
G1 X165.192 Y92.37 E413.83618
G1 X165.192 Y91.857 E413.85401
G1 X164.184 Y90.848 E413.90358
G1 X164.024 Y90.848 E413.90914
G1 X163.401 Y93.17 E413.9927
G1 X161.517 Y90.848 E414.09663
G1 X160.119 Y90.847 E414.14522
G1 X159.502 Y93.149 E414.22805
G1 X161.149 Y93.148 E414.2853
G1 X158.849 Y90.848 E414.39835
G1 X158.166 Y90.848 E414.42209
G1 X157.845 Y92.046 E414.4652
G1 X158.141 Y93.149 E414.50489
G1 X157.747 Y93.15 E414.51858
G1 X157.476 Y92.143 E414.55483
G1 X156.182 Y90.848 E414.61846
G1 X154.261 Y90.847 E414.68523
G1 X153.644 Y93.15 E414.76809
G1 X153.616 Y93.256
G1 F2400 E414.26809
G0 F15000 X140.413 Y93.152
G1 F2400 E414.76809
G1 F15000 X148.265 Y90.847 E415.05252
G1 X148.404 Y90.847 E415.05735
G1 X147.504 Y93.151 E415.14332
G1 X147.703 Y93.151 E415.15024
G1 X155.958 Y90.848 E415.44812
G1 X156.214 Y90.848 E415.45701
G1 X155.886 Y93.149 E415.5378
G1 X155.815 Y93.149 E415.54026
G1 X153.515 Y90.848 E415.65334
G1 X152.309 Y90.848 E415.69526
G1 X151.692 Y93.151 E415.77813
G1 X150.482 Y93.15 E415.82018
G1 X148.181 Y90.848 E415.93331
G1 X146.451 Y90.848 E415.99344
G1 X145.834 Y93.152 E416.07634
G1 X145.149 Y93.151 E416.10015
G1 X142.846 Y90.848 E416.21335
G1 X142.546 Y90.848 E416.22378
G1 X141.929 Y93.152 E416.30668
G1 X139.976 Y93.153 E416.37456
G1 X140.593 Y90.848 E416.45749
G1 X141.723 Y90.848 E416.49677
G1 X136.304 Y92.3 E416.69176
G1 X136.304 Y93.292 E416.72624
G1 X136.721 Y93.152 E416.74153
G1 X137.148 Y93.151 E416.75637
G1 X136.303 Y92.307 E416.79788
G1 X136.226 Y92.23
G1 F2400 E416.29788
;MESH:Pin 5mm - AKM.STL(3)
G0 F15000 X136.615 Y104.032
;TYPE:WALL-OUTER
G1 F2400 E416.79788
G1 F9000 X136.748 Y103.988 E416.80275
G1 X165.488 Y103.984 E417.80166
G1 F9658.5 X166.248 Y104.014 E417.82629
G1 F10366.5 X167.03 Y104.013 E417.84989
G1 F9826.3 X167.339 Y103.994 E417.85975
G1 F9187.9 X167.518 Y103.984 E417.86585
G1 F9000 X168.528 Y103.984 E417.90095
G1 X168.528 Y100.012 E418.03901
G1 X167.608 Y100.012 E418.07098
G1 F9166.7 X167.366 Y100.004 E418.07925
G1 F9565.2 X167.213 Y99.994 E418.08426
G1 F10076.3 X166.97 Y99.983 E418.09181
G1 F10339.4 X166.182 Y99.983 E418.11565
G1 F9611.7 X165.488 Y100.012 E418.13826
G1 F9000 X136.748 Y100.012 E419.13717
G1 X136.615 Y99.968 E419.14204
G1 X136.531 Y99.83 E419.14765
G1 X136.528 Y98.636 E419.18915
G1 X135.468 Y98.636 E419.226
G1 X135.468 Y105.36 E419.4597
G1 X136.528 Y105.36 E419.49654
G1 X136.528 Y104.208 E419.53658
G1 X136.615 Y104.032 E419.54341
G1 F2400 E419.04341
G0 F15000 X166.248 Y103.634
G1 F2400 E419.54341
G1 F9658.5 X166.028 Y103.444 E419.55282
G1 F9000 X166.028 Y100.552 E419.65334
G1 F9611.7 X166.215 Y100.363 E419.66199
G1 F10285.7 X167.013 Y100.367 E419.68626
G1 F9777.8 X167.24 Y100.416 E419.69369
G1 F9166.7 X167.492 Y100.589 E419.70412
G1 F9000 X167.612 Y100.743 E419.71091
G1 X167.716 Y101.044 E419.72198
G1 X167.714 Y103.006 E419.79017
G1 X167.569 Y103.312 E419.80194
G1 F9187.9 X167.268 Y103.564 E419.8153
G1 F9826.3 X166.997 Y103.633 E419.82421
G1 F10366.5 X166.248 Y103.634 E419.84681
G1 F2400 E419.34681
G0 F15000 X168.033 Y103.489
;TYPE:WALL-INNER
G1 F2400 E419.84681
G1 F9295.8 X168.086 Y103.268 E419.85573
G1 F11213.6 X168.118 Y103.076 E419.86206
G1 F12222.2 X168.12 Y102.08 E419.8918
G1 F12352.9 X168.122 Y101.084 E419.92123
G1 F11907.2 X168.106 Y100.884 E419.92738
G1 F10428.9 X168.067 Y100.64 E419.93603
G1 F9041.1 X168.038 Y100.502 E419.94172
G1 F2400 E419.44172
G0 F15000 X136.748 Y103.548
G1 F2400 E419.94172
G1 F10500 X165.688 Y103.544 E420.94758
G1 X165.588 Y103.444 E420.9525
G1 X165.588 Y100.552 E421.05301
G1 X165.672 Y100.452 E421.05755
G1 X136.748 Y100.452 E422.06286
G1 X136.351 Y100.32 E422.0774
G1 F8619.4 X136.003 Y99.922 E422.09978
G1 X135.908 Y100.542 E422.12634
G1 F10500 X135.908 Y103.458 E422.22769
G1 F8717 X135.998 Y104.208 E422.25932
G1 X136.351 Y103.68 E422.28591
G1 F10500 X136.748 Y103.548 E422.30045
G1 F2400 E421.80045
G0 F15000 X135.998 Y104.208
G1 F2400 E422.30045
G1 F7451.6 X135.998 Y104.83 E422.33091
G1 F2400 E421.83091
G0 F15000 X136.003 Y99.922
G1 F2400 E422.33091
G1 F7380.2 X135.998 Y99.166 E422.3683
G1 F2400 E421.8683
G0 F15000 X136.303 Y100.709
;TYPE:FILL
G1 F2400 E422.3683
G1 F15000 X136.303 Y102.284 E422.42304
G1 X136.689 Y100.848 E422.47472
G1 X137.512 Y100.848 E422.50333
G1 X139.815 Y103.151 E422.61653
G1 X138.023 Y103.152 E422.67881
G1 X138.641 Y100.847 E422.76176
G1 X140.179 Y100.848 E422.81521
G1 X142.481 Y103.151 E422.92839
G1 X143.881 Y103.151 E422.97705
G1 X144.498 Y100.847 E423.05995
G1 X145.513 Y100.848 E423.09523
G1 X147.815 Y103.15 E423.20838
G1 X149.739 Y103.15 E423.27525
G1 X150.356 Y100.847 E423.35812
G1 X150.848 Y100.848 E423.37522
G1 X153.149 Y103.149 E423.48832
G1 X154.994 Y103.149 E423.55245
G1 X163.581 Y100.848 E423.86143
G1 X162.071 Y100.847 E423.91392
G1 X161.455 Y103.148 E423.99671
G1 X162.284 Y103.148 E424.02552
G1 X165.192 Y102.369 E424.13016
G1 X165.192 Y101.857 E424.14795
G1 X164.184 Y100.848 E424.19753
G1 X164.024 Y100.848 E424.20309
G1 X163.401 Y103.17 E424.28665
G1 X161.517 Y100.848 E424.39058
G1 X160.119 Y100.848 E424.43917
G1 X159.502 Y103.149 E424.52197
G1 X161.149 Y103.148 E424.57921
G1 X158.849 Y100.848 E424.69226
G1 X158.166 Y100.848 E424.716
G1 X157.845 Y102.046 E424.75911
G1 X158.141 Y103.148 E424.79877
G1 X157.747 Y103.149 E424.81246
G1 X157.477 Y102.143 E424.84867
G1 X156.182 Y100.848 E424.91232
G1 X154.261 Y100.848 E424.97909
G1 X153.644 Y103.15 E425.06192
G1 X153.616 Y103.256
G1 F2400 E424.56192
G0 F15000 X140.413 Y103.151
G1 F2400 E425.06192
G1 F15000 X148.263 Y100.848 E425.34626
G1 X148.403 Y100.848 E425.35113
G1 X147.499 Y103.148 E425.43702
G1 X147.703 Y103.15 E425.44411
G1 X155.961 Y100.844 E425.74212
G1 X156.214 Y100.847 E425.75091
G1 X155.886 Y103.148 E425.83169
G1 X155.815 Y103.148 E425.83416
G1 X153.515 Y100.848 E425.94722
G1 X152.308 Y100.848 E425.98917
G1 X151.691 Y103.15 E426.072
G1 X150.482 Y103.15 E426.11402
G1 X148.181 Y100.848 E426.22715
G1 X146.451 Y100.848 E426.28728
G1 X145.834 Y103.151 E426.37015
G1 X145.149 Y103.151 E426.39396
G1 X142.846 Y100.848 E426.50716
G1 X142.546 Y100.848 E426.51758
G1 X141.928 Y103.152 E426.60049
G1 X139.976 Y103.152 E426.66834
G1 X140.593 Y100.848 E426.75124
G1 X141.722 Y100.848 E426.79048
G1 X136.305 Y102.3 E426.98541
G1 X136.304 Y103.292 E427.01988
G1 X136.721 Y103.152 E427.03517
G1 X137.148 Y103.151 E427.05001
G1 X136.303 Y102.307 E427.09152
G1 X136.226 Y102.23
G1 F2400 E426.59152
;MESH:Pin 5mm - AKM.STL(1)
G0 F15000 X136.615 Y114.032
;TYPE:WALL-OUTER
G1 F2400 E427.09152
G1 F9000 X136.748 Y113.988 E427.09639
G1 X165.488 Y113.984 E428.0953
G1 F9658.5 X166.248 Y114.014 E428.11994
G1 F10366.5 X167.03 Y114.013 E428.14354
G1 F9826.3 X167.339 Y113.994 E428.15339
G1 F9187.9 X167.518 Y113.984 E428.15949
G1 F9000 X168.528 Y113.984 E428.1946
G1 X168.528 Y110.012 E428.33265
G1 X167.608 Y110.012 E428.36463
G1 F9166.7 X167.366 Y110.004 E428.37289
G1 F9565.2 X167.213 Y109.994 E428.37791
G1 F10076.3 X166.97 Y109.983 E428.38546
G1 F10339.4 X166.182 Y109.983 E428.4093
G1 F9611.7 X165.488 Y110.012 E428.4319
G1 F9000 X136.748 Y110.012 E429.43082
G1 X136.615 Y109.968 E429.43568
G1 X136.531 Y109.83 E429.4413
G1 X136.528 Y108.636 E429.4828
G1 X135.468 Y108.636 E429.51964
G1 X135.468 Y115.36 E429.75335
G1 X136.528 Y115.36 E429.79019
G1 X136.528 Y114.208 E429.83023
G1 X136.615 Y114.032 E429.83705
G1 F2400 E429.33705
G0 F15000 X166.248 Y113.634
G1 F2400 E429.83705
G1 F9658.5 X166.028 Y113.444 E429.84647
G1 F9000 X166.028 Y110.552 E429.94698
G1 F9611.7 X166.215 Y110.363 E429.95564
G1 F10285.7 X167.013 Y110.367 E429.97991
G1 F9777.8 X167.24 Y110.416 E429.98734
G1 F9166.7 X167.492 Y110.589 E429.99777
G1 F9000 X167.612 Y110.743 E430.00455
G1 X167.716 Y111.044 E430.01562
G1 X167.714 Y113.006 E430.08381
G1 X167.569 Y113.312 E430.09558
G1 F9187.9 X167.268 Y113.564 E430.10895
G1 F9826.3 X166.997 Y113.633 E430.11785
G1 F10366.5 X166.248 Y113.634 E430.14045
G1 F2400 E429.64045
G0 F15000 X168.033 Y113.489
;TYPE:WALL-INNER
G1 F2400 E430.14045
G1 F9295.8 X168.086 Y113.268 E430.14937
G1 F11213.6 X168.118 Y113.076 E430.15571
G1 F12222.2 X168.12 Y112.08 E430.18545
G1 F12352.9 X168.122 Y111.084 E430.21487
G1 F11907.2 X168.106 Y110.884 E430.22102
G1 F10428.9 X168.067 Y110.64 E430.22967
G1 F9041.1 X168.038 Y110.502 E430.23536
G1 F2400 E429.73536
G0 F15000 X136.748 Y113.548
G1 F2400 E430.23536
G1 F10500 X165.688 Y113.544 E431.24123
G1 X165.588 Y113.444 E431.24614
G1 X165.588 Y110.552 E431.34666
G1 X165.672 Y110.452 E431.3512
G1 X136.748 Y110.452 E432.3565
G1 X136.351 Y110.32 E432.37104
G1 F8619.4 X136.003 Y109.922 E432.39343
G1 X135.908 Y110.542 E432.41999
G1 F10500 X135.908 Y113.458 E432.52134
G1 F8717 X135.998 Y114.208 E432.55296
G1 X136.351 Y113.68 E432.57955
G1 F10500 X136.748 Y113.548 E432.59409
G1 F2400 E432.09409
G0 F15000 X135.998 Y114.208
G1 F2400 E432.59409
G1 F7451.6 X135.998 Y114.83 E432.62456
G1 F2400 E432.12456
G0 F15000 X136.003 Y109.922
G1 F2400 E432.62456
G1 F7380.2 X135.998 Y109.166 E432.66194
G1 F2400 E432.16194
G0 F15000 X136.303 Y110.709
;TYPE:FILL
G1 F2400 E432.66194
G1 F15000 X136.304 Y112.282 E432.71661
G1 X136.688 Y110.848 E432.76821
G1 X137.512 Y110.848 E432.79685
G1 X139.815 Y113.151 E432.91005
G1 X138.023 Y113.152 E432.97234
G1 X138.641 Y110.847 E433.05528
G1 X140.179 Y110.848 E433.10874
G1 X142.481 Y113.151 E433.22191
G1 X143.881 Y113.152 E433.27057
G1 X144.498 Y110.847 E433.35351
G1 X145.513 Y110.848 E433.38879
G1 X147.815 Y113.15 E433.50194
G1 X149.739 Y113.151 E433.56881
G1 X150.356 Y110.847 E433.65171
G1 X150.848 Y110.848 E433.66881
G1 X153.149 Y113.149 E433.78191
G1 X154.998 Y113.149 E433.84618
G1 X163.586 Y110.848 E434.1552
G1 X162.071 Y110.847 E434.20786
G1 X161.454 Y113.149 E434.29069
G1 X162.288 Y113.148 E434.31968
G1 X165.191 Y112.37 E434.42414
G1 X165.192 Y111.857 E434.44197
G1 X164.184 Y110.848 E434.49154
G1 X164.024 Y110.847 E434.4971
G1 X163.401 Y113.17 E434.58069
G1 X161.517 Y110.848 E434.68462
G1 X160.118 Y110.848 E434.73325
G1 X159.502 Y113.15 E434.81607
G1 X161.149 Y113.148 E434.87332
G1 X158.849 Y110.848 E434.98637
G1 X158.166 Y110.847 E435.01011
G1 X157.845 Y112.045 E435.05322
G1 X158.141 Y113.148 E435.09291
G1 X157.747 Y113.149 E435.1066
G1 X157.477 Y112.143 E435.14281
G1 X156.182 Y110.848 E435.20646
G1 X154.261 Y110.848 E435.27323
G1 X153.644 Y113.15 E435.35606
G1 X153.616 Y113.256
G1 F2400 E434.85606
G0 F15000 X140.415 Y113.151
G1 F2400 E435.35606
G1 F15000 X148.264 Y110.848 E435.64037
G1 X148.403 Y110.848 E435.6452
G1 X147.503 Y113.15 E435.73111
G1 X147.706 Y113.15 E435.73816
G1 X155.967 Y110.844 E436.03627
G1 X156.214 Y110.847 E436.04485
G1 X155.886 Y113.147 E436.1256
G1 X155.815 Y113.148 E436.12807
G1 X153.515 Y110.848 E436.24112
G1 X152.308 Y110.847 E436.28308
G1 X151.691 Y113.15 E436.36594
G1 X150.482 Y113.15 E436.40796
G1 X148.181 Y110.848 E436.52109
G1 X146.451 Y110.847 E436.58122
G1 X145.834 Y113.151 E436.66412
G1 X145.149 Y113.151 E436.68793
G1 X142.846 Y110.848 E436.80113
G1 X142.546 Y110.848 E436.81156
G1 X141.928 Y113.151 E436.89444
G1 X139.976 Y113.152 E436.96228
G1 X140.593 Y110.847 E437.04522
G1 X141.727 Y110.847 E437.08463
G1 X136.304 Y112.3 E437.27976
G1 X136.304 Y113.292 E437.31424
G1 X136.721 Y113.152 E437.32953
G1 X137.148 Y113.151 E437.34437
G1 X136.303 Y112.307 E437.38588
G1 X136.226 Y112.23
G1 F2400 E436.88588
;MESH:Pin 5mm - AKM.STL(7)
G0 F15000 X136.615 Y124.032
;TYPE:WALL-OUTER
G1 F2400 E437.38588
G1 F9000 X136.748 Y123.988 E437.39075
G1 X165.488 Y123.984 E438.38966
G1 F9658.5 X166.248 Y124.014 E438.4143
G1 F10366.5 X167.03 Y124.013 E438.43789
G1 F9826.3 X167.339 Y123.994 E438.44775
G1 F9187.9 X167.518 Y123.984 E438.45385
G1 F9000 X168.528 Y123.984 E438.48896
G1 X168.528 Y120.012 E438.62701
G1 X167.608 Y120.012 E438.65899
G1 F9166.7 X167.366 Y120.004 E438.66725
G1 F9565.2 X167.213 Y119.994 E438.67227
G1 F10076.3 X166.97 Y119.983 E438.67982
G1 F10339.4 X166.182 Y119.983 E438.70366
G1 F9611.7 X165.488 Y120.012 E438.72626
G1 F9000 X136.748 Y120.012 E439.72518
G1 X136.615 Y119.968 E439.73004
G1 X136.531 Y119.83 E439.73566
G1 X136.528 Y118.636 E439.77716
G1 X135.468 Y118.636 E439.814
G1 X135.468 Y125.36 E440.04771
G1 X136.528 Y125.36 E440.08455
G1 X136.528 Y124.208 E440.12459
G1 X136.615 Y124.032 E440.13141
G1 F2400 E439.63141
G0 F15000 X166.248 Y123.634
G1 F2400 E440.13141
G1 F9658.5 X166.028 Y123.444 E440.14083
G1 F9000 X166.028 Y120.552 E440.24134
G1 F9611.7 X166.215 Y120.363 E440.25
G1 F10285.7 X167.013 Y120.367 E440.27427
G1 F9777.8 X167.24 Y120.416 E440.2817
G1 F9166.7 X167.492 Y120.589 E440.29213
G1 F9000 X167.612 Y120.743 E440.29891
G1 X167.716 Y121.044 E440.30998
G1 X167.714 Y123.006 E440.37817
G1 X167.569 Y123.312 E440.38994
G1 F9187.9 X167.268 Y123.564 E440.40331
G1 F9826.3 X166.997 Y123.633 E440.41221
G1 F10366.5 X166.248 Y123.634 E440.43481
G1 F2400 E439.93481
G0 F15000 X168.033 Y123.489
;TYPE:WALL-INNER
G1 F2400 E440.43481
G1 F9295.8 X168.086 Y123.268 E440.44373
G1 F11213.6 X168.118 Y123.076 E440.45007
G1 F12222.2 X168.12 Y122.08 E440.47981
G1 F12352.9 X168.122 Y121.084 E440.50923
G1 F11907.2 X168.106 Y120.884 E440.51538
G1 F10428.9 X168.067 Y120.64 E440.52403
G1 F9041.1 X168.038 Y120.502 E440.52972
G1 F2400 E440.02972
G0 F15000 X136.748 Y123.548
G1 F2400 E440.52972
G1 F10500 X165.688 Y123.544 E441.53559
G1 X165.588 Y123.444 E441.5405
G1 X165.588 Y120.552 E441.64102
G1 X165.672 Y120.452 E441.64556
G1 X136.748 Y120.452 E442.65086
G1 X136.351 Y120.32 E442.6654
G1 F8619.4 X136.003 Y119.922 E442.68779
G1 X135.908 Y120.542 E442.71435
G1 F10500 X135.908 Y123.458 E442.8157
G1 F8717 X135.998 Y124.208 E442.84732
G1 X136.351 Y123.68 E442.87391
G1 F10500 X136.748 Y123.548 E442.88845
G1 F2400 E442.38845
G0 F15000 X135.998 Y124.208
G1 F2400 E442.88845
G1 F7451.6 X135.998 Y124.83 E442.91892
G1 F2400 E442.41892
G0 F15000 X136.003 Y119.922
G1 F2400 E442.91892
G1 F7380.2 X135.998 Y119.166 E442.9563
G1 F2400 E442.4563
G0 F15000 X136.303 Y120.709
;TYPE:FILL
G1 F2400 E442.9563
G1 F15000 X136.304 Y122.282 E443.01097
G1 X136.688 Y120.848 E443.06257
G1 X137.512 Y120.848 E443.09121
G1 X139.815 Y123.151 E443.20441
G1 X138.023 Y123.152 E443.2667
G1 X138.64 Y120.848 E443.3496
G1 X140.179 Y120.848 E443.40309
G1 X142.481 Y123.15 E443.51624
G1 X143.881 Y123.151 E443.5649
G1 X144.498 Y120.848 E443.64777
G1 X145.513 Y120.848 E443.68305
G1 X147.815 Y123.15 E443.7962
G1 X149.739 Y123.15 E443.86307
G1 X150.356 Y120.848 E443.9459
G1 X150.848 Y120.848 E443.963
G1 X153.149 Y123.149 E444.07611
G1 X154.994 Y123.15 E444.14023
G1 X163.585 Y120.848 E444.44936
G1 X162.071 Y120.847 E444.50198
G1 X161.454 Y123.149 E444.58482
G1 X162.284 Y123.149 E444.61367
G1 X165.191 Y122.37 E444.71827
G1 X165.192 Y121.856 E444.73614
G1 X164.184 Y120.848 E444.78568
G1 X164.023 Y120.847 E444.79128
G1 X163.401 Y123.171 E444.8749
G1 X161.517 Y120.848 E444.97885
G1 X160.118 Y120.847 E445.02748
G1 X159.502 Y123.149 E445.1103
G1 X161.149 Y123.148 E445.16755
G1 X158.849 Y120.848 E445.2806
G1 X158.166 Y120.847 E445.30434
G1 X157.845 Y122.044 E445.34741
G1 X158.141 Y123.149 E445.38717
G1 X157.747 Y123.15 E445.40087
G1 X157.478 Y122.144 E445.43706
G1 X156.182 Y120.848 E445.50076
G1 X154.261 Y120.847 E445.56753
G1 X153.644 Y123.15 E445.6504
G1 X153.616 Y123.256
G1 F2400 E445.1504
G0 F15000 X140.412 Y123.152
G1 F2400 E445.6504
G1 F15000 X148.264 Y120.847 E445.93483
G1 X148.403 Y120.847 E445.93966
G1 X147.504 Y123.151 E446.02562
G1 X147.703 Y123.151 E446.03253
G1 X155.957 Y120.848 E446.33038
G1 X156.213 Y120.848 E446.33927
G1 X155.886 Y123.147 E446.41998
G1 X155.815 Y123.148 E446.42245
G1 X153.515 Y120.848 E446.5355
G1 X152.308 Y120.847 E446.57746
G1 X151.691 Y123.151 E446.66036
G1 X150.482 Y123.15 E446.70238
G1 X148.181 Y120.848 E446.81551
G1 X146.45 Y120.848 E446.87567
G1 X145.833 Y123.152 E446.95857
G1 X145.149 Y123.15 E446.98234
G1 X142.846 Y120.848 E447.09552
G1 X142.546 Y120.847 E447.10595
G1 X141.928 Y123.152 E447.18889
G1 X139.975 Y123.153 E447.25677
G1 X140.593 Y120.848 E447.33972
G1 X141.724 Y120.848 E447.37903
G1 X136.304 Y122.3 E447.57405
G1 X136.304 Y123.292 E447.60853
G1 X136.721 Y123.152 E447.62382
G1 X137.148 Y123.151 E447.63866
G1 X136.303 Y122.307 E447.68017
G1 X136.226 Y122.23
G1 F2400 E447.18017
;MESH:Pin 5mm - AKM.STL(6)
G0 F15000 X176.615 Y104.032
;TYPE:WALL-OUTER
G1 F2400 E447.68017
G1 F9000 X176.748 Y103.988 E447.68504
G1 X205.488 Y103.984 E448.68395
G1 F9658.5 X206.248 Y104.014 E448.70858
G1 F10366.5 X207.03 Y104.013 E448.73218
G1 F9826.3 X207.339 Y103.994 E448.74204
G1 F9187.9 X207.518 Y103.984 E448.74814
G1 F9000 X208.528 Y103.984 E448.78324
G1 X208.528 Y100.012 E448.9213
G1 X207.608 Y100.012 E448.95327
G1 F9166.7 X207.366 Y100.004 E448.96154
G1 F9565.2 X207.213 Y99.994 E448.96655
G1 F10076.3 X206.97 Y99.983 E448.9741
G1 F10339.4 X206.182 Y99.983 E448.99794
G1 F9611.7 X205.488 Y100.012 E449.02055
G1 F9000 X176.748 Y100.012 E450.01946
G1 X176.615 Y99.968 E450.02433
G1 X176.531 Y99.83 E450.02995
G1 X176.528 Y98.636 E450.07145
G1 X175.468 Y98.636 E450.10829
G1 X175.468 Y105.36 E450.34199
G1 X176.528 Y105.36 E450.37883
G1 X176.528 Y104.208 E450.41887
G1 X176.615 Y104.032 E450.4257
G1 F2400 E449.9257
G0 F15000 X206.248 Y103.634
G1 F2400 E450.4257
G1 F9658.5 X206.028 Y103.444 E450.43511
G1 F9000 X206.028 Y100.552 E450.53563
G1 F9611.7 X206.215 Y100.363 E450.54428
G1 F10285.7 X207.013 Y100.367 E450.56855
G1 F9777.8 X207.24 Y100.416 E450.57598
G1 F9166.7 X207.492 Y100.589 E450.58641
G1 F9000 X207.612 Y100.743 E450.5932
G1 X207.716 Y101.044 E450.60427
G1 X207.714 Y103.006 E450.67246
G1 X207.569 Y103.312 E450.68423
G1 F9187.9 X207.268 Y103.564 E450.69759
G1 F9826.3 X206.997 Y103.633 E450.7065
G1 F10366.5 X206.248 Y103.634 E450.7291
G1 F2400 E450.2291
G0 F15000 X208.033 Y103.489
;TYPE:WALL-INNER
G1 F2400 E450.7291
G1 F9295.8 X208.086 Y103.268 E450.73802
G1 F11213.6 X208.118 Y103.076 E450.74435
G1 F12222.2 X208.12 Y102.08 E450.77409
G1 F12352.9 X208.122 Y101.084 E450.80352
G1 F11907.2 X208.106 Y100.884 E450.80967
G1 F10428.9 X208.067 Y100.64 E450.81832
G1 F9041.1 X208.038 Y100.502 E450.82401
G1 F2400 E450.32401
G0 F15000 X176.748 Y103.548
G1 F2400 E450.82401
G1 F10500 X205.688 Y103.544 E451.82987
G1 X205.588 Y103.444 E451.83479
G1 X205.588 Y100.552 E451.9353
G1 X205.672 Y100.452 E451.93984
G1 X176.748 Y100.452 E452.94515
G1 X176.351 Y100.32 E452.95969
G1 F8619.4 X176.003 Y99.922 E452.98208
G1 X175.908 Y100.542 E453.00863
G1 F10500 X175.908 Y103.458 E453.10998
G1 F8717 X175.998 Y104.208 E453.14161
G1 X176.351 Y103.68 E453.1682
G1 F10500 X176.748 Y103.548 E453.18274
G1 F2400 E452.68274
G0 F15000 X175.998 Y104.208
G1 F2400 E453.18274
G1 F7451.6 X175.998 Y104.83 E453.2132
G1 F2400 E452.7132
G0 F15000 X176.003 Y99.922
G1 F2400 E453.2132
G1 F7380.2 X175.998 Y99.166 E453.25059
G1 F2400 E452.75059
G0 F15000 X176.303 Y100.709
;TYPE:FILL
G1 F2400 E453.25059
G1 F15000 X176.304 Y102.282 E453.30526
G1 X176.689 Y100.848 E453.35687
G1 X177.511 Y100.848 E453.38544
G1 X179.814 Y103.151 E453.49864
G1 X178.023 Y103.152 E453.56089
G1 X178.641 Y100.847 E453.64383
G1 X180.179 Y100.848 E453.69729
G1 X182.481 Y103.151 E453.81046
G1 X183.881 Y103.152 E453.85912
G1 X184.499 Y100.847 E453.94207
G1 X185.513 Y100.848 E453.97731
G1 X187.815 Y103.15 E454.09046
G1 X189.739 Y103.151 E454.15733
G1 X190.356 Y100.847 E454.24024
G1 X190.847 Y100.848 E454.2573
G1 X193.148 Y103.149 E454.3704
G1 X194.994 Y103.149 E454.43456
G1 X203.585 Y100.848 E454.74369
G1 X202.071 Y100.847 E454.79631
G1 X201.454 Y103.149 E454.87914
G1 X202.285 Y103.149 E454.90802
G1 X205.192 Y102.37 E455.01263
G1 X205.192 Y101.857 E455.03046
G1 X204.183 Y100.848 E455.08005
G1 X204.024 Y100.848 E455.08558
G1 X203.401 Y103.17 E455.16914
G1 X201.516 Y100.848 E455.27309
G1 X200.119 Y100.848 E455.32165
G1 X199.502 Y103.15 E455.40448
G1 X201.149 Y103.148 E455.46173
G1 X198.849 Y100.848 E455.57478
G1 X198.166 Y100.847 E455.59852
G1 X197.845 Y102.045 E455.64162
G1 X198.141 Y103.148 E455.68132
G1 X197.747 Y103.149 E455.69501
G1 X197.477 Y102.143 E455.73122
G1 X196.182 Y100.848 E455.79487
G1 X194.261 Y100.848 E455.86164
G1 X193.644 Y103.151 E455.9445
G1 X193.616 Y103.257
G1 F2400 E455.4445
G0 F15000 X180.413 Y103.151
G1 F2400 E455.9445
G1 F15000 X188.263 Y100.848 E456.22885
G1 X188.403 Y100.848 E456.23371
G1 X187.499 Y103.153 E456.31977
G1 X187.703 Y103.151 E456.32686
G1 X195.964 Y100.844 E456.62497
G1 X196.214 Y100.847 E456.63366
G1 X195.887 Y103.147 E456.7144
G1 X195.815 Y103.148 E456.71691
G1 X193.515 Y100.848 E456.82996
G1 X192.309 Y100.847 E456.87188
G1 X191.692 Y103.15 E456.95475
G1 X190.482 Y103.15 E456.9968
G1 X188.18 Y100.848 E457.10995
G1 X186.451 Y100.847 E457.17005
G1 X185.834 Y103.151 E457.25295
G1 X185.148 Y103.151 E457.27679
G1 X182.846 Y100.848 E457.38997
G1 X182.546 Y100.848 E457.40039
G1 X181.929 Y103.151 E457.48326
G1 X179.976 Y103.152 E457.55114
G1 X180.593 Y100.847 E457.63408
G1 X181.723 Y100.848 E457.67335
G1 X176.305 Y102.3 E457.86831
G1 X176.304 Y103.292 E457.90279
G1 X176.721 Y103.152 E457.91808
G1 X177.147 Y103.151 E457.93288
G1 X176.303 Y102.307 E457.97437
G1 X176.226 Y102.23
G1 F2400 E457.47437
;MESH:NONMESH
G0 F600 X176.226 Y102.23 Z1.2
G0 F15000 X56.615 Y114.12
;TIME_ELAPSED:225.260546
;LAYER:5
;TYPE:WALL-OUTER
;MESH:Pin 5mm - AKM.STL(4)
G1 F2400 E457.97437
G1 F9000 X56.748 Y114.076 E457.97924
G1 X85.396 Y114.076 E458.97495
G1 F9145.5 X86.248 Y114.083 E459.0041
G1 F9252.3 X87.14 Y114.081 E459.03425
G1 F9103.4 X87.954 Y114.075 E459.06223
G1 F9000 X88.528 Y114.076 E459.08218
G1 X88.528 Y109.92 E459.22663
G1 F9020.5 X87.102 Y109.92 E459.27608
G1 F9166.7 X86.25 Y109.913 E459.30515
G1 F9145.5 X85.396 Y109.92 E459.33436
G1 F9000 X56.748 Y109.92 E460.33008
G1 X56.615 Y109.876 E460.33495
G1 X56.531 Y109.738 E460.34056
G1 X56.528 Y108.58 E460.38081
G1 X55.468 Y108.58 E460.41765
G1 X55.468 Y115.416 E460.65525
G1 X56.528 Y115.416 E460.69209
G1 X56.528 Y114.296 E460.73102
G1 X56.615 Y114.12 E460.73784
G1 F2400 E460.23784
G0 F15000 X86.248 Y113.657
G1 F2400 E460.73784
G1 F9145.5 X86.028 Y113.444 E460.74832
G1 F9000 X86.028 Y110.552 E460.84883
G1 F9124.4 X86.211 Y110.34 E460.85843
G1 F9145.5 X87.035 Y110.347 E460.88662
G1 F9020.5 X87.347 Y110.471 E460.89826
G1 F9000 X87.597 Y110.722 E460.91058
G1 X87.716 Y111.043 E460.92247
G1 X87.714 Y112.954 E460.98889
G1 X87.597 Y113.271 E461.00064
G1 F9020.5 X87.358 Y113.518 E461.01256
G1 F9124.4 X87.005 Y113.656 E461.02555
G1 F9274 X86.248 Y113.657 E461.05109
G1 F2400 E460.55109
G0 F15000 X88.016 Y113.564
;TYPE:WALL-INNER
G1 F2400 E461.05109
G1 F8603.4 X88.063 Y113.371 E461.05951
G1 F10289.5 X88.104 Y113.129 E461.06822
G1 F11725.9 X88.118 Y113.024 E461.07151
G1 F12222.2 X88.12 Y112.054 E461.10048
G1 F12352.9 X88.122 Y111.084 E461.12913
G1 F11876.6 X88.105 Y110.878 E461.13549
G1 F10335.6 X88.064 Y110.628 E461.14443
G1 F8635.5 X88.017 Y110.431 E461.15299
G1 F2400 E460.65299
G0 F15000 X56.748 Y113.636
G1 F2400 E461.15299
G1 F10500 X85.78 Y113.636 E462.16205
G1 X85.588 Y113.444 E462.17149
G1 X85.588 Y110.552 E462.27201
G1 X85.749 Y110.36 E462.28071
G1 X56.748 Y110.36 E463.2887
G1 X56.351 Y110.228 E463.30324
G1 F8619.4 X56.003 Y109.83 E463.32562
G1 X55.908 Y110.45 E463.35218
G1 F10500 X55.908 Y113.546 E463.45979
G1 F8717 X55.998 Y114.296 E463.49141
G1 X56.351 Y113.768 E463.518
G1 F10500 X56.748 Y113.636 E463.53254
G1 F2400 E463.03254
G0 F15000 X55.998 Y114.296
G1 F2400 E463.53254
G1 F7451.6 X55.998 Y114.886 E463.56144
G1 F2400 E463.06144
G0 F15000 X56.003 Y109.83
G1 F2400 E463.56144
G1 F7380.2 X55.998 Y109.11 E463.59704
G1 F2400 E463.09704
G0 F15000 X56.303 Y110.617
;TYPE:FILL
G1 F2400 E463.59704
G1 F15000 X56.303 Y112.283 E463.65495
G1 X56.713 Y110.754 E463.70997
G1 X57.421 Y110.756 E463.73458
G1 X59.905 Y113.24 E463.85668
G1 X57.999 Y113.241 E463.92292
G1 X58.665 Y110.756 E464.01234
G1 X60.088 Y110.756 E464.0618
G1 X62.572 Y113.24 E464.1839
G1 X63.857 Y113.24 E464.22856
G1 X64.523 Y110.756 E464.31795
G1 X65.422 Y110.756 E464.34919
G1 X67.906 Y113.24 E464.47129
G1 X69.715 Y113.24 E464.53416
G1 X70.38 Y110.756 E464.62354
G1 X70.757 Y110.756 E464.63664
G1 X73.241 Y113.24 E464.75874
G1 X74.656 Y113.24 E464.80792
G1 X83.928 Y110.756 E465.14155
G1 X82.096 Y110.756 E465.20523
G1 X81.43 Y113.24 E465.29461
G1 X81.942 Y113.24 E465.31241
G1 X85.191 Y112.37 E465.42931
G1 X85.192 Y111.856 E465.44718
G1 X84.093 Y110.756 E465.50122
G1 X84.048 Y110.756 E465.50278
G1 X83.592 Y112.456 E465.56396
G1 X83.803 Y113.24 E465.59218
G1 X83.409 Y113.241 E465.60587
G1 X83.225 Y112.555 E465.63056
G1 X81.425 Y110.756 E465.71901
G1 X80.143 Y110.755 E465.76357
G1 X79.477 Y113.241 E465.85302
G1 X81.242 Y113.24 E465.91437
G1 X78.758 Y110.756 E466.03647
G1 X78.19 Y110.756 E466.05621
G1 X77.525 Y113.24 E466.14558
G1 X78.575 Y113.24 E466.18208
G1 X76.091 Y110.756 E466.30418
G1 X74.286 Y110.755 E466.36691
G1 X73.62 Y113.241 E466.45636
G1 X73.592 Y113.347
G1 F2400 E465.95636
G0 F15000 X60.082 Y113.24
G1 F2400 E466.45636
G1 F15000 X68.357 Y110.755 E466.75667
G1 X68.428 Y110.755 E466.75913
G1 X67.417 Y113.226 E466.85193
G1 X76.055 Y110.756 E467.16419
G1 X76.238 Y110.756 E467.17055
G1 X75.911 Y113.24 E467.25763
G1 X73.424 Y110.756 E467.3798
G1 X72.333 Y110.756 E467.41772
G1 X71.667 Y113.24 E467.50711
G1 X70.573 Y113.24 E467.54513
G1 X68.089 Y110.756 E467.66723
G1 X66.476 Y110.755 E467.72329
G1 X65.81 Y113.24 E467.81271
G1 X65.239 Y113.24 E467.83256
G1 X62.755 Y110.756 E467.95466
G1 X62.57 Y110.755 E467.96109
G1 X61.905 Y113.241 E468.05053
G1 X59.952 Y113.24 E468.11841
G1 X60.618 Y110.755 E468.20783
G1 X62.068 Y110.756 E468.25823
G1 X56.305 Y112.3 E468.46559
G1 X56.304 Y113.38 E468.50313
G1 X56.721 Y113.24 E468.51842
G1 X57.237 Y113.24 E468.53635
G1 X56.303 Y112.306 E468.58226
G1 X56.226 Y112.229
G1 F2400 E468.08226
;MESH:Pin Lock 5mm.STL(2)
G0 F15000 X104.499 Y122.908
;TYPE:WALL-OUTER
G1 F2400 E468.58226
G1 F9000 X109.892 Y122.904 E468.76971
G1 X110.004 Y122.833 E468.77432
G1 X110.007 Y121.152 E468.83274
G1 X109.904 Y121.088 E468.83696
G1 X104.5 Y121.088 E469.02478
G1 F8389.8 X104.251 Y120.912 E469.03615
G1 F7888.4 X104.25 Y120.47 E469.05368
G1 F7920 X103.75 Y120.47 E469.07343
G1 F7888.4 X103.752 Y120.955 E469.09266
G1 F8389.8 X103.72 Y121.868 E469.12672
G1 F9000 X103.72 Y122.129 E469.13579
G1 F8425.5 X103.75 Y123.128 E469.1729
G1 F7920 X103.75 Y123.526 E469.18862
G1 X104.25 Y123.526 E469.20837
G1 X104.25 Y123.128 E469.22409
G1 F8425.5 X104.499 Y122.908 E469.23642
G0 F15000 X104.499 Y122.468
;TYPE:WALL-INNER
G1 F10500 X109.564 Y122.464 E469.41247
G1 X109.566 Y121.529 E469.44496
G1 X104.5 Y121.528 E469.62104
G1 X104.159 Y121.241 E469.63653
G1 X104.16 Y122.807 E469.69096
G1 X104.499 Y122.468 E469.70763
G0 F15000 X104.63 Y121.998
;TYPE:SKIN
G1 F6746.2 X106.119 Y121.998 E469.77667
G1 F6757.7 X107.608 Y121.997 E469.84559
G1 F6780.8 X109.097 Y121.996 E469.91428
G1 F2400 E469.41428
;MESH:Pin Lock 5mm.STL
G0 F15000 X114.499 Y122.908
;TYPE:WALL-OUTER
G1 F2400 E469.91428
G1 F9000 X119.892 Y122.904 E470.10173
G1 X120.008 Y122.83 E470.10651
G1 X120.008 Y121.153 E470.1648
G1 X119.904 Y121.088 E470.16906
G1 X114.5 Y121.088 E470.35689
G1 F8389.8 X114.251 Y120.912 E470.36826
G1 F7888.4 X114.25 Y120.47 E470.38578
G1 F7920 X113.75 Y120.47 E470.40553
G1 F7888.4 X113.752 Y120.955 E470.42476
G1 F8389.8 X113.72 Y121.868 E470.45882
G1 F9000 X113.72 Y122.129 E470.4679
G1 F8425.5 X113.75 Y123.128 E470.505
G1 F7920 X113.75 Y123.526 E470.52072
G1 X114.25 Y123.526 E470.54047
G1 X114.25 Y123.128 E470.55619
G1 F8425.5 X114.499 Y122.908 E470.56853
G0 F15000 X114.499 Y122.468
;TYPE:WALL-INNER
G1 F10500 X119.568 Y122.464 E470.74471
G1 X119.568 Y121.528 E470.77724
G1 X114.5 Y121.528 E470.95339
G1 X114.159 Y121.241 E470.96888
G1 X114.16 Y122.807 E471.02331
G1 X114.499 Y122.468 E471.03997
G0 F15000 X114.63 Y121.998
;TYPE:SKIN
G1 F6746.2 X116.12 Y121.998 E471.10906
G1 F6757.7 X117.61 Y121.997 E471.17803
G1 F6780.8 X119.1 Y121.996 E471.24677
G1 F2400 E470.74677
;MESH:Pin Lock 5mm.STL(4)
G0 F15000 X124.499 Y122.908
;TYPE:WALL-OUTER
G1 F2400 E471.24677
G1 F9000 X129.892 Y122.904 E471.43421
G1 X130.004 Y122.833 E471.43882
G1 X130.007 Y121.152 E471.49725
G1 X129.904 Y121.088 E471.50146
G1 X124.5 Y121.088 E471.68929
G1 F8389.8 X124.251 Y120.912 E471.70066
G1 F7888.4 X124.25 Y120.47 E471.71819
G1 F7920 X123.75 Y120.47 E471.73793
G1 F7888.4 X123.752 Y120.955 E471.75717
G1 F8389.8 X123.72 Y121.868 E471.79123
G1 F9000 X123.72 Y122.129 E471.8003
G1 F8425.5 X123.75 Y123.128 E471.83741
G1 F7920 X123.75 Y123.526 E471.85313
G1 X124.25 Y123.526 E471.87287
G1 X124.25 Y123.128 E471.88859
G1 F8425.5 X124.499 Y122.908 E471.90093
G0 F15000 X124.499 Y122.468
;TYPE:WALL-INNER
G1 F10500 X129.564 Y122.464 E472.07697
G1 X129.566 Y121.529 E472.10947
G1 X124.5 Y121.528 E472.28555
G1 X124.159 Y121.241 E472.30104
G1 X124.16 Y122.807 E472.35547
G1 X124.499 Y122.468 E472.37213
G0 F15000 X124.63 Y121.998
;TYPE:SKIN
G1 F6746.2 X126.119 Y121.998 E472.44118
G1 F6757.7 X127.608 Y121.997 E472.5101
G1 F6780.8 X129.097 Y121.996 E472.57879
G1 F2400 E472.07879
;MESH:Pin 5mm - AKM.STL
G0 F15000 X126.248 Y113.657
;TYPE:WALL-OUTER
G1 F2400 E472.57879
G1 F9145.5 X126.028 Y113.444 E472.58926
G1 F9000 X126.028 Y110.552 E472.68978
G1 F9124.4 X126.211 Y110.34 E472.69938
G1 F9145.5 X127.035 Y110.347 E472.72757
G1 F9020.5 X127.347 Y110.471 E472.73921
G1 F9000 X127.597 Y110.722 E472.75152
G1 X127.716 Y111.043 E472.76342
G1 X127.714 Y112.954 E472.82984
G1 X127.597 Y113.271 E472.84159
G1 F9020.5 X127.358 Y113.518 E472.85351
G1 F9124.4 X127.005 Y113.656 E472.8665
G1 F9274 X126.248 Y113.657 E472.89203
G1 F2400 E472.39203
G0 F15000 X96.615 Y114.12
G1 F2400 E472.89203
G1 F9000 X96.748 Y114.076 E472.8969
G1 X125.396 Y114.076 E473.89262
G1 F9145.5 X126.248 Y114.083 E473.92176
G1 F9252.3 X127.14 Y114.081 E473.95192
G1 F9103.4 X127.954 Y114.075 E473.97989
G1 F9000 X128.528 Y114.076 E473.99984
G1 X128.528 Y109.92 E474.14429
G1 F9020.5 X127.102 Y109.92 E474.19374
G1 F9166.7 X126.25 Y109.913 E474.22281
G1 F9145.5 X125.396 Y109.92 E474.25203
G1 F9000 X96.748 Y109.92 E475.24774
G1 X96.615 Y109.876 E475.25261
G1 X96.531 Y109.738 E475.25822
G1 X96.528 Y108.58 E475.29847
G1 X95.468 Y108.58 E475.33531
G1 X95.468 Y115.416 E475.57291
G1 X96.528 Y115.416 E475.60975
G1 X96.528 Y114.296 E475.64868
G1 X96.615 Y114.12 E475.65551
G0 F15000 X96.748 Y113.636
;TYPE:WALL-INNER
G1 F10500 X125.78 Y113.636 E476.66457
G1 X125.588 Y113.444 E476.674
G1 X125.588 Y110.552 E476.77452
G1 X125.749 Y110.36 E476.78323
G1 X96.748 Y110.36 E477.79121
G1 X96.351 Y110.228 E477.80575
G1 F8619.4 X96.003 Y109.83 E477.82814
G1 X95.908 Y110.45 E477.8547
G1 F10500 X95.908 Y113.546 E477.9623
G1 F8717 X95.998 Y114.296 E477.99393
G1 X96.351 Y113.768 E478.02052
G1 F10500 X96.748 Y113.636 E478.03506
G1 F2400 E477.53506
G0 F15000 X95.998 Y114.296
G1 F2400 E478.03506
G1 F7451.6 X95.998 Y114.886 E478.06396
G1 F2400 E477.56396
G0 F15000 X96.003 Y109.83
G1 F2400 E478.06396
G1 F7380.2 X95.998 Y109.11 E478.09956
G1 F2400 E477.59956
G0 F15000 X128.017 Y110.431
G1 F2400 E478.09956
G1 F8635.5 X128.064 Y110.628 E478.10812
G1 F10335.6 X128.105 Y110.878 E478.11706
G1 F11876.6 X128.122 Y111.084 E478.12342
G1 F12352.9 X128.12 Y112.054 E478.15207
G1 F12222.2 X128.118 Y113.024 E478.18104
G1 F11725.9 X128.104 Y113.129 E478.18433
G1 F10289.5 X128.063 Y113.371 E478.19304
G1 F8603.4 X128.016 Y113.564 E478.20146
G1 F2400 E477.70146
G0 F15000 X113.62 Y113.241
;TYPE:FILL
G1 F2400 E478.20146
G1 F15000 X114.286 Y110.755 E478.29092
G1 X116.091 Y110.756 E478.35365
G1 X118.575 Y113.24 E478.47575
G1 X117.525 Y113.24 E478.51225
G1 X118.191 Y110.756 E478.60163
G1 X118.758 Y110.756 E478.62134
G1 X121.242 Y113.24 E478.74344
G1 X119.477 Y113.241 E478.80478
G1 X120.143 Y110.755 E478.89423
G1 X121.425 Y110.756 E478.93879
G1 X123.225 Y112.556 E479.02727
G1 X123.409 Y113.24 E479.05189
G1 X123.801 Y113.24 E479.06551
G1 X123.591 Y112.46 E479.09359
G1 X124.048 Y110.756 E479.15491
G1 X124.092 Y110.756 E479.15644
G1 X125.192 Y111.856 E479.2105
G1 X125.191 Y112.37 E479.22837
G1 X121.943 Y113.24 E479.34524
G1 X121.43 Y113.24 E479.36307
G1 X122.096 Y110.756 E479.45246
G1 X123.928 Y110.756 E479.51613
G1 X114.656 Y113.241 E479.84977
G1 X113.24 Y113.24 E479.89898
G1 X110.756 Y110.756 E480.02108
G1 X110.38 Y110.755 E480.03415
G1 X109.715 Y113.24 E480.12356
G1 X107.906 Y113.24 E480.18644
G1 X105.422 Y110.756 E480.30853
G1 X104.523 Y110.755 E480.33978
G1 X103.857 Y113.24 E480.4292
G1 X102.571 Y113.24 E480.4739
G1 X100.087 Y110.756 E480.59599
G1 X98.665 Y110.755 E480.64542
G1 X97.999 Y113.241 E480.73487
G1 X99.904 Y113.24 E480.80108
G1 X97.42 Y110.756 E480.92318
G1 X96.713 Y110.754 E480.94775
G1 X96.303 Y112.283 E481.00277
G1 X96.303 Y110.617 E481.06068
G1 X96.303 Y110.507
G1 F2400 E480.56068
G0 F15000 X96.303 Y112.306
G1 F2400 E481.06068
G1 F15000 X97.237 Y113.24 E481.10659
G1 X96.721 Y113.24 E481.12452
G1 X96.304 Y113.38 E481.13981
G1 X96.305 Y112.3 E481.17735
G1 X102.068 Y110.756 E481.38472
G1 X100.618 Y110.755 E481.43511
G1 X99.952 Y113.24 E481.52453
G1 X101.905 Y113.24 E481.59241
G1 X102.57 Y110.755 E481.68182
G1 X102.755 Y110.756 E481.68825
G1 X105.239 Y113.24 E481.81035
G1 X105.81 Y113.24 E481.8302
G1 X106.476 Y110.755 E481.91961
G1 X108.089 Y110.756 E481.97568
G1 X110.573 Y113.24 E482.09778
G1 X111.667 Y113.24 E482.1358
G1 X112.333 Y110.756 E482.22518
G1 X113.423 Y110.756 E482.26307
G1 X115.911 Y113.24 E482.38527
G1 X116.238 Y110.756 E482.47235
G1 X116.055 Y110.756 E482.47871
G1 X107.417 Y113.226 E482.79097
G1 X108.428 Y110.755 E482.88376
G1 X108.357 Y110.755 E482.88623
G1 X100.082 Y113.24 E483.18653
G1 X99.977 Y113.271
G1 F2400 E482.68653
;MESH:Pin 5mm - AKM.STL(2)
G0 F15000 X96.615 Y104.12
;TYPE:WALL-OUTER
G1 F2400 E483.18653
G1 F9000 X96.748 Y104.076 E483.1914
G1 X125.396 Y104.076 E484.18712
G1 F9145.5 X126.248 Y104.083 E484.21626
G1 F9252.3 X127.14 Y104.081 E484.24642
G1 F9103.4 X127.954 Y104.075 E484.27439
G1 F9000 X128.528 Y104.076 E484.29434
G1 X128.528 Y99.92 E484.43879
G1 F9020.5 X127.102 Y99.92 E484.48824
G1 F9166.7 X126.25 Y99.913 E484.51731
G1 F9145.5 X125.396 Y99.92 E484.54653
G1 F9000 X96.748 Y99.92 E485.54224
G1 X96.615 Y99.876 E485.54711
G1 X96.531 Y99.738 E485.55272
G1 X96.528 Y98.58 E485.59297
G1 X95.468 Y98.58 E485.62981
G1 X95.468 Y105.416 E485.86741
G1 X96.528 Y105.416 E485.90425
G1 X96.528 Y104.296 E485.94318
G1 X96.615 Y104.12 E485.95001
G1 F2400 E485.45001
G0 F15000 X126.248 Y103.657
G1 F2400 E485.95001
G1 F9145.5 X126.028 Y103.444 E485.96048
G1 F9000 X126.028 Y100.552 E486.061
G1 F9124.4 X126.211 Y100.34 E486.0706
G1 F9145.5 X127.035 Y100.347 E486.09878
G1 F9020.5 X127.347 Y100.471 E486.11043
G1 F9000 X127.597 Y100.722 E486.12274
G1 X127.716 Y101.043 E486.13464
G1 X127.714 Y102.954 E486.20106
G1 X127.597 Y103.271 E486.2128
G1 F9020.5 X127.358 Y103.518 E486.22472
G1 F9124.4 X127.005 Y103.656 E486.23771
G1 F9274 X126.248 Y103.657 E486.26325
G1 F2400 E485.76325
G0 F15000 X128.016 Y103.564
;TYPE:WALL-INNER
G1 F2400 E486.26325
G1 F8603.4 X128.063 Y103.371 E486.27167
G1 F10289.5 X128.104 Y103.129 E486.28038
G1 F11725.9 X128.118 Y103.024 E486.28368
G1 F12222.2 X128.12 Y102.054 E486.31264
G1 F12352.9 X128.122 Y101.084 E486.3413
G1 F11876.6 X128.105 Y100.878 E486.34765
G1 F10335.6 X128.064 Y100.628 E486.35659
G1 F8635.5 X128.017 Y100.431 E486.36515
G1 F2400 E485.86515
G0 F15000 X96.748 Y103.636
G1 F2400 E486.36515
G1 F10500 X125.78 Y103.636 E487.37421
G1 X125.588 Y103.444 E487.38365
G1 X125.588 Y100.552 E487.48417
G1 X125.749 Y100.36 E487.49288
G1 X96.748 Y100.36 E488.50086
G1 X96.351 Y100.228 E488.5154
G1 F8619.4 X96.003 Y99.83 E488.53779
G1 X95.908 Y100.45 E488.56434
G1 F10500 X95.908 Y103.546 E488.67195
G1 F8717 X95.998 Y104.296 E488.70358
G1 X96.351 Y103.768 E488.73017
G1 F10500 X96.748 Y103.636 E488.74471
G1 F2400 E488.24471
G0 F15000 X95.998 Y104.296
G1 F2400 E488.74471
G1 F7451.6 X95.998 Y104.886 E488.7736
G1 F2400 E488.2736
G0 F15000 X96.003 Y99.83
G1 F2400 E488.7736
G1 F7380.2 X95.998 Y99.11 E488.80921
G1 F2400 E488.30921
G0 F15000 X96.303 Y100.617
;TYPE:FILL
G1 F2400 E488.80921
G1 F15000 X96.304 Y102.283 E488.86711
G1 X96.713 Y100.754 E488.92212
G1 X97.42 Y100.756 E488.9467
G1 X99.904 Y103.24 E489.06879
G1 X98 Y103.241 E489.13497
G1 X98.665 Y100.756 E489.22438
G1 X100.087 Y100.756 E489.27381
G1 X102.571 Y103.24 E489.3959
G1 X103.857 Y103.24 E489.4406
G1 X104.523 Y100.756 E489.52999
G1 X105.422 Y100.756 E489.56123
G1 X107.906 Y103.24 E489.68333
G1 X109.715 Y103.24 E489.7462
G1 X110.381 Y100.756 E489.83559
G1 X110.756 Y100.756 E489.84862
G1 X113.24 Y103.24 E489.97072
G1 X114.659 Y103.24 E490.02004
G1 X123.929 Y100.756 E490.3536
G1 X122.096 Y100.756 E490.41731
G1 X121.43 Y103.24 E490.5067
G1 X121.947 Y103.24 E490.52467
G1 X125.192 Y102.37 E490.64144
G1 X125.192 Y101.856 E490.6593
G1 X124.092 Y100.756 E490.71337
G1 X124.048 Y100.756 E490.7149
G1 X123.592 Y102.46 E490.77621
G1 X123.802 Y103.24 E490.80429
G1 X123.41 Y103.241 E490.81791
G1 X123.226 Y102.557 E490.84253
G1 X121.425 Y100.756 E490.93106
G1 X120.143 Y100.756 E490.97561
G1 X119.477 Y103.241 E491.06503
G1 X121.242 Y103.24 E491.12638
G1 X118.758 Y100.756 E491.24848
G1 X118.191 Y100.756 E491.26818
G1 X117.525 Y103.241 E491.3576
G1 X118.575 Y103.24 E491.3941
G1 X116.091 Y100.756 E491.51619
G1 X114.286 Y100.755 E491.57893
G1 X113.62 Y103.241 E491.66838
G1 X113.592 Y103.347
G1 F2400 E491.16838
G0 F15000 X100.086 Y103.24
G1 F2400 E491.66838
G1 F15000 X108.357 Y100.755 E491.96855
G1 X108.428 Y100.755 E491.97102
G1 X107.417 Y103.227 E492.06385
G1 X116.056 Y100.756 E492.37615
G1 X116.238 Y100.756 E492.38248
G1 X115.912 Y103.24 E492.46955
G1 X113.423 Y100.756 E492.59177
G1 X112.333 Y100.756 E492.62966
G1 X111.667 Y103.24 E492.71904
G1 X110.573 Y103.24 E492.75707
G1 X108.089 Y100.756 E492.87917
G1 X106.476 Y100.755 E492.93523
G1 X105.81 Y103.24 E493.02465
G1 X105.239 Y103.24 E493.04449
G1 X102.755 Y100.756 E493.16659
G1 X102.571 Y100.755 E493.17299
G1 X101.905 Y103.241 E493.26244
G1 X99.952 Y103.24 E493.33032
G1 X100.618 Y100.755 E493.41974
G1 X102.067 Y100.756 E493.4701
G1 X96.305 Y102.3 E493.67743
G1 X96.304 Y103.38 E493.71497
G1 X96.721 Y103.24 E493.73026
G1 X97.237 Y103.24 E493.7482
G1 X96.304 Y102.307 E493.79406
G1 X96.227 Y102.23
G1 F2400 E493.29406
;MESH:Pin Lock 5mm.STL(1)
G0 F15000 X114.499 Y92.908
;TYPE:WALL-OUTER
G1 F2400 E493.79406
G1 F9000 X119.892 Y92.904 E493.9815
G1 X120.008 Y92.83 E493.98628
G1 X120.008 Y91.153 E494.04457
G1 X119.904 Y91.088 E494.04883
G1 X114.5 Y91.088 E494.23666
G1 F8389.8 X114.251 Y90.912 E494.24803
G1 F7888.4 X114.25 Y90.47 E494.26555
G1 F7920 X113.75 Y90.47 E494.2853
G1 F7888.4 X113.752 Y90.955 E494.30453
G1 F8389.8 X113.72 Y91.868 E494.3386
G1 F9000 X113.72 Y92.129 E494.34767
G1 F8425.5 X113.75 Y93.128 E494.38477
G1 F7920 X113.75 Y93.526 E494.40049
G1 X114.25 Y93.526 E494.42024
G1 X114.25 Y93.128 E494.43596
G1 F8425.5 X114.499 Y92.908 E494.4483
G0 F15000 X114.499 Y92.468
;TYPE:WALL-INNER
G1 F10500 X119.568 Y92.464 E494.62448
G1 X119.568 Y91.528 E494.65701
G1 X114.5 Y91.528 E494.83316
G1 X114.159 Y91.241 E494.84865
G1 X114.16 Y92.807 E494.90308
G1 X114.499 Y92.468 E494.91974
G0 F15000 X114.63 Y91.998
;TYPE:SKIN
G1 F6746.2 X116.12 Y91.998 E494.98883
G1 F6757.7 X117.61 Y91.997 E495.0578
G1 F6780.8 X119.1 Y91.996 E495.12654
G1 F2400 E494.62654
;MESH:Pin Lock 5mm.STL(3)
G0 F15000 X104.499 Y92.908
;TYPE:WALL-OUTER
G1 F2400 E495.12654
G1 F9000 X109.892 Y92.904 E495.31398
G1 X110.004 Y92.833 E495.31859
G1 X110.007 Y91.152 E495.37702
G1 X109.904 Y91.088 E495.38123
G1 X104.5 Y91.088 E495.56906
G1 F8389.8 X104.251 Y90.912 E495.58043
G1 F7888.4 X104.25 Y90.47 E495.59796
G1 F7920 X103.75 Y90.47 E495.6177
G1 F7888.4 X103.752 Y90.955 E495.63694
G1 F8389.8 X103.72 Y91.868 E495.671
G1 F9000 X103.72 Y92.129 E495.68007
G1 F8425.5 X103.75 Y93.128 E495.71718
G1 F7920 X103.75 Y93.526 E495.7329
G1 X104.25 Y93.526 E495.75264
G1 X104.25 Y93.128 E495.76836
G1 F8425.5 X104.499 Y92.908 E495.7807
G0 F15000 X104.499 Y92.468
;TYPE:WALL-INNER
G1 F10500 X109.564 Y92.464 E495.95674
G1 X109.566 Y91.529 E495.98924
G1 X104.5 Y91.528 E496.16532
G1 X104.159 Y91.241 E496.18081
G1 X104.16 Y92.807 E496.23524
G1 X104.499 Y92.468 E496.2519
G0 F15000 X104.63 Y91.998
;TYPE:SKIN
G1 F6746.2 X106.119 Y91.998 E496.32095
G1 F6757.7 X107.608 Y91.997 E496.38987
G1 F6780.8 X109.097 Y91.996 E496.45856
G1 F2400 E495.95856
;MESH:Pin Lock 5mm.STL(5)
G0 F15000 X124.499 Y92.908
;TYPE:WALL-OUTER
G1 F2400 E496.45856
G1 F9000 X129.892 Y92.904 E496.64601
G1 X130.004 Y92.833 E496.65061
G1 X130.007 Y91.152 E496.70904
G1 X129.904 Y91.088 E496.71326
G1 X124.5 Y91.088 E496.90108
G1 F8389.8 X124.251 Y90.912 E496.91245
G1 F7888.4 X124.25 Y90.47 E496.92998
G1 F7920 X123.75 Y90.47 E496.94973
G1 F7888.4 X123.752 Y90.955 E496.96896
G1 F8389.8 X123.72 Y91.868 E497.00302
G1 F9000 X123.72 Y92.129 E497.01209
G1 F8425.5 X123.75 Y93.128 E497.0492
G1 F7920 X123.75 Y93.526 E497.06492
G1 X124.25 Y93.526 E497.08467
G1 X124.25 Y93.128 E497.10039
G1 F8425.5 X124.499 Y92.908 E497.11272
G0 F15000 X124.499 Y92.468
;TYPE:WALL-INNER
G1 F10500 X129.564 Y92.464 E497.28876
G1 X129.566 Y91.529 E497.32126
G1 X124.5 Y91.528 E497.49734
G1 X124.159 Y91.241 E497.51283
G1 X124.16 Y92.807 E497.56726
G1 X124.499 Y92.468 E497.58392
G0 F15000 X124.63 Y91.998
;TYPE:SKIN
G1 F6746.2 X126.119 Y91.998 E497.65297
G1 F6757.7 X127.608 Y91.997 E497.72189
G1 F6780.8 X129.097 Y91.996 E497.79058
G1 F2400 E497.29058
;MESH:Pin 5mm - AKM.STL(5)
G0 F15000 X136.615 Y94.12
;TYPE:WALL-OUTER
G1 F2400 E497.79058
G1 F9000 X136.748 Y94.076 E497.79545
G1 X165.396 Y94.076 E498.79117
G1 F9145.5 X166.248 Y94.083 E498.82031
G1 F9252.3 X167.14 Y94.081 E498.85047
G1 F9103.4 X167.954 Y94.075 E498.87844
G1 F9000 X168.528 Y94.076 E498.89839
G1 X168.528 Y89.92 E499.04284
G1 F9020.5 X167.102 Y89.92 E499.09229
G1 F9166.7 X166.25 Y89.913 E499.12136
G1 F9145.5 X165.396 Y89.92 E499.15057
G1 F9000 X136.748 Y89.92 E500.14629
G1 X136.615 Y89.876 E500.15116
G1 X136.531 Y89.738 E500.15677
G1 X136.528 Y88.58 E500.19702
G1 X135.468 Y88.58 E500.23386
G1 X135.468 Y95.416 E500.47146
G1 X136.528 Y95.416 E500.5083
G1 X136.528 Y94.296 E500.54723
G1 X136.615 Y94.12 E500.55406
G1 F2400 E500.05406
G0 F15000 X166.248 Y93.657
G1 F2400 E500.55406
G1 F9145.5 X166.028 Y93.444 E500.56453
G1 F9000 X166.028 Y90.552 E500.66505
G1 F9124.4 X166.211 Y90.34 E500.67465
G1 F9145.5 X167.035 Y90.347 E500.70283
G1 F9020.5 X167.347 Y90.471 E500.71447
G1 F9000 X167.597 Y90.722 E500.72679
G1 X167.716 Y91.043 E500.73869
G1 X167.714 Y92.954 E500.80511
G1 X167.597 Y93.271 E500.81685
G1 F9020.5 X167.358 Y93.518 E500.82877
G1 F9124.4 X167.005 Y93.656 E500.84176
G1 F9274 X166.248 Y93.657 E500.8673
G1 F2400 E500.3673
G0 F15000 X168.016 Y93.564
;TYPE:WALL-INNER
G1 F2400 E500.8673
G1 F8603.4 X168.063 Y93.371 E500.87572
G1 F10289.5 X168.104 Y93.129 E500.88443
G1 F11725.9 X168.118 Y93.024 E500.88773
G1 F12222.2 X168.12 Y92.054 E500.91669
G1 F12352.9 X168.122 Y91.084 E500.94535
G1 F11876.6 X168.105 Y90.878 E500.9517
G1 F10335.6 X168.064 Y90.628 E500.96064
G1 F8635.5 X168.017 Y90.431 E500.9692
G1 F2400 E500.4692
G0 F15000 X136.748 Y93.636
G1 F2400 E500.9692
G1 F10500 X165.78 Y93.636 E501.97826
G1 X165.588 Y93.444 E501.9877
G1 X165.588 Y90.552 E502.08822
G1 X165.749 Y90.36 E502.09693
G1 X136.748 Y90.36 E503.10491
G1 X136.351 Y90.228 E503.11945
G1 F8619.4 X136.003 Y89.83 E503.14184
G1 X135.908 Y90.45 E503.16839
G1 F10500 X135.908 Y93.546 E503.276
G1 F8717 X135.998 Y94.296 E503.30763
G1 X136.351 Y93.768 E503.33422
G1 F10500 X136.748 Y93.636 E503.34876
G1 F2400 E502.84876
G0 F15000 X135.998 Y94.296
G1 F2400 E503.34876
G1 F7451.6 X135.998 Y94.886 E503.37765
G1 F2400 E502.87765
G0 F15000 X136.003 Y89.83
G1 F2400 E503.37765
G1 F7380.2 X135.998 Y89.11 E503.41326
G1 F2400 E502.91326
G0 F15000 X136.303 Y90.617
;TYPE:FILL
G1 F2400 E503.41326
G1 F15000 X136.304 Y92.283 E503.47116
G1 X136.713 Y90.754 E503.52617
G1 X137.42 Y90.756 E503.55075
G1 X139.903 Y93.24 E503.67282
G1 X138 Y93.241 E503.73896
G1 X138.666 Y90.756 E503.82838
G1 X140.087 Y90.756 E503.87777
G1 X142.57 Y93.24 E503.99984
G1 X143.858 Y93.24 E504.04461
G1 X144.523 Y90.756 E504.13399
G1 X145.421 Y90.756 E504.1652
G1 X147.905 Y93.24 E504.2873
G1 X149.715 Y93.24 E504.35021
G1 X150.381 Y90.756 E504.43959
G1 X150.756 Y90.756 E504.45262
G1 X153.239 Y93.24 E504.5747
G1 X154.655 Y93.24 E504.62391
G1 X163.929 Y90.755 E504.95762
G1 X162.096 Y90.756 E505.02133
G1 X161.43 Y93.24 E505.11071
G1 X161.942 Y93.24 E505.12851
G1 X165.192 Y92.37 E505.24545
G1 X165.192 Y91.857 E505.26328
G1 X164.092 Y90.756 E505.31737
G1 X164.048 Y90.756 E505.3189
G1 X163.592 Y92.458 E505.38014
G1 X163.802 Y93.24 E505.40828
G1 X163.408 Y93.241 E505.42198
G1 X163.224 Y92.556 E505.44663
G1 X161.425 Y90.756 E505.53508
G1 X160.143 Y90.756 E505.57964
G1 X159.478 Y93.241 E505.66905
G1 X161.241 Y93.24 E505.73033
G1 X158.757 Y90.756 E505.85243
G1 X158.191 Y90.756 E505.8721
G1 X157.525 Y93.241 E505.96152
G1 X158.574 Y93.24 E505.99798
G1 X156.09 Y90.756 E506.12007
G1 X154.286 Y90.756 E506.18278
G1 X153.62 Y93.241 E506.27219
G1 X153.592 Y93.347
G1 F2400 E505.77219
G0 F15000 X140.082 Y93.24
G1 F2400 E506.27219
G1 F15000 X148.356 Y90.755 E506.57246
G1 X148.428 Y90.755 E506.57497
G1 X147.415 Y93.227 E506.66782
G1 X156.056 Y90.756 E506.98019
G1 X156.238 Y90.756 E506.98652
G1 X155.911 Y93.24 E507.0736
G1 X153.423 Y90.756 E507.19579
G1 X152.333 Y90.756 E507.23368
G1 X151.668 Y93.241 E507.32309
G1 X150.572 Y93.24 E507.36118
G1 X148.089 Y90.756 E507.48325
G1 X146.476 Y90.755 E507.53932
G1 X145.81 Y93.24 E507.62874
G1 X145.238 Y93.24 E507.64862
G1 X142.754 Y90.756 E507.77071
G1 X142.571 Y90.755 E507.77708
G1 X141.905 Y93.241 E507.86653
G1 X139.952 Y93.24 E507.93441
G1 X140.618 Y90.755 E508.02383
G1 X142.067 Y90.756 E508.07419
G1 X136.304 Y92.3 E508.28156
G1 X136.304 Y93.38 E508.31909
G1 X136.721 Y93.24 E508.33438
G1 X137.236 Y93.24 E508.35228
G1 X136.303 Y92.307 E508.39814
G1 X136.226 Y92.23
G1 F2400 E507.89814
;MESH:Pin 5mm - AKM.STL(3)
G0 F15000 X136.615 Y104.12
;TYPE:WALL-OUTER
G1 F2400 E508.39814
G1 F9000 X136.748 Y104.076 E508.40301
G1 X165.396 Y104.076 E509.39873
G1 F9145.5 X166.248 Y104.083 E509.42787
G1 F9252.3 X167.14 Y104.081 E509.45803
G1 F9103.4 X167.954 Y104.075 E509.486
G1 F9000 X168.528 Y104.076 E509.50595
G1 X168.528 Y99.92 E509.6504
G1 F9020.5 X167.102 Y99.92 E509.69985
G1 F9166.7 X166.25 Y99.913 E509.72892
G1 F9145.5 X165.396 Y99.92 E509.75814
G1 F9000 X136.748 Y99.92 E510.75385
G1 X136.615 Y99.876 E510.75872
G1 X136.531 Y99.738 E510.76433
G1 X136.528 Y98.58 E510.80458
G1 X135.468 Y98.58 E510.84142
G1 X135.468 Y105.416 E511.07902
G1 X136.528 Y105.416 E511.11586
G1 X136.528 Y104.296 E511.15479
G1 X136.615 Y104.12 E511.16162
G1 F2400 E510.66162
G0 F15000 X166.248 Y103.657
G1 F2400 E511.16162
G1 F9145.5 X166.028 Y103.444 E511.17209
G1 F9000 X166.028 Y100.552 E511.27261
G1 F9124.4 X166.211 Y100.34 E511.28221
G1 F9145.5 X167.035 Y100.347 E511.31039
G1 F9020.5 X167.347 Y100.471 E511.32204
G1 F9000 X167.597 Y100.722 E511.33435
G1 X167.716 Y101.043 E511.34625
G1 X167.714 Y102.954 E511.41267
G1 X167.597 Y103.271 E511.42441
G1 F9020.5 X167.358 Y103.518 E511.43633
G1 F9124.4 X167.005 Y103.656 E511.44932
G1 F9274 X166.248 Y103.657 E511.47486
G1 F2400 E510.97486
G0 F15000 X168.016 Y103.564
;TYPE:WALL-INNER
G1 F2400 E511.47486
G1 F8603.4 X168.063 Y103.371 E511.48328
G1 F10289.5 X168.104 Y103.129 E511.49199
G1 F11725.9 X168.118 Y103.024 E511.49529
G1 F12222.2 X168.12 Y102.054 E511.52425
G1 F12352.9 X168.122 Y101.084 E511.55291
G1 F11876.6 X168.105 Y100.878 E511.55926
G1 F10335.6 X168.064 Y100.628 E511.5682
G1 F8635.5 X168.017 Y100.431 E511.57676
G1 F2400 E511.07676
G0 F15000 X136.748 Y103.636
G1 F2400 E511.57676
G1 F10500 X165.78 Y103.636 E512.58582
G1 X165.588 Y103.444 E512.59526
G1 X165.588 Y100.552 E512.69578
G1 X165.749 Y100.36 E512.70449
G1 X136.748 Y100.36 E513.71247
G1 X136.351 Y100.228 E513.72701
G1 F8619.4 X136.003 Y99.83 E513.7494
G1 X135.908 Y100.45 E513.77595
G1 F10500 X135.908 Y103.546 E513.88356
G1 F8717 X135.998 Y104.296 E513.91519
G1 X136.351 Y103.768 E513.94178
G1 F10500 X136.748 Y103.636 E513.95632
G1 F2400 E513.45632
G0 F15000 X135.998 Y104.296
G1 F2400 E513.95632
G1 F7451.6 X135.998 Y104.886 E513.98521
G1 F2400 E513.48521
G0 F15000 X136.003 Y99.83
G1 F2400 E513.98521
G1 F7380.2 X135.998 Y99.11 E514.02082
G1 F2400 E513.52082
G0 F15000 X136.303 Y100.617
;TYPE:FILL
G1 F2400 E514.02082
G1 F15000 X136.304 Y102.283 E514.07872
G1 X136.713 Y100.754 E514.13373
G1 X137.42 Y100.756 E514.15831
G1 X139.903 Y103.24 E514.28038
G1 X138 Y103.241 E514.34652
G1 X138.665 Y100.755 E514.43597
G1 X140.087 Y100.756 E514.48539
G1 X142.57 Y103.24 E514.60746
G1 X143.857 Y103.24 E514.6522
G1 X144.523 Y100.755 E514.74161
G1 X145.421 Y100.756 E514.77283
G1 X147.905 Y103.24 E514.89492
G1 X149.715 Y103.24 E514.95783
G1 X150.381 Y100.756 E515.04722
G1 X150.756 Y100.756 E515.06025
G1 X153.239 Y103.24 E515.18233
G1 X154.655 Y103.24 E515.23154
G1 X163.925 Y100.756 E515.5651
G1 X162.096 Y100.756 E515.62867
G1 X161.43 Y103.24 E515.71806
G1 X161.943 Y103.24 E515.73589
G1 X165.192 Y102.369 E515.8528
G1 X165.192 Y101.857 E515.8706
G1 X164.092 Y100.756 E515.92469
G1 X164.048 Y100.756 E515.92622
G1 X163.592 Y102.46 E515.98753
G1 X163.801 Y103.24 E516.0156
G1 X163.409 Y103.24 E516.02922
G1 X163.226 Y102.558 E516.05376
G1 X161.425 Y100.756 E516.14231
G1 X160.143 Y100.755 E516.18687
G1 X159.477 Y103.241 E516.27632
G1 X161.241 Y103.24 E516.33764
G1 X158.757 Y100.756 E516.45973
G1 X158.191 Y100.756 E516.47941
G1 X157.525 Y103.24 E516.56879
G1 X158.574 Y103.24 E516.60525
G1 X156.09 Y100.756 E516.72735
G1 X154.286 Y100.755 E516.79005
G1 X153.62 Y103.241 E516.8795
G1 X153.592 Y103.347
G1 F2400 E516.3795
G0 F15000 X140.082 Y103.24
G1 F2400 E516.8795
G1 F15000 X148.356 Y100.755 E517.17977
G1 X148.428 Y100.755 E517.18227
G1 X147.417 Y103.226 E517.27507
G1 X156.055 Y100.756 E517.58733
G1 X156.238 Y100.756 E517.59369
G1 X155.911 Y103.24 E517.68077
G1 X153.423 Y100.756 E517.80297
G1 X152.333 Y100.756 E517.84085
G1 X151.667 Y103.24 E517.93024
G1 X150.572 Y103.24 E517.9683
G1 X148.089 Y100.756 E518.09037
G1 X146.476 Y100.755 E518.14643
G1 X145.81 Y103.24 E518.23585
G1 X145.238 Y103.24 E518.25573
G1 X142.754 Y100.756 E518.37783
G1 X142.571 Y100.755 E518.38419
G1 X141.905 Y103.24 E518.47361
G1 X139.952 Y103.24 E518.54149
G1 X140.618 Y100.755 E518.63091
G1 X142.066 Y100.756 E518.68124
G1 X136.305 Y102.3 E518.88854
G1 X136.304 Y103.38 E518.92607
G1 X136.721 Y103.24 E518.94136
G1 X137.236 Y103.24 E518.95926
G1 X136.303 Y102.307 E519.00512
G1 X136.226 Y102.23
G1 F2400 E518.50512
;MESH:Pin 5mm - AKM.STL(1)
G0 F15000 X136.615 Y114.12
;TYPE:WALL-OUTER
G1 F2400 E519.00512
G1 F9000 X136.748 Y114.076 E519.00999
G1 X165.396 Y114.076 E520.00571
G1 F9145.5 X166.248 Y114.083 E520.03485
G1 F9252.3 X167.14 Y114.081 E520.06501
G1 F9103.4 X167.954 Y114.075 E520.09298
G1 F9000 X168.528 Y114.076 E520.11293
G1 X168.528 Y109.92 E520.25738
G1 F9020.5 X167.102 Y109.92 E520.30683
G1 F9166.7 X166.25 Y109.913 E520.3359
G1 F9145.5 X165.396 Y109.92 E520.36511
G1 F9000 X136.748 Y109.92 E521.36083
G1 X136.615 Y109.876 E521.3657
G1 X136.531 Y109.738 E521.37131
G1 X136.528 Y108.58 E521.41156
G1 X135.468 Y108.58 E521.4484
G1 X135.468 Y115.416 E521.686
G1 X136.528 Y115.416 E521.72284
G1 X136.528 Y114.296 E521.76177
G1 X136.615 Y114.12 E521.7686
G1 F2400 E521.2686
G0 F15000 X166.248 Y113.657
G1 F2400 E521.7686
G1 F9145.5 X166.028 Y113.444 E521.77907
G1 F9000 X166.028 Y110.552 E521.87959
G1 F9124.4 X166.211 Y110.34 E521.88919
G1 F9145.5 X167.035 Y110.347 E521.91737
G1 F9020.5 X167.347 Y110.471 E521.92901
G1 F9000 X167.597 Y110.722 E521.94133
G1 X167.716 Y111.043 E521.95323
G1 X167.714 Y112.954 E522.01965
G1 X167.597 Y113.271 E522.03139
G1 F9020.5 X167.358 Y113.518 E522.04331
G1 F9124.4 X167.005 Y113.656 E522.0563
G1 F9274 X166.248 Y113.657 E522.08184
G1 F2400 E521.58184
G0 F15000 X168.016 Y113.564
;TYPE:WALL-INNER
G1 F2400 E522.08184
G1 F8603.4 X168.063 Y113.371 E522.09026
G1 F10289.5 X168.104 Y113.129 E522.09897
G1 F11725.9 X168.118 Y113.024 E522.10227
G1 F12222.2 X168.12 Y112.054 E522.13123
G1 F12352.9 X168.122 Y111.084 E522.15989
G1 F11876.6 X168.105 Y110.878 E522.16624
G1 F10335.6 X168.064 Y110.628 E522.17518
G1 F8635.5 X168.017 Y110.431 E522.18374
G1 F2400 E521.68374
G0 F15000 X136.748 Y113.636
G1 F2400 E522.18374
G1 F10500 X165.78 Y113.636 E523.1928
G1 X165.588 Y113.444 E523.20224
G1 X165.588 Y110.552 E523.30276
G1 X165.749 Y110.36 E523.31147
G1 X136.748 Y110.36 E524.31945
G1 X136.351 Y110.228 E524.33399
G1 F8619.4 X136.003 Y109.83 E524.35638
G1 X135.908 Y110.45 E524.38293
G1 F10500 X135.908 Y113.546 E524.49054
G1 F8717 X135.998 Y114.296 E524.52217
G1 X136.351 Y113.768 E524.54876
G1 F10500 X136.748 Y113.636 E524.5633
G1 F2400 E524.0633
G0 F15000 X135.998 Y114.296
G1 F2400 E524.5633
G1 F7451.6 X135.998 Y114.886 E524.59219
G1 F2400 E524.09219
G0 F15000 X136.003 Y109.83
G1 F2400 E524.59219
G1 F7380.2 X135.998 Y109.11 E524.6278
G1 F2400 E524.1278
G0 F15000 X136.303 Y110.617
;TYPE:FILL
G1 F2400 E524.6278
G1 F15000 X136.303 Y112.284 E524.68574
G1 X136.713 Y110.755 E524.74076
G1 X137.42 Y110.756 E524.76533
G1 X139.903 Y113.24 E524.8874
G1 X137.999 Y113.24 E524.95358
G1 X138.665 Y110.756 E525.04297
G1 X140.087 Y110.756 E525.09239
G1 X142.57 Y113.24 E525.21446
G1 X143.857 Y113.241 E525.25919
G1 X144.523 Y110.756 E525.34861
G1 X145.421 Y110.756 E525.37983
G1 X147.905 Y113.24 E525.50192
G1 X149.715 Y113.241 E525.56483
G1 X150.381 Y110.755 E525.65429
G1 X150.756 Y110.756 E525.66732
G1 X153.239 Y113.24 E525.78939
G1 X154.659 Y113.24 E525.83875
G1 X163.929 Y110.756 E526.17231
G1 X162.096 Y110.755 E526.23602
G1 X161.43 Y113.241 E526.32547
G1 X161.947 Y113.24 E526.34344
G1 X165.191 Y112.37 E526.46018
G1 X165.192 Y111.857 E526.47801
G1 X164.092 Y110.756 E526.5321
G1 X164.048 Y110.756 E526.53363
G1 X163.591 Y112.46 E526.59495
G1 X163.801 Y113.24 E526.62302
G1 X163.409 Y113.241 E526.63665
G1 X163.225 Y112.556 E526.6613
G1 X161.425 Y110.756 E526.74978
G1 X160.143 Y110.755 E526.79434
G1 X159.477 Y113.24 E526.88375
G1 X161.241 Y113.24 E526.94507
G1 X158.757 Y110.756 E527.06716
G1 X158.191 Y110.756 E527.08684
G1 X157.525 Y113.241 E527.17625
G1 X158.574 Y113.24 E527.21271
G1 X156.09 Y110.756 E527.33481
G1 X154.285 Y110.756 E527.39755
G1 X153.62 Y113.24 E527.48692
G1 X153.592 Y113.346
G1 F2400 E526.98692
G0 F15000 X140.086 Y113.24
G1 F2400 E527.48692
G1 F15000 X148.356 Y110.756 E527.78705
G1 X148.428 Y110.756 E527.78955
G1 X147.417 Y113.227 E527.88235
G1 X156.056 Y110.755 E528.19466
G1 X156.238 Y110.755 E528.20099
G1 X155.91 Y113.24 E528.28811
G1 X153.423 Y110.756 E528.41028
G1 X152.333 Y110.756 E528.44816
G1 X151.667 Y113.241 E528.53758
G1 X150.572 Y113.24 E528.57564
G1 X148.089 Y110.756 E528.69771
G1 X146.475 Y110.756 E528.75381
G1 X145.81 Y113.24 E528.84319
G1 X145.238 Y113.24 E528.86307
G1 X142.754 Y110.756 E528.98517
G1 X142.57 Y110.756 E528.99156
G1 X141.905 Y113.24 E529.08094
G1 X139.952 Y113.24 E529.14882
G1 X140.618 Y110.755 E529.23824
G1 X142.068 Y110.756 E529.28863
G1 X136.305 Y112.3 E529.496
G1 X136.304 Y113.38 E529.53354
G1 X136.721 Y113.24 E529.54883
G1 X137.236 Y113.24 E529.56673
G1 X136.303 Y112.307 E529.61259
G1 X136.226 Y112.23
G1 F2400 E529.11259
;MESH:Pin 5mm - AKM.STL(7)
G0 F15000 X136.615 Y124.12
;TYPE:WALL-OUTER
G1 F2400 E529.61259
G1 F9000 X136.748 Y124.076 E529.61746
G1 X165.396 Y124.076 E530.61317
G1 F9145.5 X166.248 Y124.083 E530.64231
G1 F9252.3 X167.14 Y124.081 E530.67247
G1 F9103.4 X167.954 Y124.075 E530.70044
G1 F9000 X168.528 Y124.076 E530.72039
G1 X168.528 Y119.92 E530.86484
G1 F9020.5 X167.102 Y119.92 E530.91429
G1 F9166.7 X166.25 Y119.913 E530.94337
G1 F9145.5 X165.396 Y119.92 E530.97258
G1 F9000 X136.748 Y119.92 E531.96829
G1 X136.615 Y119.876 E531.97316
G1 X136.531 Y119.738 E531.97878
G1 X136.528 Y118.58 E532.01903
G1 X135.468 Y118.58 E532.05587
G1 X135.468 Y125.416 E532.29347
G1 X136.528 Y125.416 E532.33031
G1 X136.528 Y124.296 E532.36924
G1 X136.615 Y124.12 E532.37606
G1 F2400 E531.87606
G0 F15000 X166.248 Y123.657
G1 F2400 E532.37606
G1 F9145.5 X166.028 Y123.444 E532.38653
G1 F9000 X166.028 Y120.552 E532.48705
G1 F9124.4 X166.211 Y120.34 E532.49665
G1 F9145.5 X167.035 Y120.347 E532.52484
G1 F9020.5 X167.347 Y120.471 E532.53648
G1 F9000 X167.597 Y120.722 E532.54879
G1 X167.716 Y121.043 E532.56069
G1 X167.714 Y122.954 E532.62711
G1 X167.597 Y123.271 E532.63886
G1 F9020.5 X167.358 Y123.518 E532.65078
G1 F9124.4 X167.005 Y123.656 E532.66377
G1 F9274 X166.248 Y123.657 E532.6893
G1 F2400 E532.1893
G0 F15000 X168.016 Y123.564
;TYPE:WALL-INNER
G1 F2400 E532.6893
G1 F8603.4 X168.063 Y123.371 E532.69773
G1 F10289.5 X168.104 Y123.129 E532.70643
G1 F11725.9 X168.118 Y123.024 E532.70973
G1 F12222.2 X168.12 Y122.054 E532.7387
G1 F12352.9 X168.122 Y121.084 E532.76735
G1 F11876.6 X168.105 Y120.878 E532.7737
G1 F10335.6 X168.064 Y120.628 E532.78265
G1 F8635.5 X168.017 Y120.431 E532.79121
G1 F2400 E532.29121
G0 F15000 X136.748 Y123.636
G1 F2400 E532.79121
G1 F10500 X165.78 Y123.636 E533.80027
G1 X165.588 Y123.444 E533.80971
G1 X165.588 Y120.552 E533.91022
G1 X165.749 Y120.36 E533.91893
G1 X136.748 Y120.36 E534.92692
G1 X136.351 Y120.228 E534.94146
G1 F8619.4 X136.003 Y119.83 E534.96384
G1 X135.908 Y120.45 E534.9904
G1 F10500 X135.908 Y123.546 E535.09801
G1 F8717 X135.998 Y124.296 E535.12963
G1 X136.351 Y123.768 E535.15622
G1 F10500 X136.748 Y123.636 E535.17076
G1 F2400 E534.67076
G0 F15000 X135.998 Y124.296
G1 F2400 E535.17076
G1 F7451.6 X135.998 Y124.886 E535.19966
G1 F2400 E534.69966
G0 F15000 X136.003 Y119.83
G1 F2400 E535.19966
G1 F7380.2 X135.998 Y119.11 E535.23526
G1 F2400 E534.73526
G0 F15000 X136.303 Y120.617
;TYPE:FILL
G1 F2400 E535.23526
G1 F15000 X136.304 Y122.28 E535.29306
G1 X136.713 Y120.754 E535.34797
G1 X137.42 Y120.756 E535.37255
G1 X139.903 Y123.24 E535.49462
G1 X137.999 Y123.241 E535.5608
G1 X138.665 Y120.756 E535.65022
G1 X140.087 Y120.756 E535.69964
G1 X142.57 Y123.24 E535.82171
G1 X143.857 Y123.24 E535.86645
G1 X144.523 Y120.756 E535.95583
G1 X145.421 Y120.756 E535.98704
G1 X147.905 Y123.24 E536.10914
G1 X149.714 Y123.24 E536.17201
G1 X150.38 Y120.756 E536.2614
G1 X150.756 Y120.756 E536.27447
G1 X153.239 Y123.24 E536.39654
G1 X154.655 Y123.241 E536.44576
G1 X163.929 Y120.756 E536.77946
G1 X162.095 Y120.756 E536.84321
G1 X161.43 Y123.24 E536.93258
G1 X161.942 Y123.241 E536.95038
G1 X165.191 Y122.37 E537.06729
G1 X165.192 Y121.856 E537.08516
G1 X164.092 Y120.756 E537.13923
G1 X164.048 Y120.756 E537.14076
G1 X163.591 Y122.46 E537.20207
G1 X163.801 Y123.24 E537.23015
G1 X163.409 Y123.241 E537.24377
G1 X163.225 Y122.556 E537.26843
G1 X161.425 Y120.756 E537.3569
G1 X160.143 Y120.756 E537.40146
G1 X159.477 Y123.241 E537.49088
G1 X161.241 Y123.24 E537.55219
G1 X158.757 Y120.756 E537.67429
G1 X158.19 Y120.756 E537.694
G1 X157.524 Y123.241 E537.78341
G1 X158.574 Y123.24 E537.81991
G1 X156.09 Y120.756 E537.94201
G1 X154.285 Y120.756 E538.00474
G1 X153.619 Y123.241 E538.09416
G1 X153.591 Y123.347
G1 F2400 E537.59416
G0 F15000 X140.081 Y123.241
G1 F2400 E538.09416
G1 F15000 X148.355 Y120.756 E538.39443
G1 X148.428 Y120.756 E538.39697
G1 X147.417 Y123.227 E538.48976
G1 X156.055 Y120.756 E538.80203
G1 X156.238 Y120.756 E538.80839
G1 X155.91 Y123.24 E538.89548
G1 X153.423 Y120.756 E539.01765
G1 X152.333 Y120.756 E539.05554
G1 X151.667 Y123.241 E539.14496
G1 X150.572 Y123.24 E539.18301
G1 X148.089 Y120.756 E539.30509
G1 X146.475 Y120.755 E539.36118
G1 X145.809 Y123.241 E539.45064
G1 X145.238 Y123.24 E539.47048
G1 X142.754 Y120.756 E539.59258
G1 X142.57 Y120.756 E539.59898
G1 X141.904 Y123.241 E539.6884
G1 X139.952 Y123.24 E539.75624
G1 X140.618 Y120.755 E539.84566
G1 X142.067 Y120.756 E539.89602
G1 X136.304 Y122.3 E540.10339
G1 X136.304 Y123.38 E540.14093
G1 X136.721 Y123.24 E540.15622
G1 X137.236 Y123.24 E540.17412
G1 X136.303 Y122.307 E540.21998
G1 X136.226 Y122.23
G1 F2400 E539.71998
;MESH:Pin 5mm - AKM.STL(6)
G0 F15000 X176.615 Y104.12
;TYPE:WALL-OUTER
G1 F2400 E540.21998
G1 F9000 X176.748 Y104.076 E540.22485
G1 X205.396 Y104.076 E541.22056
G1 F9145.5 X206.248 Y104.083 E541.2497
G1 F9252.3 X207.14 Y104.081 E541.27986
G1 F9103.4 X207.954 Y104.075 E541.30783
G1 F9000 X208.528 Y104.076 E541.32778
G1 X208.528 Y99.92 E541.47223
G1 F9020.5 X207.102 Y99.92 E541.52168
G1 F9166.7 X206.25 Y99.913 E541.55076
G1 F9145.5 X205.396 Y99.92 E541.57997
G1 F9000 X176.748 Y99.92 E542.57568
G1 X176.615 Y99.876 E542.58055
G1 X176.531 Y99.738 E542.58617
G1 X176.528 Y98.58 E542.62641
G1 X175.468 Y98.58 E542.66326
G1 X175.468 Y105.416 E542.90085
G1 X176.528 Y105.416 E542.9377
G1 X176.528 Y104.296 E542.97662
G1 X176.615 Y104.12 E542.98345
G1 F2400 E542.48345
G0 F15000 X206.248 Y103.657
G1 F2400 E542.98345
G1 F9145.5 X206.028 Y103.444 E542.99392
G1 F9000 X206.028 Y100.552 E543.09444
G1 F9124.4 X206.211 Y100.34 E543.10404
G1 F9145.5 X207.035 Y100.347 E543.13223
G1 F9020.5 X207.347 Y100.471 E543.14387
G1 F9000 X207.597 Y100.722 E543.15618
G1 X207.716 Y101.043 E543.16808
G1 X207.714 Y102.954 E543.2345
G1 X207.597 Y103.271 E543.24624
G1 F9020.5 X207.358 Y103.518 E543.25816
G1 F9124.4 X207.005 Y103.656 E543.27116
G1 F9274 X206.248 Y103.657 E543.29669
G1 F2400 E542.79669
G0 F15000 X208.016 Y103.564
;TYPE:WALL-INNER
G1 F2400 E543.29669
G1 F8603.4 X208.063 Y103.371 E543.30512
G1 F10289.5 X208.104 Y103.129 E543.31382
G1 F11725.9 X208.118 Y103.024 E543.31712
G1 F12222.2 X208.12 Y102.054 E543.34608
G1 F12352.9 X208.122 Y101.084 E543.37474
G1 F11876.6 X208.105 Y100.878 E543.38109
G1 F10335.6 X208.064 Y100.628 E543.39004
G1 F8635.5 X208.017 Y100.431 E543.3986
G1 F2400 E542.8986
G0 F15000 X176.748 Y103.636
G1 F2400 E543.3986
G1 F10500 X205.78 Y103.636 E544.40766
G1 X205.588 Y103.444 E544.41709
G1 X205.588 Y100.552 E544.51761
G1 X205.749 Y100.36 E544.52632
G1 X176.748 Y100.36 E545.5343
G1 X176.351 Y100.228 E545.54884
G1 F8619.4 X176.003 Y99.83 E545.57123
G1 X175.908 Y100.45 E545.59779
G1 F10500 X175.908 Y103.546 E545.70539
G1 F8717 X175.998 Y104.296 E545.73702
G1 X176.351 Y103.768 E545.76361
G1 F10500 X176.748 Y103.636 E545.77815
G1 F2400 E545.27815
G0 F15000 X175.998 Y104.296
G1 F2400 E545.77815
G1 F7451.6 X175.998 Y104.886 E545.80705
G1 F2400 E545.30705
G0 F15000 X176.003 Y99.83
G1 F2400 E545.80705
G1 F7380.2 X175.998 Y99.11 E545.84265
G1 F2400 E545.34265
G0 F15000 X176.303 Y100.617
;TYPE:FILL
G1 F2400 E545.84265
G1 F15000 X176.303 Y102.284 E545.90059
G1 X176.713 Y100.755 E545.95561
G1 X177.419 Y100.756 E545.98015
G1 X179.903 Y103.24 E546.10225
G1 X178 Y103.241 E546.16839
G1 X178.665 Y100.756 E546.2578
G1 X180.087 Y100.756 E546.30722
G1 X182.57 Y103.24 E546.4293
G1 X183.857 Y103.241 E546.47403
G1 X184.523 Y100.756 E546.56345
G1 X185.421 Y100.756 E546.59466
G1 X187.904 Y103.24 E546.71673
G1 X189.715 Y103.241 E546.77968
G1 X190.381 Y100.755 E546.86913
G1 X190.755 Y100.756 E546.88213
G1 X193.239 Y103.24 E547.00422
G1 X194.655 Y103.24 E547.05344
G1 X203.929 Y100.755 E547.38715
G1 X202.096 Y100.755 E547.45086
G1 X201.43 Y103.241 E547.54031
G1 X201.943 Y103.24 E547.55814
G1 X205.192 Y102.37 E547.67504
G1 X205.192 Y101.857 E547.69287
G1 X204.092 Y100.756 E547.74697
G1 X204.048 Y100.756 E547.7485
G1 X203.591 Y102.46 E547.80981
G1 X203.801 Y103.24 E547.83789
G1 X203.409 Y103.241 E547.85151
G1 X203.225 Y102.557 E547.87613
G1 X201.424 Y100.756 E547.96466
G1 X200.143 Y100.755 E548.00918
G1 X199.477 Y103.24 E548.0986
G1 X201.24 Y103.24 E548.15988
G1 X198.757 Y100.756 E548.28195
G1 X198.191 Y100.756 E548.30162
G1 X197.525 Y103.241 E548.39104
G1 X198.573 Y103.24 E548.42747
G1 X196.09 Y100.756 E548.54954
G1 X194.286 Y100.756 E548.61224
G1 X193.62 Y103.24 E548.70163
G1 X193.592 Y103.346
G1 F2400 E548.20163
G0 F15000 X180.082 Y103.24
G1 F2400 E548.70163
G1 F15000 X188.356 Y100.756 E549.00188
G1 X188.428 Y100.756 E549.00439
G1 X187.417 Y103.226 E549.09715
G1 X196.055 Y100.755 E549.40942
G1 X196.238 Y100.755 E549.41578
G1 X195.91 Y103.24 E549.5029
G1 X193.423 Y100.756 E549.62507
G1 X192.333 Y100.756 E549.66296
G1 X191.667 Y103.241 E549.75238
G1 X190.572 Y103.24 E549.79044
G1 X188.088 Y100.756 E549.91253
G1 X186.476 Y100.756 E549.96856
G1 X185.81 Y103.24 E550.05795
G1 X185.237 Y103.24 E550.07786
G1 X182.754 Y100.756 E550.19994
G1 X182.57 Y100.756 E550.20633
G1 X181.905 Y103.24 E550.29571
G1 X179.952 Y103.24 E550.36359
G1 X180.618 Y100.756 E550.45297
G1 X182.067 Y100.756 E550.50334
G1 X176.305 Y102.3 E550.71067
G1 X176.304 Y103.38 E550.74821
G1 X176.721 Y103.24 E550.7635
G1 X177.236 Y103.24 E550.7814
G1 X176.303 Y102.307 E550.82726
G1 X176.226 Y102.23
G1 F2400 E550.32726
;MESH:NONMESH
G0 F600 X176.226 Y102.23 Z1.4
G0 F15000 X56.615 Y114.188
;TIME_ELAPSED:261.657176
;LAYER:6
;TYPE:WALL-OUTER
;MESH:Pin 5mm - AKM.STL(4)
G1 F2400 E550.82726
G1 F9000 X56.748 Y114.144 E550.83212
G1 X85.328 Y114.144 E551.82548
G1 F8800 X86.248 Y114.134 E551.85818
G1 F8646.3 X86.752 Y114.136 E551.87641
G1 F8722.5 X87.256 Y114.139 E551.89449
G1 F8878.9 X87.659 Y114.144 E551.90869
G1 F9000 X88.528 Y114.144 E551.93889
G1 X88.528 Y109.852 E552.08807
G1 F8939.1 X87.422 Y109.855 E552.12677
G1 F8646.3 X87.096 Y109.867 E552.13857
G1 F8479.7 X86.168 Y109.864 E552.17281
G1 F8761.1 X85.328 Y109.852 E552.2028
G1 F9000 X56.748 Y109.852 E553.19615
G1 X56.615 Y109.808 E553.20102
G1 X56.531 Y109.67 E553.20664
G1 X56.528 Y108.536 E553.24605
G1 X55.468 Y108.536 E553.28289
G1 X55.468 Y115.463 E553.52366
G1 X56.528 Y115.46 E553.5605
G1 X56.528 Y114.364 E553.59859
G1 X56.615 Y114.188 E553.60541
G1 F2400 E553.10541
G0 F15000 X86.248 Y113.674
G1 F2400 E553.60541
G1 F8800 X86.028 Y113.444 E553.61673
G1 F9000 X86.028 Y110.552 E553.71725
G1 F8761.1 X86.208 Y110.323 E553.72765
G1 F8479.7 X87.036 Y110.329 E553.75819
G1 F8534.5 X87.187 Y110.374 E553.76397
G1 F8819.6 X87.448 Y110.545 E553.77503
G1 F9000 X87.591 Y110.714 E553.78273
G1 X87.716 Y111.042 E553.79493
G1 X87.71 Y112.962 E553.86166
G1 X87.591 Y113.288 E553.87372
G1 X87.448 Y113.451 E553.88126
G1 F8878.9 X87.187 Y113.618 E553.89218
G1 F8646.3 X87.004 Y113.673 E553.89909
G1 F8571.4 X86.248 Y113.674 E553.92668
G1 F2400 E553.42668
G0 F15000 X88.001 Y113.617
;TYPE:WALL-INNER
G1 F2400 E553.92668
G1 F8446.1 X88.068 Y113.356 E553.93832
G1 F10645.2 X88.116 Y113.051 E553.94891
G1 F11968.9 X88.117 Y112.396 E553.96888
G1 F12157.9 X88.119 Y111.741 E553.98854
G1 F12352.9 X88.121 Y111.086 E554.00789
G1 F11876.6 X88.105 Y110.878 E554.0143
G1 F10335.6 X88.064 Y110.628 E554.02325
G1 F8369.6 X88 Y110.38 E554.03442
G1 F2400 E553.53442
G0 F15000 X56.748 Y113.704
G1 F2400 E554.03442
G1 F10500 X85.848 Y113.704 E555.04584
G1 X85.588 Y113.444 E555.05862
G1 X85.588 Y110.552 E555.15914
G1 X85.806 Y110.292 E555.17093
G1 X56.748 Y110.292 E556.18089
G1 X56.351 Y110.16 E556.19543
G1 F8619.4 X56.003 Y109.762 E556.21782
G1 X55.908 Y110.382 E556.24438
G1 F10500 X55.908 Y113.614 E556.35671
G1 F8717 X55.998 Y114.364 E556.38834
G1 X56.351 Y113.836 E556.41493
G1 F10500 X56.748 Y113.704 E556.42947
G1 F2400 E555.92947
G0 F15000 X55.998 Y114.364
G1 F2400 E556.42947
G1 F7451.6 X55.998 Y114.932 E556.45729
G1 F2400 E555.95729
G0 F15000 X56.003 Y109.762
G1 F2400 E556.45729
G1 F7380.2 X55.998 Y109.066 E556.4917
G1 F2400 E555.9917
G0 F15000 X56.304 Y112.3
;TYPE:FILL
G1 F2400 E556.4917
G1 F15000 X62.322 Y110.688 E556.70824
G1 X60.636 Y110.687 E556.76684
G1 X59.934 Y113.309 E556.86119
G1 X60.178 Y113.309 E556.86967
G1 X69.608 Y110.688 E557.20985
G1 X68.446 Y110.687 E557.25024
G1 X67.744 Y113.308 E557.34454
G1 X67.88 Y113.308 E557.34927
G1 X76.894 Y110.688 E557.67553
G1 X76.66 Y110.688 E557.68367
G1 X75.554 Y113.309 E557.78254
G1 X74.402 Y113.308 E557.82258
G1 X84.181 Y110.688 E558.17446
G1 X84.361 Y110.688 E558.18071
G1 X83.593 Y112.455 E558.24768
G1 X83.82 Y113.308 E558.27836
G1 X83.426 Y113.308 E558.29205
G1 X83.225 Y112.556 E558.31911
G1 X81.358 Y110.688 E558.4109
G1 X80.162 Y110.687 E558.45247
G1 X79.459 Y113.308 E558.54679
G1 X78.643 Y113.308 E558.57515
G1 X76.023 Y110.688 E558.70393
G1 X74.304 Y110.687 E558.76368
G1 X73.602 Y113.308 E558.85799
G1 X73.309 Y113.308 E558.86817
G1 X70.689 Y110.688 E558.99696
G1 X70.399 Y110.687 E559.00704
G1 X69.696 Y113.309 E559.10139
G1 X67.974 Y113.308 E559.16124
G1 X65.354 Y110.688 E559.29002
G1 X64.541 Y110.687 E559.31828
G1 X63.839 Y113.309 E559.41262
G1 X62.64 Y113.308 E559.45429
G1 X60.02 Y110.688 E559.58308
G1 X58.684 Y110.687 E559.62951
G1 X57.981 Y113.309 E559.72386
G1 X57.305 Y113.308 E559.74736
G1 X56.303 Y112.306 E559.79661
G1 X56.731 Y110.688 E559.85478
G1 X57.353 Y110.688 E559.8764
G1 X59.973 Y113.308 E560.00518
G1 X61.886 Y113.309 E560.07167
G1 X62.589 Y110.688 E560.16599
G1 X62.687 Y110.688 E560.1694
G1 X65.307 Y113.308 E560.29818
G1 X65.791 Y113.309 E560.315
G1 X66.494 Y110.687 E560.40935
G1 X68.022 Y110.688 E560.46246
G1 X70.641 Y113.308 E560.59122
G1 X71.649 Y113.309 E560.62625
G1 X72.351 Y110.687 E560.72059
G1 X73.356 Y110.688 E560.75553
G1 X75.976 Y113.308 E560.88431
G1 X77.506 Y113.309 E560.93749
G1 X78.209 Y110.688 E561.0318
G1 X78.69 Y110.688 E561.04852
G1 X81.31 Y113.308 E561.1773
G1 X81.691 Y113.308 E561.19055
G1 X85.191 Y112.37 E561.31649
G1 X85.192 Y111.856 E561.33435
G1 X84.025 Y110.688 E561.39174
G1 X82.114 Y110.687 E561.45816
G1 X81.412 Y113.309 E561.5525
G1 X81.384 Y113.415
G1 F2400 E561.0525
;MESH:Pin Lock 5mm.STL(2)
G0 F15000 X104.25 Y123.398
;TYPE:WALL-OUTER
G1 F2400 E561.5525
G1 F7920 X104.25 Y120.601 E561.66297
G1 X103.75 Y120.599 E561.68272
G1 X103.75 Y123.398 E561.79327
G1 X104.25 Y123.398 E561.81302
G1 F2400 E561.31302
;MESH:Pin Lock 5mm.STL
G0 F15000 X114.25 Y123.398
G1 F2400 E561.81302
G1 F7920 X114.25 Y120.601 E561.92349
G1 X113.75 Y120.599 E561.94324
G1 X113.75 Y123.398 E562.05379
G1 X114.25 Y123.398 E562.07354
G1 F2400 E561.57354
;MESH:Pin Lock 5mm.STL(4)
G0 F15000 X124.25 Y123.398
G1 F2400 E562.07354
G1 F7920 X124.25 Y120.601 E562.18401
G1 X123.75 Y120.599 E562.20376
G1 X123.75 Y123.398 E562.31431
G1 X124.25 Y123.398 E562.33406
G1 F2400 E561.83406
;MESH:Pin 5mm - AKM.STL
G0 F15000 X126.248 Y113.674
G1 F2400 E562.33406
G1 F8800 X126.028 Y113.444 E562.34537
G1 F9000 X126.028 Y110.552 E562.44589
G1 F8761.1 X126.208 Y110.323 E562.45629
G1 F8479.7 X127.036 Y110.329 E562.48683
G1 F8534.5 X127.187 Y110.374 E562.49261
G1 F8819.6 X127.448 Y110.545 E562.50368
G1 F9000 X127.591 Y110.714 E562.51137
G1 X127.716 Y111.042 E562.52357
G1 X127.71 Y112.962 E562.5903
G1 X127.591 Y113.288 E562.60237
G1 X127.448 Y113.451 E562.6099
G1 F8878.9 X127.187 Y113.618 E562.62082
G1 F8646.3 X127.004 Y113.673 E562.62773
G1 F8571.4 X126.248 Y113.674 E562.65532
G1 F2400 E562.15532
G0 F15000 X96.615 Y114.188
G1 F2400 E562.65532
G1 F9000 X96.748 Y114.144 E562.66019
G1 X125.328 Y114.144 E563.65354
G1 F8800 X126.248 Y114.134 E563.68625
G1 F8646.3 X126.752 Y114.136 E563.70448
G1 F8722.5 X127.256 Y114.139 E563.72256
G1 F8878.9 X127.659 Y114.144 E563.73675
G1 F9000 X128.528 Y114.144 E563.76696
G1 X128.528 Y109.852 E563.91613
G1 F8939.1 X127.422 Y109.855 E563.95484
G1 F8646.3 X127.096 Y109.867 E563.96664
G1 F8479.7 X126.168 Y109.864 E564.00087
G1 F8761.1 X125.328 Y109.852 E564.03087
G1 F9000 X96.748 Y109.852 E565.02422
G1 X96.615 Y109.808 E565.02909
G1 X96.531 Y109.67 E565.0347
G1 X96.528 Y108.536 E565.07412
G1 X95.468 Y108.536 E565.11096
G1 X95.468 Y115.463 E565.35172
G1 X96.528 Y115.46 E565.38856
G1 X96.528 Y114.364 E565.42666
G1 X96.615 Y114.188 E565.43348
G0 F15000 X96.748 Y113.704
;TYPE:WALL-INNER
G1 F10500 X125.848 Y113.704 E566.4449
G1 X125.588 Y113.444 E566.45768
G1 X125.588 Y110.552 E566.5582
G1 X125.806 Y110.292 E566.56999
G1 X96.748 Y110.292 E567.57996
G1 X96.351 Y110.16 E567.5945
G1 F8619.4 X96.003 Y109.762 E567.61688
G1 X95.908 Y110.382 E567.64344
G1 F10500 X95.908 Y113.614 E567.75578
G1 F8717 X95.998 Y114.364 E567.7874
G1 X96.351 Y113.836 E567.81399
G1 F10500 X96.748 Y113.704 E567.82853
G1 F2400 E567.32853
G0 F15000 X95.998 Y114.364
G1 F2400 E567.82853
G1 F7451.6 X95.998 Y114.932 E567.85635
G1 F2400 E567.35635
G0 F15000 X96.003 Y109.762
G1 F2400 E567.85635
G1 F7380.2 X95.998 Y109.066 E567.89077
G1 F2400 E567.39077
G0 F15000 X128 Y110.38
G1 F2400 E567.89077
G1 F8369.6 X128.064 Y110.628 E567.90194
G1 F10335.6 X128.105 Y110.878 E567.91088
G1 F11876.6 X128.122 Y111.085 E567.91726
G1 F12352.9 X128.121 Y111.74 E567.93662
G1 F12157.9 X128.119 Y112.395 E567.95628
G1 F11968.9 X128.117 Y113.05 E567.97625
G1 F10645.2 X128.068 Y113.356 E567.98687
G1 F8446.1 X128.001 Y113.617 E567.99852
G1 F2400 E567.49852
G0 F15000 X121.412 Y113.309
;TYPE:FILL
G1 F2400 E567.99852
G1 F15000 X122.114 Y110.687 E568.09286
G1 X124.024 Y110.688 E568.15924
G1 X125.192 Y111.856 E568.21666
G1 X125.191 Y112.37 E568.23452
G1 X121.691 Y113.308 E568.36046
G1 X121.31 Y113.308 E568.3737
G1 X118.69 Y110.688 E568.50249
G1 X118.209 Y110.687 E568.5192
G1 X117.506 Y113.309 E568.61356
G1 X115.975 Y113.308 E568.66677
G1 X113.356 Y110.688 E568.79553
G1 X112.351 Y110.687 E568.83046
G1 X111.649 Y113.309 E568.9248
G1 X110.641 Y113.308 E568.95983
G1 X108.021 Y110.688 E569.08862
G1 X106.494 Y110.687 E569.14169
G1 X105.791 Y113.309 E569.23604
G1 X105.307 Y113.308 E569.25286
G1 X102.687 Y110.688 E569.38165
G1 X102.589 Y110.687 E569.38505
G1 X101.886 Y113.309 E569.4794
G1 X99.972 Y113.308 E569.54593
G1 X97.352 Y110.688 E569.67471
G1 X96.731 Y110.688 E569.69629
G1 X96.303 Y112.306 E569.75447
G1 X97.305 Y113.308 E569.80372
G1 X97.981 Y113.308 E569.82721
G1 X98.683 Y110.688 E569.92149
G1 X100.02 Y110.688 E569.96796
G1 X102.639 Y113.308 E570.09672
G1 X103.839 Y113.308 E570.13842
G1 X104.541 Y110.688 E570.2327
G1 X105.354 Y110.688 E570.26096
G1 X107.974 Y113.308 E570.38974
G1 X109.696 Y113.308 E570.44959
G1 X110.399 Y110.688 E570.54387
G1 X110.688 Y110.688 E570.55392
G1 X113.308 Y113.308 E570.6827
G1 X113.602 Y113.308 E570.69292
G1 X114.304 Y110.688 E570.7872
G1 X116.023 Y110.688 E570.84694
G1 X118.643 Y113.308 E570.97572
G1 X119.459 Y113.308 E571.00409
G1 X120.161 Y110.688 E571.09836
G1 X121.357 Y110.688 E571.13993
G1 X123.223 Y112.554 E571.23165
G1 X123.426 Y113.308 E571.25879
G1 X123.82 Y113.308 E571.27248
G1 X123.592 Y112.458 E571.30307
G1 X124.355 Y110.689 E571.37003
G1 X124.183 Y110.688 E571.37601
G1 X114.404 Y113.308 E571.72789
G1 X115.554 Y113.308 E571.76786
G1 X116.66 Y110.688 E571.8667
G1 X116.896 Y110.688 E571.8749
G1 X107.879 Y113.308 E572.20127
G1 X107.744 Y113.308 E572.20596
G1 X108.446 Y110.688 E572.30023
G1 X109.609 Y110.688 E572.34066
G1 X100.175 Y113.311 E572.68099
G1 X99.934 Y113.309 E572.68937
G1 X100.636 Y110.688 E572.78368
G1 X102.322 Y110.688 E572.84228
G1 X96.304 Y112.3 E573.05882
G1 X96.198 Y112.328
G1 F2400 E572.55882
;MESH:Pin 5mm - AKM.STL(2)
G0 F15000 X96.615 Y104.188
;TYPE:WALL-OUTER
G1 F2400 E573.05882
G1 F9000 X96.748 Y104.144 E573.06369
G1 X125.328 Y104.144 E574.05704
G1 F8800 X126.248 Y104.134 E574.08974
G1 F8646.3 X126.752 Y104.136 E574.10798
G1 F8722.5 X127.256 Y104.139 E574.12605
G1 F8878.9 X127.659 Y104.144 E574.14025
G1 F9000 X128.528 Y104.144 E574.17045
G1 X128.528 Y99.852 E574.31963
G1 F8939.1 X127.422 Y99.855 E574.35833
G1 F8646.3 X127.096 Y99.867 E574.37013
G1 F8479.7 X126.168 Y99.864 E574.40437
G1 F8761.1 X125.328 Y99.852 E574.43436
G1 F9000 X96.748 Y99.852 E575.42771
G1 X96.615 Y99.808 E575.43258
G1 X96.531 Y99.67 E575.4382
G1 X96.528 Y98.536 E575.47761
G1 X95.468 Y98.536 E575.51446
G1 X95.468 Y105.463 E575.75522
G1 X96.528 Y105.46 E575.79206
G1 X96.528 Y104.364 E575.83015
G1 X96.615 Y104.188 E575.83698
G1 F2400 E575.33698
G0 F15000 X126.248 Y103.674
G1 F2400 E575.83698
G1 F8800 X126.028 Y103.444 E575.84829
G1 F9000 X126.028 Y100.552 E575.94881
G1 F8761.1 X126.208 Y100.323 E575.95921
G1 F8479.7 X127.036 Y100.329 E575.98975
G1 F8534.5 X127.187 Y100.374 E575.99553
G1 F8819.6 X127.448 Y100.545 E576.00659
G1 F9000 X127.591 Y100.714 E576.01429
G1 X127.716 Y101.042 E576.02649
G1 X127.71 Y102.962 E576.09322
G1 X127.591 Y103.288 E576.10528
G1 X127.448 Y103.451 E576.11282
G1 F8878.9 X127.187 Y103.618 E576.12374
G1 F8646.3 X127.004 Y103.673 E576.13065
G1 F8571.4 X126.248 Y103.674 E576.15824
G1 F2400 E575.65824
G0 F15000 X128.001 Y103.617
;TYPE:WALL-INNER
G1 F2400 E576.15824
G1 F8446.1 X128.068 Y103.356 E576.16988
G1 F10645.2 X128.116 Y103.051 E576.18047
G1 F11968.9 X128.117 Y102.396 E576.20044
G1 F12157.9 X128.119 Y101.741 E576.2201
G1 F12352.9 X128.121 Y101.086 E576.23945
G1 F11876.6 X128.105 Y100.878 E576.24586
G1 F10335.6 X128.064 Y100.628 E576.25481
G1 F8369.6 X128 Y100.38 E576.26598
G1 F2400 E575.76598
G0 F15000 X96.748 Y103.704
G1 F2400 E576.26598
G1 F10500 X125.848 Y103.704 E577.2774
G1 X125.588 Y103.444 E577.29018
G1 X125.588 Y100.552 E577.3907
G1 X125.806 Y100.292 E577.40249
G1 X96.748 Y100.292 E578.41245
G1 X96.351 Y100.16 E578.427
G1 F8619.4 X96.003 Y99.762 E578.44938
G1 X95.908 Y100.382 E578.47594
G1 F10500 X95.908 Y103.614 E578.58827
G1 F8717 X95.998 Y104.364 E578.6199
G1 X96.351 Y103.836 E578.64649
G1 F10500 X96.748 Y103.704 E578.66103
G1 F2400 E578.16103
G0 F15000 X95.998 Y104.364
G1 F2400 E578.66103
G1 F7451.6 X95.998 Y104.932 E578.68885
G1 F2400 E578.18885
G0 F15000 X96.003 Y99.762
G1 F2400 E578.68885
G1 F7380.2 X95.998 Y99.066 E578.72326
G1 F2400 E578.22326
G0 F15000 X96.304 Y102.301
;TYPE:FILL
G1 F2400 E578.72326
G1 F15000 X102.322 Y100.688 E578.93981
G1 X100.636 Y100.687 E578.99841
G1 X99.934 Y103.309 E579.09276
G1 X100.175 Y103.311 E579.10113
G1 X109.609 Y100.688 E579.44147
G1 X108.447 Y100.687 E579.48185
G1 X107.744 Y103.308 E579.57617
G1 X107.88 Y103.308 E579.5809
G1 X116.896 Y100.688 E579.90723
G1 X116.661 Y100.688 E579.9154
G1 X115.554 Y103.309 E580.01429
G1 X114.404 Y103.308 E580.05426
G1 X124.183 Y100.688 E580.40613
G1 X124.361 Y100.688 E580.41232
G1 X123.593 Y102.456 E580.47932
G1 X123.82 Y103.308 E580.50996
G1 X123.426 Y103.308 E580.52366
G1 X123.225 Y102.556 E580.55071
G1 X121.357 Y100.688 E580.64253
G1 X120.162 Y100.687 E580.68406
G1 X119.459 Y103.308 E580.77838
G1 X118.643 Y103.308 E580.80674
G1 X116.023 Y100.688 E580.93553
G1 X114.304 Y100.687 E580.99527
G1 X113.602 Y103.308 E581.08958
G1 X113.308 Y103.308 E581.0998
G1 X110.688 Y100.688 E581.22858
G1 X110.399 Y100.687 E581.23863
G1 X109.697 Y103.309 E581.33297
G1 X107.974 Y103.308 E581.39285
G1 X105.354 Y100.688 E581.52164
G1 X104.541 Y100.687 E581.54989
G1 X103.839 Y103.309 E581.64424
G1 X102.639 Y103.308 E581.68594
G1 X100.02 Y100.688 E581.8147
G1 X98.684 Y100.687 E581.86114
G1 X97.981 Y103.309 E581.95549
G1 X97.305 Y103.308 E581.97898
G1 X96.303 Y102.306 E582.02824
G1 X96.731 Y100.687 E582.08644
G1 X97.352 Y100.688 E582.10803
G1 X99.972 Y103.308 E582.23681
G1 X101.887 Y103.308 E582.30337
G1 X102.589 Y100.687 E582.39768
G1 X102.687 Y100.688 E582.40108
G1 X105.307 Y103.308 E582.52986
G1 X105.791 Y103.309 E582.54669
G1 X106.494 Y100.687 E582.64104
G1 X108.021 Y100.688 E582.69411
G1 X110.641 Y103.308 E582.82289
G1 X111.649 Y103.309 E582.85793
G1 X112.351 Y100.688 E582.95224
G1 X113.356 Y100.688 E582.98717
G1 X115.975 Y103.308 E583.11593
G1 X117.507 Y103.309 E583.16917
G1 X118.209 Y100.688 E583.26348
G1 X118.69 Y100.688 E583.2802
G1 X121.31 Y103.308 E583.40898
G1 X121.691 Y103.308 E583.42222
G1 X125.191 Y102.37 E583.54817
G1 X125.192 Y101.856 E583.56603
G1 X124.024 Y100.688 E583.62344
G1 X122.114 Y100.687 E583.68983
G1 X121.412 Y103.309 E583.78417
G1 X121.384 Y103.415
G1 F2400 E583.28417
;MESH:Pin Lock 5mm.STL(1)
G0 F15000 X114.25 Y93.398
;TYPE:WALL-OUTER
G1 F2400 E583.78417
G1 F7920 X114.25 Y90.601 E583.89464
G1 X113.75 Y90.599 E583.91439
G1 X113.75 Y93.398 E584.02494
G1 X114.25 Y93.398 E584.04469
G1 F2400 E583.54469
;MESH:Pin Lock 5mm.STL(3)
G0 F15000 X104.25 Y93.398
G1 F2400 E584.04469
G1 F7920 X104.25 Y90.601 E584.15516
G1 X103.75 Y90.599 E584.17491
G1 X103.75 Y93.398 E584.28546
G1 X104.25 Y93.398 E584.30521
G1 F2400 E583.80521
;MESH:Pin Lock 5mm.STL(5)
G0 F15000 X124.25 Y93.398
G1 F2400 E584.30521
G1 F7920 X124.25 Y90.601 E584.41568
G1 X123.75 Y90.599 E584.43543
G1 X123.75 Y93.398 E584.54598
G1 X124.25 Y93.398 E584.56573
G1 F2400 E584.06573
;MESH:Pin 5mm - AKM.STL(5)
G0 F15000 X136.615 Y94.188
G1 F2400 E584.56573
G1 F9000 X136.748 Y94.144 E584.5706
G1 X165.328 Y94.144 E585.56395
G1 F8800 X166.248 Y94.134 E585.59665
G1 F8646.3 X166.752 Y94.136 E585.61489
G1 F8722.5 X167.256 Y94.139 E585.63296
G1 F8878.9 X167.659 Y94.144 E585.64716
G1 F9000 X168.528 Y94.144 E585.67736
G1 X168.528 Y89.852 E585.82654
G1 F8939.1 X167.422 Y89.855 E585.86524
G1 F8646.3 X167.096 Y89.867 E585.87704
G1 F8479.7 X166.168 Y89.864 E585.91128
G1 F8761.1 X165.328 Y89.852 E585.94127
G1 F9000 X136.748 Y89.852 E586.93462
G1 X136.615 Y89.808 E586.93949
G1 X136.531 Y89.67 E586.94511
G1 X136.528 Y88.536 E586.98452
G1 X135.468 Y88.536 E587.02137
G1 X135.468 Y95.463 E587.26213
G1 X136.528 Y95.46 E587.29897
G1 X136.528 Y94.364 E587.33706
G1 X136.615 Y94.188 E587.34389
G1 F2400 E586.84389
G0 F15000 X166.248 Y93.674
G1 F2400 E587.34389
G1 F8800 X166.028 Y93.444 E587.3552
G1 F9000 X166.028 Y90.552 E587.45572
G1 F8761.1 X166.208 Y90.323 E587.46612
G1 F8479.7 X167.036 Y90.329 E587.49666
G1 F8534.5 X167.187 Y90.374 E587.50244
G1 F8819.6 X167.448 Y90.545 E587.5135
G1 F9000 X167.591 Y90.714 E587.5212
G1 X167.716 Y91.042 E587.5334
G1 X167.71 Y92.962 E587.60013
G1 X167.591 Y93.288 E587.61219
G1 X167.448 Y93.451 E587.61973
G1 F8878.9 X167.187 Y93.618 E587.63065
G1 F8646.3 X167.004 Y93.673 E587.63756
G1 F8571.4 X166.248 Y93.674 E587.66515
G1 F2400 E587.16515
G0 F15000 X168.001 Y93.617
;TYPE:WALL-INNER
G1 F2400 E587.66515
G1 F8446.1 X168.068 Y93.356 E587.67679
G1 F10645.2 X168.116 Y93.051 E587.68738
G1 F11968.9 X168.117 Y92.396 E587.70735
G1 F12157.9 X168.119 Y91.741 E587.72701
G1 F12352.9 X168.121 Y91.086 E587.74636
G1 F11876.6 X168.105 Y90.878 E587.75277
G1 F10335.6 X168.064 Y90.628 E587.76172
G1 F8369.6 X168 Y90.38 E587.77289
G1 F2400 E587.27289
G0 F15000 X136.748 Y93.704
G1 F2400 E587.77289
G1 F10500 X165.848 Y93.704 E588.78431
G1 X165.588 Y93.444 E588.79709
G1 X165.588 Y90.552 E588.89761
G1 X165.806 Y90.292 E588.9094
G1 X136.748 Y90.292 E589.91936
G1 X136.351 Y90.16 E589.93391
G1 F8619.4 X136.003 Y89.762 E589.95629
G1 X135.908 Y90.382 E589.98285
G1 F10500 X135.908 Y93.614 E590.09518
G1 F8717 X135.998 Y94.364 E590.12681
G1 X136.351 Y93.836 E590.1534
G1 F10500 X136.748 Y93.704 E590.16794
G1 F2400 E589.66794
G0 F15000 X135.998 Y94.364
G1 F2400 E590.16794
G1 F7451.6 X135.998 Y94.932 E590.19576
G1 F2400 E589.69576
G0 F15000 X136.003 Y89.762
G1 F2400 E590.19576
G1 F7380.2 X135.998 Y89.066 E590.23017
G1 F2400 E589.73017
G0 F15000 X136.303 Y92.3
;TYPE:FILL
G1 F2400 E590.23017
G1 F15000 X142.321 Y90.688 E590.44671
G1 X140.636 Y90.687 E590.50528
G1 X139.934 Y93.309 E590.59962
G1 X140.178 Y93.309 E590.6081
G1 X149.607 Y90.688 E590.94825
G1 X148.447 Y90.687 E590.98857
G1 X147.744 Y93.308 E591.08289
G1 X147.88 Y93.308 E591.08761
G1 X156.894 Y90.688 E591.41388
G1 X156.66 Y90.688 E591.42201
G1 X155.554 Y93.309 E591.52089
G1 X154.402 Y93.308 E591.56093
G1 X164.18 Y90.688 E591.91277
G1 X164.361 Y90.688 E591.91906
G1 X163.592 Y92.46 E591.9862
G1 X163.819 Y93.308 E592.01671
G1 X163.427 Y93.308 E592.03033
G1 X163.226 Y92.558 E592.05732
G1 X161.356 Y90.688 E592.14924
G1 X160.162 Y90.687 E592.19074
G1 X159.459 Y93.309 E592.28509
G1 X158.642 Y93.308 E592.31348
G1 X156.022 Y90.688 E592.44227
G1 X154.304 Y90.687 E592.50198
G1 X153.602 Y93.308 E592.59629
G1 X153.307 Y93.308 E592.60654
G1 X150.687 Y90.688 E592.73532
G1 X150.399 Y90.687 E592.74533
G1 X149.697 Y93.309 E592.83968
G1 X147.973 Y93.308 E592.8996
G1 X145.353 Y90.688 E593.02838
G1 X144.542 Y90.687 E593.05657
G1 X143.839 Y93.309 E593.15092
G1 X142.638 Y93.308 E593.19266
G1 X140.018 Y90.688 E593.32144
G1 X138.684 Y90.687 E593.36781
G1 X137.982 Y93.309 E593.46215
G1 X137.304 Y93.308 E593.48572
G1 X136.303 Y92.307 E593.53492
G1 X136.732 Y90.687 E593.59317
G1 X137.351 Y90.688 E593.61468
G1 X139.971 Y93.308 E593.74346
G1 X141.887 Y93.308 E593.81006
G1 X142.589 Y90.687 E593.90437
G1 X142.686 Y90.688 E593.90774
G1 X145.305 Y93.308 E594.0365
G1 X145.792 Y93.309 E594.05342
G1 X146.494 Y90.688 E594.14773
G1 X148.02 Y90.688 E594.20077
G1 X150.64 Y93.308 E594.32955
G1 X151.649 Y93.309 E594.36462
G1 X152.352 Y90.688 E594.45894
G1 X153.354 Y90.688 E594.49377
G1 X155.974 Y93.308 E594.62255
G1 X157.507 Y93.309 E594.67583
G1 X158.209 Y90.688 E594.77014
G1 X158.689 Y90.688 E594.78682
G1 X161.309 Y93.308 E594.9156
G1 X161.69 Y93.308 E594.92885
G1 X165.191 Y92.37 E595.05482
G1 X165.192 Y91.857 E595.07265
G1 X164.023 Y90.688 E595.13011
G1 X162.114 Y90.687 E595.19646
G1 X161.412 Y93.309 E595.29081
G1 X161.384 Y93.415
G1 F2400 E594.79081
;MESH:Pin 5mm - AKM.STL(3)
G0 F15000 X166.248 Y103.674
;TYPE:WALL-OUTER
G1 F2400 E595.29081
G1 F8800 X166.028 Y103.444 E595.30212
G1 F9000 X166.028 Y100.552 E595.40264
G1 F8761.1 X166.208 Y100.323 E595.41304
G1 F8479.7 X167.036 Y100.329 E595.44358
G1 F8534.5 X167.187 Y100.374 E595.44936
G1 F8819.6 X167.448 Y100.545 E595.46042
G1 F9000 X167.591 Y100.714 E595.46812
G1 X167.716 Y101.042 E595.48032
G1 X167.71 Y102.962 E595.54705
G1 X167.591 Y103.288 E595.55911
G1 X167.448 Y103.451 E595.56665
G1 F8878.9 X167.187 Y103.618 E595.57757
G1 F8646.3 X167.004 Y103.673 E595.58448
G1 F8571.4 X166.248 Y103.674 E595.61207
G1 F2400 E595.11207
G0 F15000 X136.615 Y104.188
G1 F2400 E595.61207
G1 F9000 X136.748 Y104.144 E595.61694
G1 X165.328 Y104.144 E596.61029
G1 F8800 X166.248 Y104.134 E596.643
G1 F8646.3 X166.752 Y104.136 E596.66123
G1 F8722.5 X167.256 Y104.139 E596.6793
G1 F8878.9 X167.659 Y104.144 E596.6935
G1 F9000 X168.528 Y104.144 E596.72371
G1 X168.528 Y99.852 E596.87288
G1 F8939.1 X167.422 Y99.855 E596.91159
G1 F8646.3 X167.096 Y99.867 E596.92339
G1 F8479.7 X166.168 Y99.864 E596.95762
G1 F8761.1 X165.328 Y99.852 E596.98762
G1 F9000 X136.748 Y99.852 E597.98097
G1 X136.615 Y99.808 E597.98584
G1 X136.531 Y99.67 E597.99145
G1 X136.528 Y98.536 E598.03087
G1 X135.468 Y98.536 E598.06771
G1 X135.468 Y105.463 E598.30847
G1 X136.528 Y105.46 E598.34531
G1 X136.528 Y104.364 E598.38341
G1 X136.615 Y104.188 E598.39023
G0 F15000 X136.748 Y103.704
;TYPE:WALL-INNER
G1 F10500 X165.848 Y103.704 E599.40165
G1 X165.588 Y103.444 E599.41443
G1 X165.588 Y100.552 E599.51495
G1 X165.806 Y100.292 E599.52674
G1 X136.748 Y100.292 E600.53671
G1 X136.351 Y100.16 E600.55125
G1 F8619.4 X136.003 Y99.762 E600.57363
G1 X135.908 Y100.382 E600.60019
G1 F10500 X135.908 Y103.614 E600.71252
G1 F8717 X135.998 Y104.364 E600.74415
G1 X136.351 Y103.836 E600.77074
G1 F10500 X136.748 Y103.704 E600.78528
G1 F2400 E600.28528
G0 F15000 X135.998 Y104.364
G1 F2400 E600.78528
G1 F7451.6 X135.998 Y104.932 E600.8131
G1 F2400 E600.3131
G0 F15000 X136.003 Y99.762
G1 F2400 E600.8131
G1 F7380.2 X135.998 Y99.066 E600.84752
G1 F2400 E600.34752
G0 F15000 X168 Y100.38
G1 F2400 E600.84752
G1 F8369.6 X168.064 Y100.628 E600.85869
G1 F10335.6 X168.105 Y100.878 E600.86763
G1 F11876.6 X168.122 Y101.085 E600.87401
G1 F12352.9 X168.121 Y101.74 E600.89336
G1 F12157.9 X168.119 Y102.395 E600.91303
G1 F11968.9 X168.117 Y103.05 E600.933
G1 F10645.2 X168.068 Y103.356 E600.94362
G1 F8446.1 X168.001 Y103.617 E600.95526
G1 F2400 E600.45526
G0 F15000 X161.412 Y103.309
;TYPE:FILL
G1 F2400 E600.95526
G1 F15000 X162.114 Y100.687 E601.04961
G1 X164.024 Y100.688 E601.11599
G1 X165.192 Y101.857 E601.17343
G1 X165.191 Y102.37 E601.19126
G1 X161.688 Y103.308 E601.3173
G1 X161.309 Y103.308 E601.33047
G1 X158.69 Y100.688 E601.45923
G1 X158.209 Y100.687 E601.47595
G1 X157.507 Y103.309 E601.57029
G1 X155.974 Y103.308 E601.62357
G1 X153.355 Y100.688 E601.75233
G1 X152.351 Y100.687 E601.78723
G1 X151.649 Y103.309 E601.88157
G1 X150.64 Y103.308 E601.91664
G1 X148.021 Y100.688 E602.0454
G1 X146.494 Y100.687 E602.09847
G1 X145.791 Y103.309 E602.19282
G1 X145.305 Y103.308 E602.20971
G1 X142.686 Y100.688 E602.33847
G1 X142.589 Y100.688 E602.34184
G1 X141.887 Y103.308 E602.43612
G1 X139.971 Y103.308 E602.50271
G1 X137.352 Y100.688 E602.63147
G1 X136.731 Y100.687 E602.65305
G1 X136.303 Y102.307 E602.71129
G1 X137.304 Y103.308 E602.7605
G1 X137.981 Y103.308 E602.78403
G1 X138.684 Y100.688 E602.87831
G1 X140.019 Y100.688 E602.92471
G1 X142.638 Y103.308 E603.05347
G1 X143.839 Y103.308 E603.09521
G1 X144.541 Y100.688 E603.18949
G1 X145.354 Y100.688 E603.21774
G1 X147.973 Y103.308 E603.3465
G1 X149.697 Y103.308 E603.40642
G1 X150.399 Y100.688 E603.5007
G1 X150.688 Y100.688 E603.51074
G1 X153.307 Y103.308 E603.6395
G1 X153.602 Y103.308 E603.64975
G1 X154.304 Y100.688 E603.74403
G1 X156.022 Y100.688 E603.80374
G1 X158.642 Y103.308 E603.93252
G1 X159.459 Y103.308 E603.96092
G1 X160.161 Y100.688 E604.05519
G1 X161.357 Y100.688 E604.09676
G1 X163.223 Y102.555 E604.18851
G1 X163.426 Y103.308 E604.21561
G1 X163.82 Y103.308 E604.22931
G1 X163.592 Y102.459 E604.25986
G1 X164.357 Y100.69 E604.32685
G1 X164.18 Y100.688 E604.333
G1 X154.4 Y103.308 E604.68491
G1 X155.554 Y103.309 E604.72502
G1 X156.66 Y100.688 E604.8239
G1 X156.893 Y100.688 E604.832
G1 X147.879 Y103.308 E605.15826
G1 X147.744 Y103.308 E605.16295
G1 X148.446 Y100.688 E605.25723
G1 X149.606 Y100.688 E605.29754
G1 X140.181 Y103.311 E605.63758
G1 X139.934 Y103.309 E605.64616
G1 X140.636 Y100.687 E605.7405
G1 X142.318 Y100.688 E605.79897
G1 X136.305 Y102.3 E606.01534
G1 X136.199 Y102.328
G1 F2400 E605.51534
;MESH:Pin 5mm - AKM.STL(1)
G0 F15000 X136.615 Y114.188
;TYPE:WALL-OUTER
G1 F2400 E606.01534
G1 F9000 X136.748 Y114.144 E606.02021
G1 X165.328 Y114.144 E607.01356
G1 F8800 X166.248 Y114.134 E607.04626
G1 F8646.3 X166.752 Y114.136 E607.0645
G1 F8722.5 X167.256 Y114.139 E607.08257
G1 F8878.9 X167.659 Y114.144 E607.09677
G1 F9000 X168.528 Y114.144 E607.12698
G1 X168.528 Y109.852 E607.27615
G1 F8939.1 X167.422 Y109.855 E607.31485
G1 F8646.3 X167.096 Y109.867 E607.32666
G1 F8479.7 X166.168 Y109.864 E607.36089
G1 F8761.1 X165.328 Y109.852 E607.39089
G1 F9000 X136.748 Y109.852 E608.38424
G1 X136.615 Y109.808 E608.38911
G1 X136.531 Y109.67 E608.39472
G1 X136.528 Y108.536 E608.43413
G1 X135.468 Y108.536 E608.47098
G1 X135.468 Y115.463 E608.71174
G1 X136.528 Y115.46 E608.74858
G1 X136.528 Y114.364 E608.78667
G1 X136.615 Y114.188 E608.7935
G1 F2400 E608.2935
G0 F15000 X166.248 Y113.674
G1 F2400 E608.7935
G1 F8800 X166.028 Y113.444 E608.80481
G1 F9000 X166.028 Y110.552 E608.90533
G1 F8761.1 X166.208 Y110.323 E608.91573
G1 F8479.7 X167.036 Y110.329 E608.94627
G1 F8534.5 X167.187 Y110.374 E608.95205
G1 F8819.6 X167.448 Y110.545 E608.96312
G1 F9000 X167.591 Y110.714 E608.97081
G1 X167.716 Y111.042 E608.98301
G1 X167.71 Y112.962 E609.04974
G1 X167.591 Y113.288 E609.06181
G1 X167.448 Y113.451 E609.06934
G1 F8878.9 X167.187 Y113.618 E609.08026
G1 F8646.3 X167.004 Y113.673 E609.08717
G1 F8571.4 X166.248 Y113.674 E609.11476
G1 F2400 E608.61476
G0 F15000 X168.001 Y113.617
;TYPE:WALL-INNER
G1 F2400 E609.11476
G1 F8446.1 X168.068 Y113.356 E609.1264
G1 F10645.2 X168.116 Y113.051 E609.13699
G1 F11968.9 X168.117 Y112.396 E609.15696
G1 F12157.9 X168.119 Y111.741 E609.17662
G1 F12352.9 X168.121 Y111.086 E609.19597
G1 F11876.6 X168.105 Y110.878 E609.20238
G1 F10335.6 X168.064 Y110.628 E609.21133
G1 F8369.6 X168 Y110.38 E609.2225
G1 F2400 E608.7225
G0 F15000 X136.748 Y113.704
G1 F2400 E609.2225
G1 F10500 X165.848 Y113.704 E610.23392
G1 X165.588 Y113.444 E610.2467
G1 X165.588 Y110.552 E610.34722
G1 X165.806 Y110.292 E610.35901
G1 X136.748 Y110.292 E611.36898
G1 X136.351 Y110.16 E611.38352
G1 F8619.4 X136.003 Y109.762 E611.4059
G1 X135.908 Y110.382 E611.43246
G1 F10500 X135.908 Y113.614 E611.54479
G1 F8717 X135.998 Y114.364 E611.57642
G1 X136.351 Y113.836 E611.60301
G1 F10500 X136.748 Y113.704 E611.61755
G1 F2400 E611.11755
G0 F15000 X135.998 Y114.364
G1 F2400 E611.61755
G1 F7451.6 X135.998 Y114.932 E611.64537
G1 F2400 E611.14537
G0 F15000 X136.003 Y109.762
G1 F2400 E611.64537
G1 F7380.2 X135.998 Y109.066 E611.67979
G1 F2400 E611.17979
G0 F15000 X136.304 Y112.3
;TYPE:FILL
G1 F2400 E611.67979
G1 F15000 X142.322 Y110.688 E611.89633
G1 X140.636 Y110.688 E611.95493
G1 X139.934 Y113.308 E612.0492
G1 X140.181 Y113.308 E612.05779
G1 X149.609 Y110.688 E612.39789
G1 X148.446 Y110.687 E612.43831
G1 X147.744 Y113.308 E612.53262
G1 X147.879 Y113.308 E612.53731
G1 X156.896 Y110.688 E612.86368
G1 X156.66 Y110.688 E612.87188
G1 X155.554 Y113.308 E612.97073
G1 X154.404 Y113.308 E613.0107
G1 X164.184 Y110.688 E613.3626
G1 X164.359 Y110.688 E613.36869
G1 X163.592 Y112.456 E613.43567
G1 X163.82 Y113.307 E613.46629
G1 X163.426 Y113.308 E613.47999
G1 X163.225 Y112.556 E613.50704
G1 X161.357 Y110.688 E613.59886
G1 X160.161 Y110.687 E613.64043
G1 X159.459 Y113.308 E613.73474
G1 X158.642 Y113.307 E613.76313
G1 X156.022 Y110.688 E613.89189
G1 X154.304 Y110.687 E613.9516
G1 X153.602 Y113.308 E614.04591
G1 X153.307 Y113.307 E614.05617
G1 X150.688 Y110.688 E614.1849
G1 X150.399 Y110.688 E614.19494
G1 X149.696 Y113.308 E614.28923
G1 X147.973 Y113.307 E614.34911
G1 X145.354 Y110.688 E614.47785
G1 X144.541 Y110.688 E614.5061
G1 X143.839 Y113.308 E614.60038
G1 X142.638 Y113.307 E614.64212
G1 X140.019 Y110.688 E614.77086
G1 X138.683 Y110.688 E614.81729
G1 X137.981 Y113.308 E614.91157
G1 X137.304 Y113.307 E614.9351
G1 X136.303 Y112.307 E614.98427
G1 X136.731 Y110.688 E615.04248
G1 X137.352 Y110.688 E615.06406
G1 X139.971 Y113.307 E615.1928
G1 X141.886 Y113.309 E615.25935
G1 X142.588 Y110.688 E615.35366
G1 X142.686 Y110.688 E615.35707
G1 X145.305 Y113.307 E615.4858
G1 X145.791 Y113.308 E615.50269
G1 X146.494 Y110.688 E615.59698
G1 X148.021 Y110.688 E615.65005
G1 X150.64 Y113.307 E615.77879
G1 X151.649 Y113.309 E615.81386
G1 X152.351 Y110.688 E615.90816
G1 X153.355 Y110.688 E615.94306
G1 X155.974 Y113.307 E616.07179
G1 X157.506 Y113.309 E616.12504
G1 X158.209 Y110.688 E616.21936
G1 X158.69 Y110.688 E616.23608
G1 X161.309 Y113.307 E616.36481
G1 X161.691 Y113.308 E616.37809
G1 X165.191 Y112.37 E616.50403
G1 X165.192 Y111.857 E616.52186
G1 X164.024 Y110.688 E616.5793
G1 X162.114 Y110.688 E616.64568
G1 X161.412 Y113.308 E616.73996
G1 X161.384 Y113.414
G1 F2400 E616.23996
;MESH:Pin 5mm - AKM.STL(7)
G0 F15000 X166.248 Y123.674
;TYPE:WALL-OUTER
G1 F2400 E616.73996
G1 F8800 X166.028 Y123.444 E616.75127
G1 F9000 X166.028 Y120.552 E616.85179
G1 F8761.1 X166.208 Y120.323 E616.86219
G1 F8479.7 X167.036 Y120.329 E616.89273
G1 F8534.5 X167.187 Y120.374 E616.89851
G1 F8819.6 X167.448 Y120.545 E616.90957
G1 F9000 X167.591 Y120.714 E616.91727
G1 X167.716 Y121.042 E616.92947
G1 X167.71 Y122.962 E616.9962
G1 X167.591 Y123.288 E617.00826
G1 X167.448 Y123.451 E617.0158
G1 F8878.9 X167.187 Y123.618 E617.02672
G1 F8646.3 X167.004 Y123.673 E617.03363
G1 F8571.4 X166.248 Y123.674 E617.06122
G1 F2400 E616.56122
G0 F15000 X136.615 Y124.188
G1 F2400 E617.06122
G1 F9000 X136.748 Y124.144 E617.06609
G1 X165.328 Y124.144 E618.05944
G1 F8800 X166.248 Y124.134 E618.09214
G1 F8646.3 X166.752 Y124.136 E618.11038
G1 F8722.5 X167.256 Y124.139 E618.12845
G1 F8878.9 X167.659 Y124.144 E618.14265
G1 F9000 X168.528 Y124.144 E618.17286
G1 X168.528 Y119.852 E618.32203
G1 F8939.1 X167.422 Y119.855 E618.36074
G1 F8646.3 X167.096 Y119.867 E618.37254
G1 F8479.7 X166.168 Y119.864 E618.40677
G1 F8761.1 X165.328 Y119.852 E618.43677
G1 F9000 X136.748 Y119.852 E619.43012
G1 X136.615 Y119.808 E619.43499
G1 X136.531 Y119.67 E619.4406
G1 X136.528 Y118.536 E619.48002
G1 X135.468 Y118.536 E619.51686
G1 X135.468 Y125.463 E619.75762
G1 X136.528 Y125.46 E619.79446
G1 X136.528 Y124.364 E619.83256
G1 X136.615 Y124.188 E619.83938
G0 F15000 X136.748 Y123.704
;TYPE:WALL-INNER
G1 F10500 X165.848 Y123.704 E620.8508
G1 X165.588 Y123.444 E620.86358
G1 X165.588 Y120.552 E620.9641
G1 X165.806 Y120.292 E620.97589
G1 X136.748 Y120.292 E621.98586
G1 X136.351 Y120.16 E622.0004
G1 F8619.4 X136.003 Y119.762 E622.02278
G1 X135.908 Y120.382 E622.04934
G1 F10500 X135.908 Y123.614 E622.16167
G1 F8717 X135.998 Y124.364 E622.1933
G1 X136.351 Y123.836 E622.21989
G1 F10500 X136.748 Y123.704 E622.23443
G1 F2400 E621.73443
G0 F15000 X135.998 Y124.364
G1 F2400 E622.23443
G1 F7451.6 X135.998 Y124.932 E622.26225
G1 F2400 E621.76225
G0 F15000 X136.003 Y119.762
G1 F2400 E622.26225
G1 F7380.2 X135.998 Y119.066 E622.29667
G1 F2400 E621.79667
G0 F15000 X168 Y120.38
G1 F2400 E622.29667
G1 F8369.6 X168.064 Y120.628 E622.30783
G1 F10335.6 X168.105 Y120.878 E622.31678
G1 F11876.6 X168.122 Y121.085 E622.32316
G1 F12352.9 X168.121 Y121.74 E622.34251
G1 F12157.9 X168.119 Y122.395 E622.36217
G1 F11968.9 X168.117 Y123.05 E622.38215
G1 F10645.2 X168.068 Y123.356 E622.39277
G1 F8446.1 X168.001 Y123.617 E622.40441
G1 F2400 E621.90441
G0 F15000 X161.411 Y123.309
;TYPE:FILL
G1 F2400 E622.40441
G1 F15000 X162.114 Y120.687 E622.49877
G1 X164.024 Y120.688 E622.56515
G1 X165.192 Y121.856 E622.62256
G1 X165.191 Y122.37 E622.64043
G1 X161.691 Y123.308 E622.76637
G1 X161.309 Y123.308 E622.77965
G1 X158.69 Y120.688 E622.9084
G1 X158.209 Y120.688 E622.92512
G1 X157.506 Y123.309 E623.01944
G1 X155.975 Y123.308 E623.07265
G1 X153.355 Y120.688 E623.20143
G1 X152.351 Y120.688 E623.23633
G1 X151.649 Y123.308 E623.33061
G1 X150.641 Y123.308 E623.36564
G1 X148.021 Y120.688 E623.49442
G1 X146.493 Y120.688 E623.54753
G1 X145.791 Y123.308 E623.64181
G1 X145.306 Y123.308 E623.65866
G1 X142.686 Y120.688 E623.78745
G1 X142.588 Y120.688 E623.79085
G1 X141.886 Y123.308 E623.88513
G1 X139.972 Y123.308 E623.95165
G1 X137.352 Y120.688 E624.08043
G1 X136.731 Y120.688 E624.10202
G1 X136.298 Y122.302 E624.1601
G1 X137.305 Y123.308 E624.20957
G1 X137.981 Y123.308 E624.23307
G1 X138.683 Y120.687 E624.32738
G1 X140.019 Y120.688 E624.37381
G1 X142.639 Y123.308 E624.50259
G1 X143.839 Y123.309 E624.5443
G1 X144.541 Y120.687 E624.63864
G1 X145.354 Y120.688 E624.6669
G1 X147.973 Y123.308 E624.79566
G1 X149.696 Y123.309 E624.85555
G1 X150.399 Y120.687 E624.9499
G1 X150.688 Y120.688 E624.95994
G1 X153.308 Y123.308 E625.08872
G1 X153.601 Y123.309 E625.09891
G1 X154.303 Y120.688 E625.19322
G1 X156.022 Y120.688 E625.25296
G1 X158.642 Y123.308 E625.38175
G1 X159.459 Y123.309 E625.41014
G1 X160.161 Y120.688 E625.50445
G1 X161.357 Y120.688 E625.54602
G1 X163.225 Y122.556 E625.63784
G1 X163.426 Y123.309 E625.66493
G1 X163.82 Y123.308 E625.67862
G1 X163.592 Y122.456 E625.70928
G1 X164.363 Y120.685 E625.77641
G1 X164.184 Y120.687 E625.78263
G1 X154.405 Y123.308 E626.13452
G1 X155.554 Y123.309 E626.17445
G1 X156.66 Y120.688 E626.27333
G1 X156.896 Y120.688 E626.28153
G1 X147.879 Y123.309 E626.6079
G1 X147.744 Y123.309 E626.6126
G1 X148.446 Y120.688 E626.70691
G1 X149.609 Y120.688 E626.74733
G1 X140.181 Y123.308 E627.08743
G1 X139.934 Y123.308 E627.09602
G1 X140.636 Y120.688 E627.19029
G1 X142.322 Y120.688 E627.24889
G1 X136.304 Y122.3 E627.46543
G1 X136.198 Y122.328
G1 F2400 E626.96543
;MESH:Pin 5mm - AKM.STL(6)
G0 F15000 X176.615 Y104.188
;TYPE:WALL-OUTER
G1 F2400 E627.46543
G1 F9000 X176.748 Y104.144 E627.4703
G1 X205.328 Y104.144 E628.46365
G1 F8800 X206.248 Y104.134 E628.49636
G1 F8646.3 X206.752 Y104.136 E628.51459
G1 F8722.5 X207.256 Y104.139 E628.53267
G1 F8878.9 X207.659 Y104.144 E628.54687
G1 F9000 X208.528 Y104.144 E628.57707
G1 X208.528 Y99.852 E628.72625
G1 F8939.1 X207.422 Y99.855 E628.76495
G1 F8646.3 X207.096 Y99.867 E628.77675
G1 F8479.7 X206.168 Y99.864 E628.81099
G1 F8761.1 X205.328 Y99.852 E628.84098
G1 F9000 X176.748 Y99.852 E629.83433
G1 X176.615 Y99.808 E629.8392
G1 X176.531 Y99.67 E629.84482
G1 X176.528 Y98.536 E629.88423
G1 X175.468 Y98.536 E629.92107
G1 X175.468 Y105.463 E630.16183
G1 X176.528 Y105.46 E630.19868
G1 X176.528 Y104.364 E630.23677
G1 X176.615 Y104.188 E630.24359
G1 F2400 E629.74359
G0 F15000 X206.248 Y103.674
G1 F2400 E630.24359
G1 F8800 X206.028 Y103.444 E630.25491
G1 F9000 X206.028 Y100.552 E630.35542
G1 F8761.1 X206.208 Y100.323 E630.36582
G1 F8479.7 X207.036 Y100.329 E630.39637
G1 F8534.5 X207.187 Y100.374 E630.40214
G1 F8819.6 X207.448 Y100.545 E630.41321
G1 F9000 X207.591 Y100.714 E630.42091
G1 X207.716 Y101.042 E630.43311
G1 X207.71 Y102.962 E630.49984
G1 X207.591 Y103.288 E630.5119
G1 X207.448 Y103.451 E630.51944
G1 F8878.9 X207.187 Y103.618 E630.53035
G1 F8646.3 X207.004 Y103.673 E630.53727
G1 F8571.4 X206.248 Y103.674 E630.56486
G1 F2400 E630.06486
G0 F15000 X208.001 Y103.617
;TYPE:WALL-INNER
G1 F2400 E630.56486
G1 F8446.1 X208.068 Y103.356 E630.5765
G1 F10645.2 X208.116 Y103.051 E630.58709
G1 F11968.9 X208.117 Y102.396 E630.60706
G1 F12157.9 X208.119 Y101.741 E630.62672
G1 F12352.9 X208.121 Y101.086 E630.64607
G1 F11876.6 X208.105 Y100.878 E630.65248
G1 F10335.6 X208.064 Y100.628 E630.66142
G1 F8369.6 X208 Y100.38 E630.67259
G1 F2400 E630.17259
G0 F15000 X176.748 Y103.704
G1 F2400 E630.67259
G1 F10500 X205.848 Y103.704 E631.68402
G1 X205.588 Y103.444 E631.6968
G1 X205.588 Y100.552 E631.79731
G1 X205.806 Y100.292 E631.80911
G1 X176.748 Y100.292 E632.81907
G1 X176.351 Y100.16 E632.83361
G1 F8619.4 X176.003 Y99.762 E632.856
G1 X175.908 Y100.382 E632.88255
G1 F10500 X175.908 Y103.614 E632.99489
G1 F8717 X175.998 Y104.364 E633.02651
G1 X176.351 Y103.836 E633.0531
G1 F10500 X176.748 Y103.704 E633.06765
G1 F2400 E632.56765
G0 F15000 X175.998 Y104.364
G1 F2400 E633.06765
G1 F7451.6 X175.998 Y104.932 E633.09546
G1 F2400 E632.59546
G0 F15000 X176.003 Y99.762
G1 F2400 E633.09546
G1 F7380.2 X175.998 Y99.066 E633.12988
G1 F2400 E632.62988
G0 F15000 X176.304 Y102.3
;TYPE:FILL
G1 F2400 E633.12988
G1 F15000 X182.321 Y100.688 E633.34639
G1 X180.636 Y100.688 E633.40495
G1 X179.934 Y103.308 E633.49923
G1 X180.183 Y103.306 E633.50788
G1 X189.608 Y100.688 E633.84787
G1 X188.446 Y100.687 E633.88826
G1 X187.744 Y103.308 E633.98257
G1 X187.88 Y103.308 E633.98729
G1 X196.894 Y100.688 E634.31356
G1 X196.658 Y100.688 E634.32176
G1 X195.554 Y103.308 E634.42058
G1 X194.402 Y103.308 E634.46062
G1 X204.18 Y100.688 E634.81246
G1 X204.36 Y100.688 E634.81871
G1 X203.592 Y102.458 E634.88577
G1 X203.82 Y103.308 E634.91636
G1 X203.426 Y103.308 E634.93006
G1 X203.223 Y102.555 E634.95716
G1 X201.356 Y100.688 E635.04893
G1 X200.162 Y100.687 E635.09043
G1 X199.459 Y103.308 E635.18475
G1 X198.641 Y103.308 E635.21318
G1 X196.022 Y100.688 E635.34194
G1 X194.304 Y100.687 E635.40165
G1 X193.602 Y103.308 E635.49596
G1 X193.307 Y103.308 E635.50621
G1 X190.688 Y100.688 E635.63497
G1 X190.399 Y100.688 E635.64501
G1 X189.697 Y103.308 E635.73929
G1 X187.972 Y103.308 E635.79925
G1 X185.353 Y100.688 E635.928
G1 X184.541 Y100.688 E635.95623
G1 X183.839 Y103.308 E636.0505
G1 X182.638 Y103.308 E636.09224
G1 X180.019 Y100.688 E636.221
G1 X178.684 Y100.688 E636.2674
G1 X177.981 Y103.308 E636.36169
G1 X177.303 Y103.308 E636.38525
G1 X176.299 Y102.303 E636.43463
G1 X176.731 Y100.687 E636.49277
G1 X177.352 Y100.688 E636.51435
G1 X179.971 Y103.308 E636.64311
G1 X181.887 Y103.308 E636.7097
G1 X182.589 Y100.687 E636.80401
G1 X182.686 Y100.688 E636.80738
G1 X185.305 Y103.308 E636.93614
G1 X185.791 Y103.309 E636.95303
G1 X186.494 Y100.688 E637.04735
G1 X188.02 Y100.688 E637.10039
G1 X190.64 Y103.308 E637.22917
G1 X191.649 Y103.309 E637.26424
G1 X192.351 Y100.688 E637.35855
G1 X193.355 Y100.688 E637.39344
G1 X195.974 Y103.308 E637.5222
G1 X197.507 Y103.309 E637.57548
G1 X198.209 Y100.688 E637.66979
G1 X198.689 Y100.688 E637.68648
G1 X201.308 Y103.308 E637.81523
G1 X201.69 Y103.308 E637.82851
G1 X205.191 Y102.37 E637.95449
G1 X205.192 Y101.857 E637.97232
G1 X204.024 Y100.688 E638.02975
G1 X202.114 Y100.688 E638.09614
G1 X201.412 Y103.308 E638.19041
G1 X201.384 Y103.414
G1 F2400 E637.69041
;MESH:NONMESH
G0 F600 X201.384 Y103.414 Z1.6
G0 F15000 X56.615 Y114.24
;TIME_ELAPSED:294.635972
;LAYER:7
;TYPE:WALL-OUTER
;MESH:Pin 5mm - AKM.STL(4)
G1 F2400 E638.19041
G1 F9000 X56.748 Y114.196 E638.19528
G1 X85.28 Y114.192 E639.18697
G1 F8571.4 X86.248 Y114.17 E639.2223
G1 F8148.1 X87.052 Y114.169 E639.25317
G1 F8319.3 X87.265 Y114.181 E639.26119
G1 F8722.5 X87.442 Y114.19 E639.26754
G1 F8959.3 X88.528 Y114.192 E639.30546
G1 F9000 X88.528 Y109.804 E639.45798
G1 X87.63 Y109.804 E639.48919
G1 F8741.7 X87.372 Y109.817 E639.49843
G1 F8319.3 X86.979 Y109.827 E639.51321
G1 F8131.4 X86.164 Y109.828 E639.54457
G1 F8534.5 X85.28 Y109.804 E639.57698
G1 F9000 X56.748 Y109.804 E640.56866
G1 X56.615 Y109.76 E640.57353
G1 X56.531 Y109.622 E640.57914
G1 X56.528 Y108.501 E640.61811
G1 X55.468 Y108.504 E640.65495
G1 X55.468 Y115.496 E640.89797
G1 X56.528 Y115.496 E640.93481
G1 X56.528 Y114.416 E640.97235
G1 X56.615 Y114.24 E640.97917
G1 F2400 E640.47917
G0 F15000 X86.248 Y113.686
G1 F2400 E640.97917
G1 F8571.4 X86.028 Y113.444 E640.99111
G1 F9000 X86.028 Y110.552 E641.09163
G1 F8534.5 X86.206 Y110.311 E641.10261
G1 F8081.6 X87.042 Y110.313 E641.13497
G1 F8250 X87.273 Y110.411 E641.14448
G1 F8741.7 X87.581 Y110.705 E641.15972
G1 F9000 X87.72 Y111.046 E641.17252
G1 X87.71 Y112.962 E641.23911
G1 X87.594 Y113.284 E641.25101
G1 X87.457 Y113.442 E641.25827
G1 F8761.1 X87.19 Y113.624 E641.26981
G1 F8319.3 X87.01 Y113.685 E641.27696
G1 F8148.1 X86.248 Y113.686 E641.30621
G1 F2400 E640.80621
G0 F15000 X87.989 Y113.653
;TYPE:WALL-INNER
G1 F2400 E641.30621
G1 F7427.7 X88.005 Y113.607 E641.3086
G1 F8508.3 X88.068 Y113.356 E641.3197
G1 F10669.7 X88.116 Y113.052 E641.33023
G1 F12031.2 X88.117 Y112.551 E641.34543
G1 F12190 X88.119 Y112.05 E641.36043
G1 F12320 X88.121 Y111.549 E641.37527
G1 F12486.5 X88.123 Y111.048 E641.38991
G1 F11696.2 X88.097 Y110.783 E641.39822
G1 F9914.2 X88.053 Y110.573 E641.40612
G1 F8006.9 X87.986 Y110.346 E641.41691
G1 F2400 E640.91691
G0 F15000 X56.748 Y113.756
G1 F2400 E641.41691
G1 F10500 X85.896 Y113.752 E642.43
G1 X85.588 Y113.444 E642.44514
G1 X85.588 Y110.552 E642.54565
G1 X85.847 Y110.244 E642.55964
G1 X56.748 Y110.244 E643.57103
G1 X56.351 Y110.112 E643.58557
G1 F8619.4 X56.003 Y109.714 E643.60796
G1 X55.908 Y110.334 E643.63451
G1 F10500 X55.908 Y113.666 E643.75032
G1 F8717 X55.998 Y114.416 E643.78195
G1 X56.351 Y113.888 E643.80854
G1 F10500 X56.748 Y113.756 E643.82308
G1 F2400 E643.32308
G0 F15000 X55.998 Y114.416
G1 F2400 E643.82308
G1 F7451.6 X55.998 Y114.966 E643.85002
G1 F2400 E643.35002
G0 F15000 X56.003 Y109.714
G1 F2400 E643.85002
G1 F7380.2 X55.998 Y109.032 E643.88374
G1 F2400 E643.38374
G0 F15000 X56.305 Y112.3
;TYPE:FILL
G1 F2400 E643.88374
G1 F15000 X62.5 Y110.64 E644.10666
G1 X60.649 Y110.639 E644.17099
G1 X59.92 Y113.36 E644.2689
G1 X60.128 Y113.36 E644.27613
G1 X69.788 Y110.64 E644.62494
G1 X68.459 Y110.639 E644.67113
G1 X67.731 Y113.359 E644.76899
G1 X67.829 Y113.359 E644.7724
G1 X77.074 Y110.64 E645.10734
G1 X76.707 Y110.64 E645.12009
G1 X75.541 Y113.358 E645.22289
G1 X74.217 Y113.358 E645.26891
G1 X84.413 Y110.626 E645.63579
G1 X83.593 Y112.455 E645.70545
G1 X83.833 Y113.356 E645.73786
G1 X83.439 Y113.356 E645.75156
G1 X83.225 Y112.556 E645.78034
G1 X81.31 Y110.64 E645.87449
G1 X80.174 Y110.64 E645.91398
G1 X79.446 Y113.358 E646.01178
G1 X78.692 Y113.357 E646.03798
G1 X75.975 Y110.64 E646.17153
G1 X74.317 Y110.64 E646.22916
G1 X73.588 Y113.358 E646.32697
G1 X73.358 Y113.358 E646.33496
G1 X70.641 Y110.64 E646.46854
G1 X70.412 Y110.64 E646.4765
G1 X69.683 Y113.359 E646.57434
G1 X68.024 Y113.358 E646.632
G1 X65.306 Y110.64 E646.7656
G1 X64.554 Y110.64 E646.79174
G1 X63.825 Y113.36 E646.88961
G1 X62.69 Y113.358 E646.92906
G1 X59.972 Y110.64 E647.06266
G1 X58.696 Y110.64 E647.10701
G1 X57.967 Y113.361 E647.20492
G1 X57.356 Y113.359 E647.22615
G1 X56.303 Y112.306 E647.27791
G1 X56.744 Y110.639 E647.33785
G1 X57.305 Y110.64 E647.35734
G1 X60.023 Y113.359 E647.49097
G1 X61.873 Y113.359 E647.55527
G1 X62.602 Y110.639 E647.65314
G1 X62.639 Y110.64 E647.65443
G1 X65.357 Y113.358 E647.78803
G1 X65.778 Y113.359 E647.80266
G1 X66.507 Y110.639 E647.90054
G1 X67.973 Y110.64 E647.95149
G1 X70.691 Y113.358 E648.08509
G1 X71.636 Y113.358 E648.11794
G1 X72.364 Y110.639 E648.21577
G1 X73.308 Y110.64 E648.24858
G1 X76.025 Y113.357 E648.38213
G1 X77.493 Y113.357 E648.43315
G1 X78.222 Y110.64 E648.53093
G1 X78.642 Y110.64 E648.54552
G1 X81.358 Y113.356 E648.67903
G1 X81.507 Y113.357 E648.6842
G1 X85.191 Y112.37 E648.81676
G1 X85.192 Y111.856 E648.83463
G1 X83.977 Y110.64 E648.89438
G1 X82.127 Y110.64 E648.95868
G1 X81.399 Y113.357 E649.05644
G1 X81.371 Y113.463
G1 F2400 E648.55644
;MESH:Pin Lock 5mm.STL(2)
G0 F15000 X104.25 Y123.178
;TYPE:WALL-OUTER
G1 F2400 E649.05644
G1 F7920 X104.25 Y120.818 E649.14965
G1 X103.75 Y120.818 E649.1694
G1 X103.75 Y123.178 E649.26261
G1 X104.25 Y123.178 E649.28236
G1 F2400 E648.78236
;MESH:Pin Lock 5mm.STL
G0 F15000 X114.25 Y123.178
G1 F2400 E649.28236
G1 F7920 X114.25 Y120.818 E649.37557
G1 X113.75 Y120.818 E649.39532
G1 X113.75 Y123.178 E649.48853
G1 X114.25 Y123.178 E649.50828
G1 F2400 E649.00828
;MESH:Pin Lock 5mm.STL(4)
G0 F15000 X124.25 Y123.178
G1 F2400 E649.50828
G1 F7920 X124.25 Y120.818 E649.60149
G1 X123.75 Y120.818 E649.62124
G1 X123.75 Y123.178 E649.71445
G1 X124.25 Y123.178 E649.7342
G1 F2400 E649.2342
;MESH:Pin 5mm - AKM.STL
G0 F15000 X126.248 Y113.686
G1 F2400 E649.7342
G1 F8571.4 X126.028 Y113.444 E649.74614
G1 F9000 X126.028 Y110.552 E649.84665
G1 F8534.5 X126.206 Y110.311 E649.85763
G1 F8081.6 X127.042 Y110.313 E649.88999
G1 F8250 X127.273 Y110.411 E649.89951
G1 F8741.7 X127.581 Y110.705 E649.91474
G1 F9000 X127.72 Y110.993 E649.92586
G1 X127.71 Y112.962 E649.9943
G1 X127.594 Y113.284 E650.00619
G1 X127.457 Y113.442 E650.01346
G1 F8761.1 X127.19 Y113.624 E650.025
G1 F8319.3 X127.01 Y113.685 E650.03214
G1 F8148.1 X126.248 Y113.686 E650.0614
G1 F2400 E649.5614
G0 F15000 X96.615 Y114.24
G1 F2400 E650.0614
G1 F9000 X96.748 Y114.196 E650.06627
G1 X125.28 Y114.192 E651.05795
G1 F8571.4 X126.248 Y114.17 E651.09328
G1 F8148.1 X127.052 Y114.169 E651.12415
G1 F8319.3 X127.265 Y114.181 E651.13217
G1 F8722.5 X127.442 Y114.19 E651.13853
G1 F8959.3 X128.528 Y114.192 E651.17645
G1 F9000 X128.528 Y109.804 E651.32896
G1 X127.63 Y109.804 E651.36017
G1 F8741.7 X127.372 Y109.817 E651.36941
G1 F8319.3 X126.979 Y109.827 E651.3842
G1 F8131.4 X126.164 Y109.828 E651.41555
G1 F8534.5 X125.28 Y109.804 E651.44796
G1 F9000 X96.748 Y109.804 E652.43964
G1 X96.615 Y109.76 E652.44451
G1 X96.531 Y109.622 E652.45013
G1 X96.528 Y108.501 E652.48909
G1 X95.468 Y108.504 E652.52593
G1 X95.468 Y115.496 E652.76895
G1 X96.528 Y115.496 E652.80579
G1 X96.528 Y114.416 E652.84333
G1 X96.615 Y114.24 E652.85016
G0 F15000 X96.748 Y113.756
;TYPE:WALL-INNER
G1 F10500 X125.896 Y113.752 E653.86325
G1 X125.588 Y113.444 E653.87839
G1 X125.588 Y110.552 E653.9789
G1 X125.847 Y110.244 E653.99289
G1 X96.748 Y110.244 E655.00428
G1 X96.351 Y110.112 E655.01882
G1 F8619.4 X96.003 Y109.714 E655.04121
G1 X95.908 Y110.334 E655.06776
G1 F10500 X95.908 Y113.666 E655.18357
G1 F8717 X95.998 Y114.416 E655.2152
G1 X96.351 Y113.888 E655.24179
G1 F10500 X96.748 Y113.756 E655.25633
G1 F2400 E654.75633
G0 F15000 X95.998 Y114.416
G1 F2400 E655.25633
G1 F7451.6 X95.998 Y114.966 E655.28327
G1 F2400 E654.78327
G0 F15000 X96.003 Y109.714
G1 F2400 E655.28327
G1 F7380.2 X95.998 Y109.032 E655.31699
G1 F2400 E654.81699
G0 F15000 X127.986 Y110.346
G1 F2400 E655.31699
G1 F8006.9 X128.053 Y110.573 E655.32778
G1 F9914.2 X128.097 Y110.783 E655.33568
G1 F11696.2 X128.124 Y111.047 E655.34396
G1 F12486.5 X128.123 Y111.548 E655.3586
G1 F12320 X128.121 Y112.049 E655.37344
G1 F12190 X128.119 Y112.55 E655.38844
G1 F12031.2 X128.117 Y113.051 E655.40364
G1 F10669.7 X128.068 Y113.356 E655.4142
G1 F8508.3 X128.005 Y113.607 E655.4253
G1 F7427.7 X127.989 Y113.653 E655.4277
G1 F2400 E654.9277
G0 F15000 X121.399 Y113.357
;TYPE:FILL
G1 F2400 E655.4277
G1 F15000 X122.127 Y110.64 E655.52546
G1 X123.976 Y110.64 E655.58973
G1 X125.192 Y111.856 E655.6495
G1 X125.191 Y112.37 E655.66736
G1 X121.507 Y113.357 E655.79992
G1 X121.358 Y113.356 E655.8051
G1 X118.642 Y110.64 E655.9386
G1 X118.222 Y110.64 E655.9532
G1 X117.494 Y113.357 E656.05097
G1 X116.024 Y113.357 E656.10206
G1 X113.307 Y110.64 E656.23561
G1 X112.364 Y110.639 E656.26839
G1 X111.636 Y113.358 E656.36622
G1 X110.691 Y113.358 E656.39906
G1 X107.973 Y110.64 E656.53266
G1 X106.507 Y110.639 E656.58362
G1 X105.778 Y113.359 E656.68149
G1 X105.357 Y113.359 E656.69612
G1 X102.639 Y110.64 E656.82975
G1 X102.602 Y110.639 E656.83104
G1 X101.873 Y113.359 E656.92891
G1 X100.024 Y113.36 E656.99318
G1 X97.304 Y110.64 E657.12687
G1 X96.744 Y110.639 E657.14634
G1 X96.298 Y112.301 E657.20615
G1 X97.357 Y113.36 E657.2582
G1 X97.967 Y113.36 E657.2794
G1 X98.696 Y110.639 E657.37731
G1 X99.971 Y110.64 E657.42163
G1 X102.69 Y113.359 E657.55527
G1 X103.825 Y113.36 E657.59472
G1 X104.554 Y110.64 E657.6926
G1 X105.306 Y110.64 E657.71874
G1 X108.024 Y113.358 E657.85234
G1 X109.683 Y113.359 E657.91
G1 X110.412 Y110.64 E658.00784
G1 X110.64 Y110.64 E658.01576
G1 X113.358 Y113.358 E658.14936
G1 X113.588 Y113.357 E658.15736
G1 X114.317 Y110.639 E658.25517
G1 X115.975 Y110.64 E658.31279
G1 X118.691 Y113.357 E658.44632
G1 X119.446 Y113.357 E658.47256
G1 X120.174 Y110.639 E658.57036
G1 X121.309 Y110.64 E658.60981
G1 X123.223 Y112.554 E658.70389
G1 X123.439 Y113.356 E658.73276
G1 X123.833 Y113.356 E658.74645
G1 X123.592 Y112.458 E658.77877
G1 X124.413 Y110.626 E658.84854
G1 X114.217 Y113.358 E659.21542
G1 X115.541 Y113.358 E659.26144
G1 X116.707 Y110.64 E659.36424
G1 X117.074 Y110.64 E659.37699
G1 X107.83 Y113.358 E659.71189
G1 X107.731 Y113.358 E659.71533
G1 X108.459 Y110.639 E659.81316
G1 X109.788 Y110.64 E659.85935
G1 X100.128 Y113.36 E660.20816
G1 X99.92 Y113.36 E660.21539
G1 X100.649 Y110.639 E660.3133
G1 X102.5 Y110.64 E660.37763
G1 X96.305 Y112.3 E660.60055
G1 X96.199 Y112.328
G1 F2400 E660.10055
;MESH:Pin 5mm - AKM.STL(2)
G0 F15000 X96.615 Y104.24
;TYPE:WALL-OUTER
G1 F2400 E660.60055
G1 F9000 X96.748 Y104.196 E660.60541
G1 X125.28 Y104.192 E661.5971
G1 F8571.4 X126.248 Y104.17 E661.63243
G1 F8148.1 X127.052 Y104.169 E661.6633
G1 F8319.3 X127.265 Y104.181 E661.67132
G1 F8722.5 X127.442 Y104.19 E661.67768
G1 F8959.3 X128.528 Y104.192 E661.71559
G1 F9000 X128.528 Y99.804 E661.86811
G1 X127.63 Y99.804 E661.89932
G1 F8741.7 X127.372 Y99.817 E661.90856
G1 F8319.3 X126.979 Y99.827 E661.92334
G1 F8131.4 X126.164 Y99.828 E661.9547
G1 F8534.5 X125.28 Y99.804 E661.98711
G1 F9000 X96.748 Y99.804 E662.97879
G1 X96.615 Y99.76 E662.98366
G1 X96.531 Y99.622 E662.98928
G1 X96.528 Y98.501 E663.02824
G1 X95.468 Y98.504 E663.06508
G1 X95.468 Y105.496 E663.3081
G1 X96.528 Y105.496 E663.34494
G1 X96.528 Y104.416 E663.38248
G1 X96.615 Y104.24 E663.3893
G1 F2400 E662.8893
G0 F15000 X126.248 Y103.686
G1 F2400 E663.3893
G1 F8571.4 X126.028 Y103.444 E663.40124
G1 F9000 X126.028 Y100.552 E663.50176
G1 F8534.5 X126.206 Y100.311 E663.51274
G1 F8081.6 X127.042 Y100.313 E663.5451
G1 F8250 X127.273 Y100.411 E663.55461
G1 F8741.7 X127.581 Y100.705 E663.56985
G1 F9000 X127.72 Y100.993 E663.58096
G1 X127.71 Y102.962 E663.6494
G1 X127.594 Y103.284 E663.6613
G1 X127.457 Y103.442 E663.66856
G1 F8761.1 X127.19 Y103.624 E663.6801
G1 F8319.3 X127.01 Y103.685 E663.68725
G1 F8148.1 X126.248 Y103.686 E663.7165
G1 F2400 E663.2165
G0 F15000 X127.989 Y103.653
;TYPE:WALL-INNER
G1 F2400 E663.7165
G1 F7427.7 X128.005 Y103.607 E663.71889
G1 F8508.3 X128.068 Y103.356 E663.72999
G1 F10669.7 X128.116 Y103.052 E663.74052
G1 F12031.2 X128.117 Y102.551 E663.75572
G1 F12190 X128.119 Y102.05 E663.77072
G1 F12320 X128.121 Y101.549 E663.78556
G1 F12486.5 X128.123 Y101.048 E663.8002
G1 F11696.2 X128.097 Y100.783 E663.80851
G1 F9914.2 X128.053 Y100.573 E663.81641
G1 F8006.9 X127.986 Y100.346 E663.8272
G1 F2400 E663.3272
G0 F15000 X96.748 Y103.756
G1 F2400 E663.8272
G1 F10500 X125.896 Y103.752 E664.84029
G1 X125.588 Y103.444 E664.85543
G1 X125.588 Y100.552 E664.95594
G1 X125.847 Y100.244 E664.96993
G1 X96.748 Y100.244 E665.98132
G1 X96.351 Y100.112 E665.99586
G1 F8619.4 X96.003 Y99.714 E666.01825
G1 X95.908 Y100.334 E666.0448
G1 F10500 X95.908 Y103.666 E666.16061
G1 F8717 X95.998 Y104.416 E666.19224
G1 X96.351 Y103.888 E666.21883
G1 F10500 X96.748 Y103.756 E666.23337
G1 F2400 E665.73337
G0 F15000 X95.998 Y104.416
G1 F2400 E666.23337
G1 F7451.6 X95.998 Y104.966 E666.26031
G1 F2400 E665.76031
G0 F15000 X96.003 Y99.714
G1 F2400 E666.26031
G1 F7380.2 X95.998 Y99.032 E666.29403
G1 F2400 E665.79403
G0 F15000 X96.305 Y102.3
;TYPE:FILL
G1 F2400 E666.29403
G1 F15000 X102.503 Y100.639 E666.51706
G1 X100.649 Y100.639 E666.5815
G1 X99.92 Y103.36 E666.6794
G1 X100.127 Y103.361 E666.6866
G1 X109.789 Y100.64 E667.03548
G1 X108.459 Y100.64 E667.08171
G1 X107.731 Y103.359 E667.17954
G1 X107.829 Y103.359 E667.18295
G1 X117.076 Y100.64 E667.51795
G1 X116.707 Y100.64 E667.53078
G1 X115.541 Y103.358 E667.63357
G1 X114.221 Y103.357 E667.67945
G1 X124.413 Y100.626 E668.04619
G1 X123.592 Y102.458 E668.11596
G1 X123.833 Y103.356 E668.14828
G1 X123.439 Y103.356 E668.16197
G1 X123.223 Y102.554 E668.19084
G1 X121.309 Y100.64 E668.28492
G1 X120.174 Y100.64 E668.32437
G1 X119.446 Y103.358 E668.42217
G1 X118.691 Y103.357 E668.44841
G1 X115.975 Y100.64 E668.58194
G1 X114.317 Y100.64 E668.63956
G1 X113.588 Y103.358 E668.73737
G1 X113.358 Y103.358 E668.74537
G1 X110.64 Y100.64 E668.87897
G1 X110.412 Y100.64 E668.88689
G1 X109.683 Y103.359 E668.98473
G1 X108.024 Y103.359 E669.04239
G1 X105.306 Y100.64 E669.17602
G1 X104.554 Y100.64 E669.20216
G1 X103.825 Y103.36 E669.30003
G1 X102.69 Y103.359 E669.33948
G1 X99.971 Y100.64 E669.47313
G1 X98.697 Y100.64 E669.51741
G1 X97.967 Y103.361 E669.61533
G1 X97.356 Y103.359 E669.63656
G1 X96.299 Y102.302 E669.68852
G1 X96.744 Y100.639 E669.74835
G1 X97.304 Y100.64 E669.76782
G1 X100.023 Y103.359 E669.90146
G1 X101.873 Y103.36 E669.96576
G1 X102.602 Y100.639 E670.06367
G1 X102.639 Y100.64 E670.06496
G1 X105.357 Y103.359 E670.19858
G1 X105.778 Y103.359 E670.21322
G1 X106.507 Y100.639 E670.31109
G1 X107.973 Y100.64 E670.36205
G1 X110.69 Y103.358 E670.49562
G1 X111.636 Y103.358 E670.5285
G1 X112.364 Y100.639 E670.62633
G1 X113.307 Y100.64 E670.65911
G1 X116.024 Y103.357 E670.79266
G1 X117.494 Y103.357 E670.84375
G1 X118.222 Y100.64 E670.94152
G1 X118.642 Y100.64 E670.95611
G1 X121.358 Y103.356 E671.08962
G1 X121.512 Y103.356 E671.09497
G1 X125.192 Y102.37 E671.22739
G1 X125.192 Y101.856 E671.24525
G1 X123.976 Y100.64 E671.30502
G1 X122.127 Y100.64 E671.36929
G1 X121.399 Y103.357 E671.46705
G1 X121.371 Y103.463
G1 F2400 E670.96705
;MESH:Pin Lock 5mm.STL(1)
G0 F15000 X114.25 Y93.178
;TYPE:WALL-OUTER
G1 F2400 E671.46705
G1 F7920 X114.25 Y90.818 E671.56026
G1 X113.75 Y90.818 E671.58001
G1 X113.75 Y93.178 E671.67322
G1 X114.25 Y93.178 E671.69297
G1 F2400 E671.19297
;MESH:Pin Lock 5mm.STL(3)
G0 F15000 X104.25 Y93.178
G1 F2400 E671.69297
G1 F7920 X104.25 Y90.818 E671.78618
G1 X103.75 Y90.818 E671.80593
G1 X103.75 Y93.178 E671.89914
G1 X104.25 Y93.178 E671.91889
G1 F2400 E671.41889
;MESH:Pin Lock 5mm.STL(5)
G0 F15000 X124.25 Y93.178
G1 F2400 E671.91889
G1 F7920 X124.25 Y90.818 E672.0121
G1 X123.75 Y90.818 E672.03185
G1 X123.75 Y93.178 E672.12506
G1 X124.25 Y93.178 E672.14481
G1 F2400 E671.64481
;MESH:Pin 5mm - AKM.STL(5)
G0 F15000 X136.615 Y94.24
G1 F2400 E672.14481
G1 F9000 X136.748 Y94.196 E672.14968
G1 X165.28 Y94.192 E673.14136
G1 F8571.4 X166.248 Y94.17 E673.1767
G1 F8148.1 X167.052 Y94.169 E673.20756
G1 F8319.3 X167.265 Y94.181 E673.21559
G1 F8722.5 X167.442 Y94.19 E673.22194
G1 F8959.3 X168.528 Y94.192 E673.25986
G1 F9000 X168.528 Y89.804 E673.41237
G1 X167.63 Y89.804 E673.44358
G1 F8741.7 X167.372 Y89.817 E673.45283
G1 F8319.3 X166.979 Y89.827 E673.46761
G1 F8131.4 X166.164 Y89.828 E673.49896
G1 F8534.5 X165.28 Y89.804 E673.53137
G1 F9000 X136.748 Y89.804 E674.52306
G1 X136.615 Y89.76 E674.52793
G1 X136.531 Y89.622 E674.53354
G1 X136.528 Y88.501 E674.5725
G1 X135.468 Y88.504 E674.60935
G1 X135.468 Y95.496 E674.85237
G1 X136.528 Y95.496 E674.88921
G1 X136.528 Y94.416 E674.92675
G1 X136.615 Y94.24 E674.93357
G1 F2400 E674.43357
G0 F15000 X166.248 Y93.686
G1 F2400 E674.93357
G1 F8571.4 X166.028 Y93.444 E674.9455
G1 F9000 X166.028 Y90.552 E675.04602
G1 F8534.5 X166.206 Y90.311 E675.057
G1 F8081.6 X167.042 Y90.313 E675.08936
G1 F8250 X167.273 Y90.411 E675.09888
G1 F8741.7 X167.581 Y90.705 E675.11411
G1 F9000 X167.72 Y91.046 E675.12691
G1 X167.71 Y92.962 E675.19351
G1 X167.594 Y93.284 E675.2054
G1 X167.457 Y93.442 E675.21267
G1 F8761.1 X167.19 Y93.624 E675.22421
G1 F8319.3 X167.01 Y93.685 E675.23135
G1 F8148.1 X166.248 Y93.686 E675.26061
G1 F2400 E674.76061
G0 F15000 X167.989 Y93.653
;TYPE:WALL-INNER
G1 F2400 E675.26061
G1 F7427.7 X168.005 Y93.607 E675.263
G1 F8508.3 X168.068 Y93.356 E675.2741
G1 F10669.7 X168.116 Y93.052 E675.28463
G1 F12031.2 X168.117 Y92.551 E675.29982
G1 F12190 X168.119 Y92.05 E675.31482
G1 F12320 X168.121 Y91.549 E675.32966
G1 F12486.5 X168.123 Y91.048 E675.34431
G1 F11696.2 X168.097 Y90.783 E675.35262
G1 F9914.2 X168.053 Y90.573 E675.36051
G1 F8006.9 X167.986 Y90.346 E675.3713
G1 F2400 E674.8713
G0 F15000 X136.748 Y93.756
G1 F2400 E675.3713
G1 F10500 X165.896 Y93.752 E676.38439
G1 X165.588 Y93.444 E676.39953
G1 X165.588 Y90.552 E676.50005
G1 X165.847 Y90.244 E676.51404
G1 X136.748 Y90.244 E677.52543
G1 X136.351 Y90.112 E677.53997
G1 F8619.4 X136.003 Y89.714 E677.56235
G1 X135.908 Y90.334 E677.58891
G1 F10500 X135.908 Y93.666 E677.70472
G1 F8717 X135.998 Y94.416 E677.73634
G1 X136.351 Y93.888 E677.76293
G1 F10500 X136.748 Y93.756 E677.77748
G1 F2400 E677.27748
G0 F15000 X135.998 Y94.416
G1 F2400 E677.77748
G1 F7451.6 X135.998 Y94.966 E677.80441
G1 F2400 E677.30441
G0 F15000 X136.003 Y89.714
G1 F2400 E677.80441
G1 F7380.2 X135.998 Y89.032 E677.83814
G1 F2400 E677.33814
G0 F15000 X136.304 Y92.3
;TYPE:FILL
G1 F2400 E677.83814
G1 F15000 X142.5 Y90.64 E678.06109
G1 X140.649 Y90.639 E678.12542
G1 X139.92 Y93.36 E678.22333
G1 X140.128 Y93.36 E678.23056
G1 X149.787 Y90.64 E678.57933
G1 X148.459 Y90.64 E678.62549
G1 X147.731 Y93.359 E678.72332
G1 X147.829 Y93.359 E678.72673
G1 X157.074 Y90.64 E679.06166
G1 X156.707 Y90.64 E679.07442
G1 X155.541 Y93.358 E679.17722
G1 X154.217 Y93.358 E679.22323
G1 X164.413 Y90.626 E679.59012
G1 X163.592 Y92.46 E679.65996
G1 X163.832 Y93.356 E679.6922
G1 X163.44 Y93.357 E679.70582
G1 X163.226 Y92.558 E679.73457
G1 X161.309 Y90.64 E679.82882
G1 X160.175 Y90.64 E679.86824
G1 X159.446 Y93.358 E679.96604
G1 X158.69 Y93.356 E679.99232
G1 X155.974 Y90.64 E680.12582
G1 X154.317 Y90.64 E680.18341
G1 X153.589 Y93.358 E680.28121
G1 X153.357 Y93.357 E680.28928
G1 X150.64 Y90.64 E680.42283
G1 X150.412 Y90.64 E680.43075
G1 X149.683 Y93.359 E680.52859
G1 X148.023 Y93.358 E680.58629
G1 X145.305 Y90.64 E680.71989
G1 X144.554 Y90.64 E680.74599
G1 X143.825 Y93.36 E680.84387
G1 X142.689 Y93.359 E680.88335
G1 X139.971 Y90.64 E681.01697
G1 X138.697 Y90.64 E681.06125
G1 X137.968 Y93.361 E681.15916
G1 X137.355 Y93.359 E681.18047
G1 X136.303 Y92.307 E681.23218
G1 X136.744 Y90.639 E681.29214
G1 X137.304 Y90.64 E681.31161
G1 X140.023 Y93.359 E681.44526
G1 X141.873 Y93.36 E681.50956
G1 X142.602 Y90.64 E681.60743
G1 X142.638 Y90.64 E681.60868
G1 X145.356 Y93.359 E681.74231
G1 X145.778 Y93.359 E681.75698
G1 X146.507 Y90.639 E681.85485
G1 X147.973 Y90.64 E681.9058
G1 X150.69 Y93.358 E682.03938
G1 X151.636 Y93.358 E682.07226
G1 X152.365 Y90.639 E682.1701
G1 X153.307 Y90.64 E682.20284
G1 X156.023 Y93.356 E682.33634
G1 X157.494 Y93.357 E682.38747
G1 X158.222 Y90.64 E682.48524
G1 X158.642 Y90.64 E682.49983
G1 X161.357 Y93.356 E682.63331
G1 X161.508 Y93.357 E682.63856
G1 X165.192 Y92.37 E682.77112
G1 X165.192 Y91.857 E682.78895
G1 X163.976 Y90.64 E682.84874
G1 X162.127 Y90.64 E682.91301
G1 X161.399 Y93.357 E683.01077
G1 X161.371 Y93.463
G1 F2400 E682.51077
;MESH:Pin 5mm - AKM.STL(3)
G0 F15000 X166.248 Y103.686
;TYPE:WALL-OUTER
G1 F2400 E683.01077
G1 F8571.4 X166.028 Y103.444 E683.02271
G1 F9000 X166.028 Y100.552 E683.12323
G1 F8534.5 X166.206 Y100.311 E683.13421
G1 F8081.6 X167.042 Y100.313 E683.16657
G1 F8250 X167.273 Y100.411 E683.17608
G1 F8741.7 X167.581 Y100.705 E683.19132
G1 F9000 X167.72 Y100.993 E683.20243
G1 X167.71 Y102.962 E683.27087
G1 X167.594 Y103.284 E683.28277
G1 X167.457 Y103.442 E683.29003
G1 F8761.1 X167.19 Y103.624 E683.30157
G1 F8319.3 X167.01 Y103.685 E683.30872
G1 F8148.1 X166.248 Y103.686 E683.33797
G1 F2400 E682.83797
G0 F15000 X136.615 Y104.24
G1 F2400 E683.33797
G1 F9000 X136.748 Y104.196 E683.34284
G1 X165.28 Y104.192 E684.33452
G1 F8571.4 X166.248 Y104.17 E684.36986
G1 F8148.1 X167.052 Y104.169 E684.40072
G1 F8319.3 X167.265 Y104.181 E684.40875
G1 F8722.5 X167.442 Y104.19 E684.4151
G1 F8959.3 X168.528 Y104.192 E684.45302
G1 F9000 X168.528 Y99.804 E684.60553
G1 X167.63 Y99.804 E684.63674
G1 F8741.7 X167.372 Y99.817 E684.64599
G1 F8319.3 X166.979 Y99.827 E684.66077
G1 F8131.4 X166.164 Y99.828 E684.69212
G1 F8534.5 X165.28 Y99.804 E684.72454
G1 F9000 X136.748 Y99.804 E685.71622
G1 X136.615 Y99.76 E685.72109
G1 X136.531 Y99.622 E685.7267
G1 X136.528 Y98.501 E685.76566
G1 X135.468 Y98.504 E685.80251
G1 X135.468 Y105.496 E686.04553
G1 X136.528 Y105.496 E686.08237
G1 X136.528 Y104.416 E686.11991
G1 X136.615 Y104.24 E686.12673
G0 F15000 X136.748 Y103.756
;TYPE:WALL-INNER
G1 F10500 X165.896 Y103.752 E687.13982
G1 X165.588 Y103.444 E687.15496
G1 X165.588 Y100.552 E687.25548
G1 X165.847 Y100.244 E687.26947
G1 X136.748 Y100.244 E688.28085
G1 X136.351 Y100.112 E688.2954
G1 F8619.4 X136.003 Y99.714 E688.31778
G1 X135.908 Y100.334 E688.34434
G1 F10500 X135.908 Y103.666 E688.46015
G1 F8717 X135.998 Y104.416 E688.49177
G1 X136.351 Y103.888 E688.51836
G1 F10500 X136.748 Y103.756 E688.5329
G1 F2400 E688.0329
G0 F15000 X135.998 Y104.416
G1 F2400 E688.5329
G1 F7451.6 X135.998 Y104.966 E688.55984
G1 F2400 E688.05984
G0 F15000 X136.003 Y99.714
G1 F2400 E688.55984
G1 F7380.2 X135.998 Y99.032 E688.59357
G1 F2400 E688.09357
G0 F15000 X167.986 Y100.346
G1 F2400 E688.59357
G1 F8006.9 X168.053 Y100.573 E688.60435
G1 F9914.2 X168.097 Y100.783 E688.61225
G1 F11696.2 X168.124 Y101.047 E688.62053
G1 F12486.5 X168.123 Y101.548 E688.63518
G1 F12320 X168.121 Y102.049 E688.65002
G1 F12190 X168.119 Y102.55 E688.66502
G1 F12031.2 X168.117 Y103.051 E688.68021
G1 F10669.7 X168.068 Y103.356 E688.69078
G1 F8508.3 X168.005 Y103.607 E688.70188
G1 F7427.7 X167.989 Y103.653 E688.70427
G1 F2400 E688.20427
G0 F15000 X161.399 Y103.357
;TYPE:FILL
G1 F2400 E688.70427
G1 F15000 X162.127 Y100.64 E688.80204
G1 X163.976 Y100.64 E688.8663
G1 X165.192 Y101.857 E688.9261
G1 X165.192 Y102.369 E688.94389
G1 X161.508 Y103.356 E689.07645
G1 X161.357 Y103.356 E689.0817
G1 X158.642 Y100.64 E689.21518
G1 X158.222 Y100.64 E689.22978
G1 X157.494 Y103.357 E689.32754
G1 X156.023 Y103.356 E689.37867
G1 X153.307 Y100.64 E689.51217
G1 X152.364 Y100.639 E689.54495
G1 X151.636 Y103.358 E689.64278
G1 X150.69 Y103.358 E689.67566
G1 X147.973 Y100.64 E689.80923
G1 X146.507 Y100.639 E689.86019
G1 X145.778 Y103.359 E689.95806
G1 X145.356 Y103.359 E689.97273
G1 X142.638 Y100.64 E690.10635
G1 X142.602 Y100.639 E690.10761
G1 X141.873 Y103.359 E690.20548
G1 X140.023 Y103.359 E690.26978
G1 X137.304 Y100.64 E690.40343
G1 X136.744 Y100.639 E690.42289
G1 X136.303 Y102.307 E690.48286
G1 X137.355 Y103.359 E690.53457
G1 X137.967 Y103.361 E690.55584
G1 X138.697 Y100.64 E690.65376
G1 X139.971 Y100.64 E690.69804
G1 X142.689 Y103.359 E690.83166
G1 X143.825 Y103.36 E690.87115
G1 X144.554 Y100.64 E690.96902
G1 X145.305 Y100.64 E690.99512
G1 X148.023 Y103.358 E691.12872
G1 X149.683 Y103.359 E691.18642
G1 X150.412 Y100.64 E691.28426
G1 X150.64 Y100.64 E691.29219
G1 X153.357 Y103.357 E691.42574
G1 X153.589 Y103.357 E691.4338
G1 X154.317 Y100.639 E691.5316
G1 X155.974 Y100.64 E691.58919
G1 X158.69 Y103.356 E691.72269
G1 X159.446 Y103.358 E691.74897
G1 X160.174 Y100.639 E691.8468
G1 X161.309 Y100.64 E691.88625
G1 X163.225 Y102.556 E691.98043
G1 X163.439 Y103.356 E692.00921
G1 X163.832 Y103.356 E692.02287
G1 X163.591 Y102.46 E692.05512
G1 X164.413 Y100.625 E692.12501
G1 X154.217 Y103.358 E692.4919
G1 X155.541 Y103.358 E692.53791
G1 X156.706 Y100.64 E692.6407
G1 X157.072 Y100.64 E692.65342
G1 X147.829 Y103.358 E692.98828
G1 X147.731 Y103.358 E692.99168
G1 X148.459 Y100.639 E693.08951
G1 X149.785 Y100.64 E693.1356
G1 X140.128 Y103.36 E693.48431
G1 X139.92 Y103.36 E693.49154
G1 X140.649 Y100.639 E693.58945
G1 X142.499 Y100.64 E693.65375
G1 X136.305 Y102.3 E693.87663
G1 X136.199 Y102.328
G1 F2400 E693.37663
;MESH:Pin 5mm - AKM.STL(1)
G0 F15000 X136.615 Y114.24
;TYPE:WALL-OUTER
G1 F2400 E693.87663
G1 F9000 X136.748 Y114.196 E693.8815
G1 X165.28 Y114.192 E694.87318
G1 F8571.4 X166.248 Y114.17 E694.90852
G1 F8148.1 X167.052 Y114.169 E694.93938
G1 F8319.3 X167.265 Y114.181 E694.9474
G1 F8722.5 X167.442 Y114.19 E694.95376
G1 F8959.3 X168.528 Y114.192 E694.99168
G1 F9000 X168.528 Y109.804 E695.14419
G1 X167.63 Y109.804 E695.1754
G1 F8741.7 X167.372 Y109.817 E695.18465
G1 F8319.3 X166.979 Y109.827 E695.19943
G1 F8131.4 X166.164 Y109.828 E695.23078
G1 F8534.5 X165.28 Y109.804 E695.26319
G1 F9000 X136.748 Y109.804 E696.25487
G1 X136.615 Y109.76 E696.25974
G1 X136.531 Y109.622 E696.26536
G1 X136.528 Y108.501 E696.30432
G1 X135.468 Y108.504 E696.34116
G1 X135.468 Y115.496 E696.58418
G1 X136.528 Y115.496 E696.62103
G1 X136.528 Y114.416 E696.65856
G1 X136.615 Y114.24 E696.66539
G1 F2400 E696.16539
G0 F15000 X166.248 Y113.686
G1 F2400 E696.66539
G1 F8571.4 X166.028 Y113.444 E696.67732
G1 F9000 X166.028 Y110.552 E696.77784
G1 F8534.5 X166.206 Y110.311 E696.78882
G1 F8081.6 X167.042 Y110.313 E696.82118
G1 F8250 X167.273 Y110.411 E696.83069
G1 F8741.7 X167.581 Y110.705 E696.84593
G1 F9000 X167.72 Y111.046 E696.85873
G1 X167.71 Y112.962 E696.92532
G1 X167.594 Y113.284 E696.93722
G1 X167.457 Y113.442 E696.94449
G1 F8761.1 X167.19 Y113.624 E696.95603
G1 F8319.3 X167.01 Y113.685 E696.96317
G1 F8148.1 X166.248 Y113.686 E696.99243
G1 F2400 E696.49243
G0 F15000 X167.989 Y113.653
;TYPE:WALL-INNER
G1 F2400 E696.99243
G1 F7427.7 X168.005 Y113.607 E696.99482
G1 F8508.3 X168.068 Y113.356 E697.00592
G1 F10669.7 X168.116 Y113.052 E697.01645
G1 F12031.2 X168.117 Y112.551 E697.03164
G1 F12190 X168.119 Y112.05 E697.04664
G1 F12320 X168.121 Y111.549 E697.06148
G1 F12486.5 X168.123 Y111.048 E697.07613
G1 F11696.2 X168.097 Y110.783 E697.08443
G1 F9914.2 X168.053 Y110.573 E697.09233
G1 F8006.9 X167.986 Y110.346 E697.10312
G1 F2400 E696.60312
G0 F15000 X136.748 Y113.756
G1 F2400 E697.10312
G1 F10500 X165.896 Y113.752 E698.11621
G1 X165.588 Y113.444 E698.13135
G1 X165.588 Y110.552 E698.23187
G1 X165.847 Y110.244 E698.24586
G1 X136.748 Y110.244 E699.25724
G1 X136.351 Y110.112 E699.27179
G1 F8619.4 X136.003 Y109.714 E699.29417
G1 X135.908 Y110.334 E699.32073
G1 F10500 X135.908 Y113.666 E699.43654
G1 F8717 X135.998 Y114.416 E699.46816
G1 X136.351 Y113.888 E699.49475
G1 F10500 X136.748 Y113.756 E699.50929
G1 F2400 E699.00929
G0 F15000 X135.998 Y114.416
G1 F2400 E699.50929
G1 F7451.6 X135.998 Y114.966 E699.53623
G1 F2400 E699.03623
G0 F15000 X136.003 Y109.714
G1 F2400 E699.53623
G1 F7380.2 X135.998 Y109.032 E699.56996
G1 F2400 E699.06996
G0 F15000 X136.305 Y112.3
;TYPE:FILL
G1 F2400 E699.56996
G1 F15000 X142.5 Y110.64 E699.79287
G1 X140.649 Y110.64 E699.85721
G1 X139.92 Y113.36 E699.95508
G1 X140.127 Y113.361 E699.96228
G1 X149.788 Y110.64 E700.31113
G1 X148.459 Y110.64 E700.35732
G1 X147.73 Y113.359 E700.45516
G1 X147.828 Y113.359 E700.45857
G1 X157.074 Y110.64 E700.79353
G1 X156.708 Y110.64 E700.80626
G1 X155.541 Y113.357 E700.90903
G1 X154.221 Y113.357 E700.95491
G1 X164.413 Y110.626 E701.32165
G1 X163.591 Y112.46 E701.3915
G1 X163.832 Y113.356 E701.42375
G1 X163.44 Y113.357 E701.43738
G1 X163.225 Y112.556 E701.4662
G1 X161.309 Y110.64 E701.56038
G1 X160.174 Y110.639 E701.59983
G1 X159.446 Y113.357 E701.69763
G1 X158.69 Y113.356 E701.72391
G1 X155.974 Y110.64 E701.85741
G1 X154.316 Y110.64 E701.91503
G1 X153.588 Y113.358 E702.01283
G1 X153.357 Y113.357 E702.02086
G1 X150.64 Y110.64 E702.15441
G1 X150.412 Y110.639 E702.16234
G1 X149.683 Y113.358 E702.26018
G1 X148.023 Y113.358 E702.31787
G1 X145.305 Y110.64 E702.45147
G1 X144.554 Y110.639 E702.47758
G1 X143.825 Y113.359 E702.57545
G1 X142.689 Y113.358 E702.61494
G1 X139.971 Y110.64 E702.74853
G1 X138.696 Y110.64 E702.79285
G1 X137.967 Y113.36 E702.89072
G1 X137.355 Y113.359 E702.912
G1 X136.303 Y112.307 E702.96371
G1 X136.744 Y110.64 E703.02364
G1 X137.304 Y110.64 E703.0431
G1 X140.023 Y113.359 E703.17675
G1 X141.872 Y113.36 E703.24102
G1 X142.601 Y110.64 E703.33889
G1 X142.638 Y110.64 E703.34018
G1 X145.356 Y113.358 E703.47378
G1 X145.778 Y113.359 E703.48844
G1 X146.506 Y110.64 E703.58628
G1 X147.973 Y110.64 E703.63727
G1 X150.69 Y113.358 E703.77084
G1 X151.635 Y113.359 E703.80369
G1 X152.364 Y110.64 E703.90153
G1 X153.307 Y110.64 E703.9343
G1 X156.023 Y113.356 E704.0678
G1 X157.493 Y113.358 E704.1189
G1 X158.222 Y110.64 E704.2167
G1 X158.642 Y110.64 E704.2313
G1 X161.357 Y113.356 E704.36478
G1 X161.512 Y113.356 E704.37017
G1 X165.191 Y112.37 E704.50255
G1 X165.192 Y111.857 E704.52038
G1 X163.976 Y110.64 E704.58018
G1 X162.127 Y110.639 E704.64444
G1 X161.398 Y113.358 E704.74228
G1 X161.37 Y113.464
G1 F2400 E704.24228
;MESH:Pin 5mm - AKM.STL(7)
G0 F15000 X166.248 Y123.686
;TYPE:WALL-OUTER
G1 F2400 E704.74228
G1 F8571.4 X166.028 Y123.444 E704.75422
G1 F9000 X166.028 Y120.552 E704.85473
G1 F8534.5 X166.206 Y120.311 E704.86572
G1 F8081.6 X167.042 Y120.313 E704.89807
G1 F8250 X167.273 Y120.411 E704.90759
G1 F8741.7 X167.581 Y120.705 E704.92283
G1 F9000 X167.72 Y120.993 E704.93394
G1 X167.71 Y122.962 E705.00238
G1 X167.594 Y123.284 E705.01427
G1 X167.457 Y123.442 E705.02154
G1 F8761.1 X167.19 Y123.624 E705.03308
G1 F8319.3 X167.01 Y123.685 E705.04023
G1 F8148.1 X166.248 Y123.686 E705.06948
G1 F2400 E704.56948
G0 F15000 X136.615 Y124.24
G1 F2400 E705.06948
G1 F9000 X136.748 Y124.196 E705.07435
G1 X165.28 Y124.192 E706.06603
G1 F8571.4 X166.248 Y124.17 E706.10137
G1 F8148.1 X167.052 Y124.169 E706.13223
G1 F8319.3 X167.265 Y124.181 E706.14025
G1 F8722.5 X167.442 Y124.19 E706.14661
G1 F8959.3 X168.528 Y124.192 E706.18453
G1 F9000 X168.528 Y119.804 E706.33704
G1 X167.63 Y119.804 E706.36825
G1 F8741.7 X167.372 Y119.817 E706.3775
G1 F8319.3 X166.979 Y119.827 E706.39228
G1 F8131.4 X166.164 Y119.828 E706.42363
G1 F8534.5 X165.28 Y119.804 E706.45604
G1 F9000 X136.748 Y119.804 E707.44773
G1 X136.615 Y119.76 E707.45259
G1 X136.531 Y119.622 E707.45821
G1 X136.528 Y118.501 E707.49717
G1 X135.468 Y118.504 E707.53401
G1 X135.468 Y125.496 E707.77703
G1 X136.528 Y125.496 E707.81388
G1 X136.528 Y124.416 E707.85141
G1 X136.615 Y124.24 E707.85824
G0 F15000 X136.748 Y123.756
;TYPE:WALL-INNER
G1 F10500 X165.896 Y123.752 E708.87133
G1 X165.588 Y123.444 E708.88647
G1 X165.588 Y120.552 E708.98699
G1 X165.847 Y120.244 E709.00097
G1 X136.748 Y120.244 E710.01236
G1 X136.351 Y120.112 E710.0269
G1 F8619.4 X136.003 Y119.714 E710.04929
G1 X135.908 Y120.334 E710.07585
G1 F10500 X135.908 Y123.666 E710.19166
G1 F8717 X135.998 Y124.416 E710.22328
G1 X136.351 Y123.888 E710.24987
G1 F10500 X136.748 Y123.756 E710.26441
G1 F2400 E709.76441
G0 F15000 X135.998 Y124.416
G1 F2400 E710.26441
G1 F7451.6 X135.998 Y124.966 E710.29135
G1 F2400 E709.79135
G0 F15000 X136.003 Y119.714
G1 F2400 E710.29135
G1 F7380.2 X135.998 Y119.032 E710.32507
G1 F2400 E709.82507
G0 F15000 X167.986 Y120.346
G1 F2400 E710.32507
G1 F8006.9 X168.053 Y120.573 E710.33586
G1 F9914.2 X168.097 Y120.783 E710.34376
G1 F11696.2 X168.124 Y121.047 E710.35204
G1 F12486.5 X168.123 Y121.548 E710.36668
G1 F12320 X168.121 Y122.049 E710.38152
G1 F12190 X168.119 Y122.55 E710.39652
G1 F12031.2 X168.117 Y123.051 E710.41172
G1 F10669.7 X168.068 Y123.356 E710.42229
G1 F8508.3 X168.005 Y123.607 E710.43339
G1 F7427.7 X167.989 Y123.653 E710.43578
G1 F2400 E709.93578
G0 F15000 X161.398 Y123.357
;TYPE:FILL
G1 F2400 E710.43578
G1 F15000 X162.127 Y120.639 E710.53359
G1 X163.976 Y120.64 E710.59785
G1 X165.192 Y121.856 E710.65762
G1 X165.191 Y122.37 E710.67549
G1 X161.507 Y123.357 E710.80805
G1 X161.357 Y123.355 E710.81326
G1 X158.642 Y120.64 E710.94671
G1 X158.221 Y120.639 E710.96135
G1 X157.493 Y123.358 E711.05918
G1 X156.023 Y123.356 E711.11027
G1 X153.307 Y120.64 E711.24377
G1 X152.364 Y120.639 E711.27655
G1 X151.635 Y123.358 E711.37439
G1 X150.69 Y123.358 E711.40724
G1 X147.973 Y120.64 E711.54081
G1 X146.506 Y120.639 E711.5918
G1 X145.777 Y123.359 E711.68967
G1 X145.356 Y123.358 E711.70431
G1 X142.638 Y120.64 E711.83791
G1 X142.601 Y120.64 E711.83919
G1 X141.872 Y123.36 E711.93707
G1 X140.023 Y123.359 E712.00133
G1 X137.304 Y120.64 E712.13498
G1 X136.744 Y120.64 E712.15445
G1 X136.303 Y122.307 E712.21438
G1 X137.355 Y123.359 E712.26609
G1 X137.967 Y123.361 E712.28736
G1 X138.696 Y120.64 E712.38527
G1 X139.971 Y120.64 E712.42958
G1 X142.689 Y123.358 E712.56318
G1 X143.825 Y123.36 E712.60267
G1 X144.554 Y120.639 E712.70058
G1 X145.305 Y120.64 E712.72668
G1 X148.023 Y123.358 E712.86028
G1 X149.683 Y123.359 E712.91797
G1 X150.411 Y120.639 E713.01584
G1 X150.64 Y120.64 E713.0238
G1 X153.357 Y123.357 E713.15735
G1 X153.588 Y123.358 E713.16538
G1 X154.316 Y120.64 E713.26318
G1 X155.974 Y120.64 E713.3208
G1 X158.69 Y123.356 E713.45431
G1 X159.446 Y123.358 E713.48058
G1 X160.174 Y120.639 E713.57841
G1 X161.309 Y120.64 E713.61786
G1 X163.226 Y122.557 E713.71209
G1 X163.44 Y123.357 E713.74087
G1 X163.832 Y123.356 E713.7545
G1 X163.592 Y122.458 E713.78681
G1 X164.412 Y120.626 E713.85657
G1 X154.216 Y123.358 E714.22345
G1 X155.54 Y123.358 E714.26947
G1 X156.708 Y120.64 E714.37229
G1 X157.074 Y120.64 E714.38501
G1 X147.828 Y123.359 E714.71998
G1 X147.73 Y123.359 E714.72339
G1 X148.459 Y120.64 E714.82123
G1 X149.787 Y120.64 E714.86739
G1 X140.128 Y123.36 E715.21616
G1 X139.92 Y123.36 E715.22339
G1 X140.649 Y120.639 E715.3213
G1 X142.5 Y120.64 E715.38563
G1 X136.304 Y122.3 E715.60858
G1 X136.198 Y122.328
G1 F2400 E715.10858
;MESH:Pin 5mm - AKM.STL(6)
G0 F15000 X176.615 Y104.24
;TYPE:WALL-OUTER
G1 F2400 E715.60858
G1 F9000 X176.748 Y104.196 E715.61345
G1 X205.28 Y104.192 E716.60513
G1 F8571.4 X206.248 Y104.17 E716.64047
G1 F8148.1 X207.052 Y104.169 E716.67133
G1 F8319.3 X207.265 Y104.181 E716.67935
G1 F8722.5 X207.442 Y104.19 E716.68571
G1 F8959.3 X208.528 Y104.192 E716.72363
G1 F9000 X208.528 Y99.804 E716.87614
G1 X207.63 Y99.804 E716.90735
G1 F8741.7 X207.372 Y99.817 E716.9166
G1 F8319.3 X206.979 Y99.827 E716.93138
G1 F8131.4 X206.164 Y99.828 E716.96273
G1 F8534.5 X205.28 Y99.804 E716.99514
G1 F9000 X176.748 Y99.804 E717.98683
G1 X176.615 Y99.76 E717.9917
G1 X176.531 Y99.622 E717.99731
G1 X176.528 Y98.501 E718.03627
G1 X175.468 Y98.504 E718.07312
G1 X175.468 Y105.496 E718.31614
G1 X176.528 Y105.496 E718.35298
G1 X176.528 Y104.416 E718.39052
G1 X176.615 Y104.24 E718.39734
G1 F2400 E717.89734
G0 F15000 X206.248 Y103.686
G1 F2400 E718.39734
G1 F8571.4 X206.028 Y103.444 E718.40927
G1 F9000 X206.028 Y100.552 E718.50979
G1 F8534.5 X206.206 Y100.311 E718.52077
G1 F8081.6 X207.042 Y100.313 E718.55313
G1 F8250 X207.273 Y100.411 E718.56265
G1 F8741.7 X207.581 Y100.705 E718.57788
G1 F9000 X207.72 Y100.993 E718.589
G1 X207.71 Y102.962 E718.65743
G1 X207.594 Y103.284 E718.66933
G1 X207.457 Y103.442 E718.6766
G1 F8761.1 X207.19 Y103.624 E718.68814
G1 F8319.3 X207.01 Y103.685 E718.69528
G1 F8148.1 X206.248 Y103.686 E718.72454
G1 F2400 E718.22454
G0 F15000 X207.989 Y103.653
;TYPE:WALL-INNER
G1 F2400 E718.72454
G1 F7427.7 X208.005 Y103.607 E718.72693
G1 F8508.3 X208.068 Y103.356 E718.73803
G1 F10669.7 X208.116 Y103.052 E718.74856
G1 F12031.2 X208.117 Y102.551 E718.76375
G1 F12190 X208.119 Y102.05 E718.77875
G1 F12320 X208.121 Y101.549 E718.79359
G1 F12486.5 X208.123 Y101.048 E718.80824
G1 F11696.2 X208.097 Y100.783 E718.81654
G1 F9914.2 X208.053 Y100.573 E718.82444
G1 F8006.9 X207.986 Y100.346 E718.83523
G1 F2400 E718.33523
G0 F15000 X176.748 Y103.756
G1 F2400 E718.83523
G1 F10500 X205.896 Y103.752 E719.84832
G1 X205.588 Y103.444 E719.86346
G1 X205.588 Y100.552 E719.96398
G1 X205.847 Y100.244 E719.97797
G1 X176.748 Y100.244 E720.98935
G1 X176.351 Y100.112 E721.0039
G1 F8619.4 X176.003 Y99.714 E721.02628
G1 X175.908 Y100.334 E721.05284
G1 F10500 X175.908 Y103.666 E721.16865
G1 F8717 X175.998 Y104.416 E721.20027
G1 X176.351 Y103.888 E721.22686
G1 F10500 X176.748 Y103.756 E721.2414
G1 F2400 E720.7414
G0 F15000 X175.998 Y104.416
G1 F2400 E721.2414
G1 F7451.6 X175.998 Y104.966 E721.26834
G1 F2400 E720.76834
G0 F15000 X176.003 Y99.714
G1 F2400 E721.26834
G1 F7380.2 X175.998 Y99.032 E721.30207
G1 F2400 E720.80207
G0 F15000 X176.305 Y102.3
;TYPE:FILL
G1 F2400 E721.30207
G1 F15000 X182.5 Y100.64 E721.52498
G1 X180.649 Y100.64 E721.58932
G1 X179.92 Y103.36 E721.68719
G1 X180.128 Y103.36 E721.69442
G1 X189.787 Y100.64 E722.04319
G1 X188.459 Y100.64 E722.08935
G1 X187.73 Y103.359 E722.18719
G1 X187.828 Y103.359 E722.1906
G1 X197.075 Y100.64 E722.5256
G1 X196.707 Y100.64 E722.53839
G1 X195.541 Y103.358 E722.64119
G1 X194.217 Y103.358 E722.6872
G1 X204.414 Y100.625 E723.05413
G1 X203.591 Y102.46 E723.12403
G1 X203.832 Y103.356 E723.15628
G1 X203.44 Y103.357 E723.1699
G1 X203.225 Y102.557 E723.19869
G1 X201.308 Y100.64 E723.29292
G1 X200.174 Y100.639 E723.33234
G1 X199.446 Y103.357 E723.43014
G1 X198.69 Y103.356 E723.45641
G1 X195.974 Y100.64 E723.58991
G1 X194.317 Y100.64 E723.64751
G1 X193.588 Y103.358 E723.74531
G1 X193.356 Y103.357 E723.75338
G1 X190.64 Y100.64 E723.8869
G1 X190.412 Y100.639 E723.89483
G1 X189.683 Y103.358 E723.99267
G1 X188.023 Y103.358 E724.05037
G1 X185.305 Y100.64 E724.18396
G1 X184.554 Y100.639 E724.21007
G1 X183.825 Y103.359 E724.30794
G1 X182.689 Y103.359 E724.34743
G1 X179.971 Y100.64 E724.48105
G1 X178.696 Y100.64 E724.52536
G1 X177.967 Y103.36 E724.62324
G1 X177.355 Y103.359 E724.64451
G1 X176.303 Y102.307 E724.69622
G1 X176.744 Y100.64 E724.75615
G1 X177.303 Y100.64 E724.77558
G1 X180.022 Y103.359 E724.90923
G1 X181.873 Y103.36 E724.97357
G1 X182.601 Y100.64 E725.07143
G1 X182.638 Y100.64 E725.07272
G1 X185.356 Y103.359 E725.20634
G1 X185.778 Y103.359 E725.22101
G1 X186.507 Y100.64 E725.31885
G1 X187.972 Y100.64 E725.36977
G1 X190.69 Y103.358 E725.50337
G1 X191.636 Y103.359 E725.53625
G1 X192.364 Y100.64 E725.63408
G1 X193.307 Y100.64 E725.66686
G1 X196.023 Y103.356 E725.80036
G1 X197.493 Y103.358 E725.85145
G1 X198.222 Y100.64 E725.94926
G1 X198.641 Y100.64 E725.96382
G1 X201.356 Y103.356 E726.0973
G1 X201.508 Y103.357 E726.10258
G1 X205.192 Y102.37 E726.23514
G1 X205.192 Y101.857 E726.25297
G1 X203.976 Y100.64 E726.31277
G1 X202.127 Y100.639 E726.37703
G1 X201.399 Y103.358 E726.47487
G1 X201.371 Y103.464
G1 F2400 E725.97487
;MESH:NONMESH
G0 F600 X201.371 Y103.464 Z1.8
G0 F15000 X56.615 Y114.272
;TIME_ELAPSED:327.777480
;LAYER:8
;TYPE:WALL-OUTER
;MESH:Pin 5mm - AKM.STL(4)
G1 F2400 E726.47487
G1 F9000 X56.748 Y114.228 E726.47974
G1 X85.244 Y114.228 E727.47017
G1 F8703.3 X85.746 Y114.213 E727.48822
G1 F8148.1 X86.248 Y114.197 E727.5075
G1 F7935.9 X87.101 Y114.195 E727.54112
G1 F8301.9 X87.398 Y114.219 E727.55235
G1 F8819.6 X87.643 Y114.227 E727.56104
G1 F9000 X88.528 Y114.228 E727.5918
G1 X88.528 Y109.768 E727.74682
G1 X87.683 Y109.769 E727.77619
G1 F8665.2 X87.379 Y109.785 E727.78718
G1 F7983.9 X87.142 Y109.807 E727.7965
G1 F7764.7 X86.979 Y109.8 E727.80308
G1 F7841.6 X86.161 Y109.801 E727.83571
G1 F8372.1 X85.244 Y109.768 E727.86999
G1 F9000 X56.748 Y109.772 E728.86042
G1 X56.615 Y109.728 E728.86529
G1 X56.531 Y109.59 E728.87091
G1 X56.528 Y108.481 E728.90945
G1 X55.468 Y108.484 E728.9463
G1 X55.468 Y115.516 E729.19071
G1 X56.528 Y115.516 E729.22755
G1 X56.528 Y114.448 E729.26467
G1 X56.615 Y114.272 E729.27149
G1 F2400 E728.77149
G0 F15000 X86.248 Y113.695
G1 F2400 E729.27149
G1 F8407.6 X86.028 Y113.444 E729.28391
G1 F9000 X86.028 Y110.552 E729.38443
G1 F8372.1 X86.204 Y110.302 E729.39585
G1 F7780 X87.043 Y110.304 E729.42958
G1 F8032.5 X87.277 Y110.407 E729.43954
G1 F8665.2 X87.364 Y110.484 E729.44373
G1 F9000 X87.612 Y110.76 E729.45663
G1 X87.715 Y111.086 E729.46851
G1 X87.71 Y112.962 E729.53372
G1 X87.576 Y113.3 E729.54636
G1 F8819.6 X87.279 Y113.582 E729.56088
G1 F8301.9 X87.045 Y113.694 E729.57066
G1 F7935.9 X86.248 Y113.695 E729.60207
G1 F2400 E729.10207
G0 F15000 X87.977 Y113.677
;TYPE:WALL-INNER
G1 F2400 E729.60207
G1 F8076.9 X88.067 Y113.356 E729.61714
G1 F10523.9 X88.116 Y113.049 E729.62792
G1 F11725.9 X88.118 Y112.389 E729.64846
G1 F11846.2 X88.121 Y111.729 E729.66879
G1 F11968.9 X88.124 Y111.069 E729.68892
G1 F11268.3 X88.09 Y110.762 E729.69892
G1 F8833.7 X88.003 Y110.41 E729.7139
G1 F7185.1 X87.97 Y110.326 E729.71848
G1 F2400 E729.21848
G0 F15000 X56.748 Y113.788
G1 F2400 E729.71848
G1 F10500 X85.932 Y113.788 E730.73283
G1 X85.588 Y113.444 E730.74974
G1 X85.588 Y110.552 E730.85025
G1 X85.878 Y110.207 E730.86592
G1 X56.748 Y110.212 E731.87838
G1 X56.351 Y110.08 E731.89292
G1 F8619.4 X56.003 Y109.682 E731.91531
G1 X55.908 Y110.302 E731.94187
G1 F10500 X55.908 Y113.698 E732.0599
G1 F8717 X55.998 Y114.448 E732.09153
G1 X56.351 Y113.92 E732.11812
G1 F10500 X56.748 Y113.788 E732.13266
G1 F2400 E731.63266
G0 F15000 X55.998 Y114.448
G1 F2400 E732.13266
G1 F7451.6 X55.998 Y114.986 E732.15901
G1 F2400 E731.65901
G0 F15000 X56.003 Y109.682
G1 F2400 E732.15901
G1 F7380.2 X55.998 Y109.012 E732.19214
G1 F2400 E731.69214
G0 F15000 X56.303 Y110.469
;TYPE:FILL
G1 F2400 E732.19214
G1 F15000 X56.304 Y112.281 E732.25512
G1 X56.752 Y110.607 E732.31535
G1 X57.272 Y110.608 E732.33342
G1 X60.056 Y113.392 E732.47027
G1 X61.864 Y113.392 E732.53311
G1 X62.61 Y110.607 E732.63332
G1 X62.319 Y110.607 E732.64343
G1 X56.304 Y112.3 E732.86062
G1 X56.304 Y113.532 E732.90344
G1 X56.721 Y113.392 E732.91873
G1 X57.389 Y113.392 E732.94194
G1 X56.303 Y112.306 E732.99532
G1 X56.226 Y112.229
G1 F2400 E732.49532
G0 F15000 X59.514 Y113.392
G1 F2400 E732.99532
G1 F15000 X69.912 Y110.606 E733.36947
G1 X68.468 Y110.606 E733.41966
G1 X67.715 Y113.416 E733.52077
G1 X77.203 Y110.605 E733.86472
G1 X76.742 Y110.605 E733.88074
G1 X75.741 Y112.608 E733.95857
G1 X75.952 Y113.392 E733.98679
G1 X75.558 Y113.393 E734.00048
G1 X75.374 Y112.706 E734.0252
G1 X73.274 Y110.606 E734.12842
G1 X72.373 Y110.605 E734.15974
G1 X71.627 Y113.392 E734.26001
G1 X70.725 Y113.392 E734.29137
G1 X67.94 Y110.607 E734.42826
G1 X66.515 Y110.606 E734.47779
G1 X65.769 Y113.393 E734.57806
G1 X65.39 Y113.392 E734.59124
G1 X62.606 Y110.607 E734.72811
G1 X60.658 Y110.607 E734.79581
G1 X59.911 Y113.393 E734.89606
G1 X57.959 Y113.393 E734.96391
G1 X58.705 Y110.607 E735.06415
G1 X59.939 Y110.608 E735.10704
G1 X62.723 Y113.392 E735.24389
G1 X63.816 Y113.393 E735.28188
G1 X64.563 Y110.606 E735.38216
G1 X65.273 Y110.607 E735.40684
G1 X68.058 Y113.392 E735.54373
G1 X69.674 Y113.393 E735.5999
G1 X70.421 Y110.606 E735.70019
G1 X70.607 Y110.606 E735.70665
G1 X73.392 Y113.392 E735.84357
G1 X74.088 Y113.392 E735.86776
G1 X84.435 Y110.62 E736.24007
G1 X83.593 Y112.457 E736.31031
G1 X83.843 Y113.392 E736.34395
G1 X83.449 Y113.392 E736.35764
G1 X83.225 Y112.556 E736.38772
G1 X81.274 Y110.605 E736.48362
G1 X80.184 Y110.605 E736.52151
G1 X79.437 Y113.392 E736.62179
G1 X81.374 Y113.393 E736.68912
G1 X85.191 Y112.37 E736.82646
G1 X85.192 Y111.856 E736.84433
G1 X83.941 Y110.605 E736.90582
G1 X82.136 Y110.604 E736.96856
G1 X81.389 Y113.393 E737.06891
G1 X81.204 Y113.43 E737.07547
G1 X78.608 Y110.606 E737.20879
G1 X78.231 Y110.604 E737.2219
G1 X77.484 Y113.392 E737.32222
G1 X78.726 Y113.392 E737.36538
G1 X75.94 Y110.606 E737.50233
G1 X74.326 Y110.605 E737.55842
G1 X73.579 Y113.392 E737.65871
G1 X73.551 Y113.498
G1 F2400 E737.15871
;MESH:Pin 5mm - AKM.STL
G0 F15000 X96.615 Y114.272
;TYPE:WALL-OUTER
G1 F2400 E737.65871
G1 F9000 X96.748 Y114.228 E737.66358
G1 X125.244 Y114.228 E738.65401
G1 F8703.3 X125.746 Y114.213 E738.67206
G1 F8148.1 X126.248 Y114.197 E738.69134
G1 F7935.9 X127.101 Y114.195 E738.72497
G1 F8301.9 X127.398 Y114.219 E738.73619
G1 F8819.6 X127.643 Y114.227 E738.74489
G1 F9000 X128.528 Y114.228 E738.77565
G1 X128.528 Y109.768 E738.93066
G1 X127.683 Y109.769 E738.96003
G1 F8665.2 X127.379 Y109.785 E738.97102
G1 F7983.9 X127.142 Y109.807 E738.98035
G1 F7764.7 X126.979 Y109.8 E738.98692
G1 F7841.6 X126.161 Y109.801 E739.01955
G1 F8372.1 X125.244 Y109.768 E739.05384
G1 F9000 X96.748 Y109.772 E740.04427
G1 X96.615 Y109.728 E740.04914
G1 X96.531 Y109.59 E740.05475
G1 X96.528 Y108.481 E740.0933
G1 X95.468 Y108.484 E740.13014
G1 X95.468 Y115.516 E740.37455
G1 X96.528 Y115.516 E740.41139
G1 X96.528 Y114.448 E740.44851
G1 X96.615 Y114.272 E740.45533
G1 F2400 E739.95533
G0 F15000 X126.248 Y113.695
G1 F2400 E740.45533
G1 F8407.6 X126.028 Y113.444 E740.46775
G1 F9000 X126.028 Y110.552 E740.56827
G1 F8372.1 X126.204 Y110.302 E740.57969
G1 F7780 X127.043 Y110.304 E740.61343
G1 F8032.5 X127.277 Y110.407 E740.62338
G1 F8665.2 X127.364 Y110.484 E740.62758
G1 F9000 X127.612 Y110.76 E740.64047
G1 X127.715 Y111.086 E740.65236
G1 X127.71 Y112.962 E740.71756
G1 X127.576 Y113.3 E740.7302
G1 F8819.6 X127.279 Y113.582 E740.74472
G1 F8301.9 X127.045 Y113.694 E740.7545
G1 F7935.9 X126.248 Y113.695 E740.78592
G1 F2400 E740.28592
G0 F15000 X127.977 Y113.677
;TYPE:WALL-INNER
G1 F2400 E740.78592
G1 F8076.9 X128.067 Y113.356 E740.80098
G1 F10523.9 X128.116 Y113.049 E740.81176
G1 F11725.9 X128.118 Y112.389 E740.8323
G1 F11846.2 X128.121 Y111.729 E740.85263
G1 F11968.9 X128.124 Y111.069 E740.87276
G1 F11268.3 X128.09 Y110.762 E740.88276
G1 F8833.7 X128.003 Y110.41 E740.89774
G1 F7185.1 X127.97 Y110.326 E740.90233
G1 F2400 E740.40233
G0 F15000 X96.748 Y113.788
G1 F2400 E740.90233
G1 F10500 X125.932 Y113.788 E741.91667
G1 X125.588 Y113.444 E741.93358
G1 X125.588 Y110.552 E742.03409
G1 X125.878 Y110.207 E742.04976
G1 X96.748 Y110.212 E743.06223
G1 X96.351 Y110.08 E743.07677
G1 F8619.4 X96.003 Y109.682 E743.09915
G1 X95.908 Y110.302 E743.12571
G1 F10500 X95.908 Y113.698 E743.24374
G1 F8717 X95.998 Y114.448 E743.27537
G1 X96.351 Y113.92 E743.30196
G1 F10500 X96.748 Y113.788 E743.3165
G1 F2400 E742.8165
G0 F15000 X95.998 Y114.448
G1 F2400 E743.3165
G1 F7451.6 X95.998 Y114.986 E743.34285
G1 F2400 E742.84285
G0 F15000 X96.003 Y109.682
G1 F2400 E743.34285
G1 F7380.2 X95.998 Y109.012 E743.37598
G1 F2400 E742.87598
G0 F15000 X96.303 Y110.469
;TYPE:FILL
G1 F2400 E743.37598
G1 F15000 X96.304 Y112.281 E743.43896
G1 X96.753 Y110.607 E743.4992
G1 X97.272 Y110.608 E743.51724
G1 X100.056 Y113.392 E743.65408
G1 X101.864 Y113.392 E743.71692
G1 X102.61 Y110.606 E743.81717
G1 X102.379 Y110.588 E743.82522
G1 X96.304 Y112.3 E744.04459
G1 X96.304 Y113.532 E744.08741
G1 X96.721 Y113.392 E744.1027
G1 X97.388 Y113.392 E744.12588
G1 X96.303 Y112.306 E744.17924
G1 X96.226 Y112.229
G1 F2400 E743.67924
G0 F15000 X99.517 Y113.392
G1 F2400 E744.17924
G1 F15000 X109.914 Y110.606 E744.55336
G1 X108.468 Y110.605 E744.60361
G1 X107.715 Y113.416 E744.70476
G1 X117.205 Y110.605 E745.04877
G1 X116.743 Y110.605 E745.06483
G1 X115.741 Y112.608 E745.14267
G1 X115.952 Y113.392 E745.17089
G1 X115.558 Y113.393 E745.18458
G1 X115.374 Y112.706 E745.2093
G1 X113.274 Y110.606 E745.31252
G1 X112.373 Y110.605 E745.34384
G1 X111.627 Y113.392 E745.44412
G1 X110.724 Y113.392 E745.4755
G1 X107.94 Y110.607 E745.61237
G1 X106.515 Y110.606 E745.6619
G1 X105.769 Y113.393 E745.76218
G1 X105.39 Y113.392 E745.77535
G1 X102.605 Y110.607 E745.91224
G1 X100.658 Y110.607 E745.97991
G1 X99.911 Y113.393 E746.08017
G1 X97.959 Y113.392 E746.14801
G1 X98.705 Y110.607 E746.24822
G1 X99.939 Y110.608 E746.29111
G1 X102.723 Y113.392 E746.42796
G1 X103.816 Y113.392 E746.46595
G1 X104.563 Y110.606 E746.5662
G1 X105.273 Y110.607 E746.59088
G1 X108.057 Y113.392 E746.72774
G1 X109.674 Y113.392 E746.78395
G1 X110.421 Y110.606 E746.8842
G1 X110.606 Y110.606 E746.89063
G1 X113.392 Y113.392 E747.02757
G1 X114.091 Y113.392 E747.05187
G1 X124.436 Y110.62 E747.42411
G1 X123.592 Y112.457 E747.49437
G1 X123.843 Y113.392 E747.52802
G1 X123.448 Y113.392 E747.54175
G1 X123.225 Y112.556 E747.57182
G1 X121.274 Y110.605 E747.66772
G1 X120.184 Y110.605 E747.70561
G1 X119.437 Y113.392 E747.80589
G1 X121.378 Y113.392 E747.87336
G1 X125.191 Y112.37 E748.01056
G1 X125.192 Y111.856 E748.02843
G1 X123.941 Y110.605 E748.08992
G1 X122.136 Y110.604 E748.15266
G1 X121.389 Y113.393 E748.25301
G1 X121.197 Y113.441 E748.25989
G1 X118.607 Y110.606 E748.39335
G1 X118.231 Y110.604 E748.40642
G1 X117.484 Y113.392 E748.50674
G1 X118.726 Y113.392 E748.54991
G1 X115.94 Y110.606 E748.68685
G1 X114.326 Y110.605 E748.74295
G1 X113.579 Y113.392 E748.84324
G1 X113.551 Y113.498
G1 F2400 E748.34324
;MESH:Pin 5mm - AKM.STL(2)
G0 F15000 X126.248 Y103.695
;TYPE:WALL-OUTER
G1 F2400 E748.84324
G1 F8407.6 X126.028 Y103.444 E748.85565
G1 F9000 X126.028 Y100.552 E748.95617
G1 F8372.1 X126.204 Y100.302 E748.96759
G1 F7780 X127.043 Y100.304 E749.00133
G1 F8032.5 X127.277 Y100.407 E749.01128
G1 F8665.2 X127.364 Y100.484 E749.01548
G1 F9000 X127.612 Y100.76 E749.02838
G1 X127.715 Y101.086 E749.04026
G1 X127.71 Y102.962 E749.10546
G1 X127.576 Y103.3 E749.1181
G1 F8819.6 X127.279 Y103.582 E749.13263
G1 F8301.9 X127.045 Y103.694 E749.1424
G1 F7935.9 X126.248 Y103.695 E749.17382
G1 F2400 E748.67382
G0 F15000 X96.615 Y104.272
G1 F2400 E749.17382
G1 F9000 X96.748 Y104.228 E749.17869
G1 X125.244 Y104.228 E750.16912
G1 F8703.3 X125.746 Y104.213 E750.18717
G1 F8148.1 X126.248 Y104.197 E750.20645
G1 F7935.9 X127.101 Y104.195 E750.24007
G1 F8301.9 X127.398 Y104.219 E750.2513
G1 F8819.6 X127.643 Y104.227 E750.25999
G1 F9000 X128.528 Y104.228 E750.29075
G1 X128.528 Y99.768 E750.44577
G1 X127.683 Y99.769 E750.47514
G1 F8665.2 X127.379 Y99.785 E750.48613
G1 F7983.9 X127.142 Y99.807 E750.49545
G1 F7764.7 X126.979 Y99.8 E750.50203
G1 F7841.6 X126.161 Y99.801 E750.53466
G1 F8372.1 X125.244 Y99.768 E750.56894
G1 F9000 X96.748 Y99.772 E751.55937
G1 X96.615 Y99.728 E751.56424
G1 X96.531 Y99.59 E751.56986
G1 X96.528 Y98.481 E751.6084
G1 X95.468 Y98.484 E751.64525
G1 X95.468 Y105.516 E751.88966
G1 X96.528 Y105.516 E751.9265
G1 X96.528 Y104.448 E751.96362
G1 X96.615 Y104.272 E751.97044
G0 F15000 X96.748 Y103.788
;TYPE:WALL-INNER
G1 F10500 X125.932 Y103.788 E752.98479
G1 X125.588 Y103.444 E753.00169
G1 X125.588 Y100.552 E753.10221
G1 X125.878 Y100.207 E753.11788
G1 X96.748 Y100.212 E754.13034
G1 X96.351 Y100.08 E754.14488
G1 F8619.4 X96.003 Y99.682 E754.16727
G1 X95.908 Y100.302 E754.19383
G1 F10500 X95.908 Y103.698 E754.31186
G1 F8717 X95.998 Y104.448 E754.34348
G1 X96.351 Y103.92 E754.37008
G1 F10500 X96.748 Y103.788 E754.38462
G1 F2400 E753.88462
G0 F15000 X95.998 Y104.448
G1 F2400 E754.38462
G1 F7451.6 X95.998 Y104.986 E754.41097
G1 F2400 E753.91097
G0 F15000 X96.003 Y99.682
G1 F2400 E754.41097
G1 F7380.2 X95.998 Y99.012 E754.4441
G1 F2400 E753.9441
G0 F15000 X127.97 Y100.326
G1 F2400 E754.4441
G1 F7185.1 X128.003 Y100.41 E754.44868
G1 F8833.7 X128.09 Y100.762 E754.46366
G1 F11268.3 X128.124 Y101.069 E754.47366
G1 F11968.9 X128.122 Y101.729 E754.49379
G1 F11846.2 X128.119 Y102.389 E754.51412
G1 F11725.9 X128.116 Y103.049 E754.53466
G1 F10523.9 X128.067 Y103.356 E754.54544
G1 F8076.9 X127.977 Y103.677 E754.56051
G1 F2400 E754.06051
G0 F15000 X113.579 Y103.392
;TYPE:FILL
G1 F2400 E754.56051
G1 F15000 X114.326 Y100.605 E754.66079
G1 X115.94 Y100.606 E754.71689
G1 X118.726 Y103.392 E754.85383
G1 X117.484 Y103.392 E754.897
G1 X118.231 Y100.605 E754.99729
G1 X118.607 Y100.606 E755.01036
G1 X121.197 Y103.441 E755.14382
G1 X121.389 Y103.393 E755.1507
G1 X122.136 Y100.604 E755.25105
G1 X123.941 Y100.605 E755.31379
G1 X125.192 Y101.856 E755.37528
G1 X125.191 Y102.37 E755.39315
G1 X121.378 Y103.392 E755.53035
G1 X119.437 Y103.393 E755.59782
G1 X120.184 Y100.604 E755.69817
G1 X121.274 Y100.605 E755.73605
G1 X123.225 Y102.556 E755.83195
G1 X123.448 Y103.392 E755.86203
G1 X123.843 Y103.392 E755.87575
G1 X123.592 Y102.457 E755.9094
G1 X124.436 Y100.62 E755.97967
G1 X114.091 Y103.392 E756.35191
G1 X113.392 Y103.392 E756.37621
G1 X110.606 Y100.606 E756.51315
G1 X110.421 Y100.605 E756.51958
G1 X109.674 Y103.393 E756.6199
G1 X108.057 Y103.392 E756.6761
G1 X105.273 Y100.607 E756.81297
G1 X104.563 Y100.606 E756.83765
G1 X103.816 Y103.393 E756.93793
G1 X102.723 Y103.392 E756.97592
G1 X99.939 Y100.608 E757.11276
G1 X98.705 Y100.607 E757.15565
G1 X97.959 Y103.393 E757.2559
G1 X99.911 Y103.393 E757.32374
G1 X100.658 Y100.607 E757.424
G1 X102.605 Y100.607 E757.49167
G1 X105.39 Y103.392 E757.62856
G1 X105.769 Y103.393 E757.64173
G1 X106.516 Y100.606 E757.74202
G1 X107.94 Y100.607 E757.79151
G1 X110.724 Y103.392 E757.92838
G1 X111.627 Y103.392 E757.95977
G1 X112.373 Y100.605 E758.06005
G1 X113.274 Y100.606 E758.09136
G1 X115.375 Y102.708 E758.19466
G1 X115.558 Y103.393 E758.2193
G1 X115.952 Y103.392 E758.233
G1 X115.743 Y102.607 E758.26123
G1 X116.743 Y100.605 E758.33901
G1 X117.205 Y100.605 E758.35507
G1 X107.716 Y103.416 E758.69904
G1 X108.468 Y100.606 E758.80015
G1 X109.914 Y100.606 E758.85041
G1 X99.517 Y103.392 E759.22452
G1 X99.411 Y103.42
G1 F2400 E758.72452
G0 F15000 X96.303 Y102.306
G1 F2400 E759.22452
G1 F15000 X97.388 Y103.392 E759.27788
G1 X96.721 Y103.392 E759.30106
G1 X96.304 Y103.532 E759.31635
G1 X96.304 Y102.301 E759.35913
G1 X102.352 Y100.607 E759.57743
G1 X102.61 Y100.607 E759.5864
G1 X101.864 Y103.392 E759.68661
G1 X100.056 Y103.392 E759.74945
G1 X97.272 Y100.608 E759.8863
G1 X96.753 Y100.608 E759.90433
G1 X96.304 Y102.281 E759.96454
G1 X96.303 Y100.469 E760.02752
G1 X96.303 Y100.359
G1 F2400 E759.52752
;MESH:Pin 5mm - AKM.STL(5)
G0 F15000 X136.615 Y94.272
;TYPE:WALL-OUTER
G1 F2400 E760.02752
G1 F9000 X136.748 Y94.228 E760.03239
G1 X165.244 Y94.228 E761.02282
G1 F8703.3 X165.746 Y94.213 E761.04087
G1 F8148.1 X166.248 Y94.197 E761.06015
G1 F7935.9 X167.101 Y94.195 E761.09378
G1 F8301.9 X167.398 Y94.219 E761.105
G1 F8819.6 X167.643 Y94.227 E761.1137
G1 F9000 X168.528 Y94.228 E761.14446
G1 X168.528 Y89.768 E761.29947
G1 X167.683 Y89.769 E761.32884
G1 F8665.2 X167.379 Y89.785 E761.33983
G1 F7983.9 X167.142 Y89.807 E761.34916
G1 F7764.7 X166.979 Y89.8 E761.35573
G1 F7841.6 X166.161 Y89.801 E761.38836
G1 F8372.1 X165.244 Y89.768 E761.42265
G1 F9000 X136.748 Y89.772 E762.41308
G1 X136.615 Y89.728 E762.41795
G1 X136.531 Y89.59 E762.42356
G1 X136.528 Y88.481 E762.46211
G1 X135.468 Y88.484 E762.49895
G1 X135.468 Y95.516 E762.74336
G1 X136.528 Y95.516 E762.7802
G1 X136.528 Y94.448 E762.81732
G1 X136.615 Y94.272 E762.82414
G1 F2400 E762.32414
G0 F15000 X166.248 Y93.695
G1 F2400 E762.82414
G1 F8407.6 X166.028 Y93.444 E762.83656
G1 F9000 X166.028 Y90.552 E762.93708
G1 F8372.1 X166.204 Y90.302 E762.9485
G1 F7780 X167.043 Y90.304 E762.98224
G1 F8032.5 X167.277 Y90.407 E762.99219
G1 F8665.2 X167.364 Y90.484 E762.99639
G1 F9000 X167.663 Y90.859 E763.01306
G1 X167.72 Y91.138 E763.02295
G1 X167.71 Y92.962 E763.08635
G1 X167.576 Y93.3 E763.09899
G1 F8819.6 X167.279 Y93.582 E763.11352
G1 F8301.9 X167.045 Y93.694 E763.12329
G1 F7935.9 X166.248 Y93.695 E763.15471
G1 F2400 E762.65471
G0 F15000 X167.977 Y93.677
;TYPE:WALL-INNER
G1 F2400 E763.15471
G1 F8076.9 X168.067 Y93.356 E763.16977
G1 F10523.9 X168.116 Y93.049 E763.18055
G1 F11725.9 X168.118 Y92.389 E763.20109
G1 F11846.2 X168.121 Y91.729 E763.22142
G1 F11968.9 X168.124 Y91.069 E763.24155
G1 F11268.3 X168.09 Y90.762 E763.25155
G1 F8833.7 X168.003 Y90.41 E763.26653
G1 F7185.1 X167.97 Y90.326 E763.27112
G1 F2400 E762.77112
G0 F15000 X136.748 Y93.788
G1 F2400 E763.27112
G1 F10500 X165.932 Y93.788 E764.28546
G1 X165.588 Y93.444 E764.30237
G1 X165.588 Y90.552 E764.40289
G1 X165.878 Y90.207 E764.41855
G1 X136.748 Y90.212 E765.43102
G1 X136.351 Y90.08 E765.44556
G1 F8619.4 X136.003 Y89.682 E765.46794
G1 X135.908 Y90.302 E765.4945
G1 F10500 X135.908 Y93.698 E765.61253
G1 F8717 X135.998 Y94.448 E765.64416
G1 X136.351 Y93.92 E765.67075
G1 F10500 X136.748 Y93.788 E765.68529
G1 F2400 E765.18529
G0 F15000 X135.998 Y94.448
G1 F2400 E765.68529
G1 F7451.6 X135.998 Y94.986 E765.71164
G1 F2400 E765.21164
G0 F15000 X136.003 Y89.682
G1 F2400 E765.71164
G1 F7380.2 X135.998 Y89.012 E765.74477
G1 F2400 E765.24477
G0 F15000 X136.303 Y90.469
;TYPE:FILL
G1 F2400 E765.74477
G1 F15000 X136.303 Y92.284 E765.80786
G1 X136.753 Y90.608 E765.86817
G1 X137.271 Y90.608 E765.88618
G1 X140.055 Y93.392 E766.02302
G1 X141.864 Y93.392 E766.08589
G1 X142.611 Y90.607 E766.18611
G1 X142.32 Y90.607 E766.19623
G1 X136.304 Y92.3 E766.41345
G1 X136.304 Y93.532 E766.45627
G1 X136.721 Y93.392 E766.47156
G1 X137.388 Y93.392 E766.49474
G1 X136.303 Y92.307 E766.54807
G1 X136.226 Y92.23
G1 F2400 E766.04807
G0 F15000 X139.515 Y93.392
G1 F2400 E766.54807
G1 F15000 X149.912 Y90.606 E766.92219
G1 X148.468 Y90.606 E766.97238
G1 X147.716 Y93.415 E767.07345
G1 X157.203 Y90.605 E767.41734
G1 X156.743 Y90.605 E767.43333
G1 X155.741 Y92.612 E767.5113
G1 X155.951 Y93.392 E767.53937
G1 X155.559 Y93.393 E767.553
G1 X155.375 Y92.709 E767.57762
G1 X153.272 Y90.606 E767.68099
G1 X152.374 Y90.605 E767.7122
G1 X151.627 Y93.392 E767.81249
G1 X150.724 Y93.392 E767.84387
G1 X147.939 Y90.607 E767.98076
G1 X146.516 Y90.606 E768.03022
G1 X145.769 Y93.393 E768.13051
G1 X145.39 Y93.392 E768.14368
G1 X142.605 Y90.607 E768.28058
G1 X140.658 Y90.606 E768.34825
G1 X139.911 Y93.393 E768.44853
G1 X137.959 Y93.393 E768.51638
G1 X138.705 Y90.607 E768.61662
G1 X139.939 Y90.608 E768.65951
G1 X142.722 Y93.392 E768.79633
G1 X143.817 Y93.393 E768.83439
G1 X144.563 Y90.606 E768.93467
G1 X145.272 Y90.607 E768.95931
G1 X148.057 Y93.392 E769.0962
G1 X149.674 Y93.393 E769.15241
G1 X150.421 Y90.605 E769.25273
G1 X150.606 Y90.607 E769.25916
G1 X153.391 Y93.392 E769.39605
G1 X154.088 Y93.392 E769.42027
G1 X164.435 Y90.62 E769.79259
G1 X163.592 Y92.457 E769.86284
G1 X163.843 Y93.392 E769.89648
G1 X163.448 Y93.392 E769.91021
G1 X163.225 Y92.556 E769.94029
G1 X161.273 Y90.604 E770.03623
G1 X160.184 Y90.604 E770.07408
G1 X159.437 Y93.393 E770.17444
G1 X161.374 Y93.392 E770.24176
G1 X165.192 Y92.37 E770.37913
G1 X165.192 Y91.857 E770.39697
G1 X163.94 Y90.604 E770.45853
G1 X162.137 Y90.604 E770.5212
G1 X161.389 Y93.393 E770.62156
G1 X161.197 Y93.441 E770.62844
G1 X158.606 Y90.605 E770.76195
G1 X158.231 Y90.605 E770.77499
G1 X157.484 Y93.392 E770.87527
G1 X158.726 Y93.392 E770.91844
G1 X155.939 Y90.605 E771.05543
G1 X154.326 Y90.605 E771.11149
G1 X153.579 Y93.393 E771.21181
G1 X153.551 Y93.499
G1 F2400 E770.71181
;MESH:Pin 5mm - AKM.STL(3)
G0 F15000 X166.248 Y103.695
;TYPE:WALL-OUTER
G1 F2400 E771.21181
G1 F8407.6 X166.028 Y103.444 E771.22423
G1 F9000 X166.028 Y100.552 E771.32475
G1 F8372.1 X166.204 Y100.302 E771.33617
G1 F7780 X167.043 Y100.304 E771.36991
G1 F8032.5 X167.277 Y100.407 E771.37986
G1 F8665.2 X167.364 Y100.484 E771.38406
G1 F9000 X167.612 Y100.76 E771.39695
G1 X167.715 Y101.086 E771.40884
G1 X167.71 Y102.962 E771.47404
G1 X167.576 Y103.3 E771.48668
G1 F8819.6 X167.279 Y103.582 E771.5012
G1 F8301.9 X167.045 Y103.694 E771.51098
G1 F7935.9 X166.248 Y103.695 E771.54239
G1 F2400 E771.04239
G0 F15000 X136.615 Y104.272
G1 F2400 E771.54239
G1 F9000 X136.748 Y104.228 E771.54726
G1 X165.244 Y104.228 E772.53769
G1 F8703.3 X165.746 Y104.213 E772.55575
G1 F8148.1 X166.248 Y104.197 E772.57503
G1 F7935.9 X167.101 Y104.195 E772.60865
G1 F8301.9 X167.398 Y104.219 E772.61988
G1 F8819.6 X167.643 Y104.227 E772.62857
G1 F9000 X168.528 Y104.228 E772.65933
G1 X168.528 Y99.768 E772.81435
G1 X167.683 Y99.769 E772.84372
G1 F8665.2 X167.379 Y99.785 E772.85471
G1 F7983.9 X167.142 Y99.807 E772.86403
G1 F7764.7 X166.979 Y99.8 E772.8706
G1 F7841.6 X166.161 Y99.801 E772.90324
G1 F8372.1 X165.244 Y99.768 E772.93752
G1 F9000 X136.748 Y99.772 E773.92795
G1 X136.615 Y99.728 E773.93282
G1 X136.531 Y99.59 E773.93844
G1 X136.528 Y98.481 E773.97698
G1 X135.468 Y98.484 E774.01382
G1 X135.468 Y105.516 E774.25823
G1 X136.528 Y105.516 E774.29508
G1 X136.528 Y104.448 E774.3322
G1 X136.615 Y104.272 E774.33902
G0 F15000 X136.748 Y103.788
;TYPE:WALL-INNER
G1 F10500 X165.932 Y103.788 E775.35336
G1 X165.588 Y103.444 E775.37027
G1 X165.588 Y100.552 E775.47079
G1 X165.878 Y100.207 E775.48645
G1 X136.748 Y100.212 E776.49892
G1 X136.351 Y100.08 E776.51346
G1 F8619.4 X136.003 Y99.682 E776.53585
G1 X135.908 Y100.302 E776.5624
G1 F10500 X135.908 Y103.698 E776.68044
G1 F8717 X135.998 Y104.448 E776.71206
G1 X136.351 Y103.92 E776.73865
G1 F10500 X136.748 Y103.788 E776.75319
G1 F2400 E776.25319
G0 F15000 X135.998 Y104.448
G1 F2400 E776.75319
G1 F7451.6 X135.998 Y104.986 E776.77954
G1 F2400 E776.27954
G0 F15000 X136.003 Y99.682
G1 F2400 E776.77954
G1 F7380.2 X135.998 Y99.012 E776.81268
G1 F2400 E776.31268
G0 F15000 X167.97 Y100.326
G1 F2400 E776.81268
G1 F7185.1 X168.003 Y100.41 E776.81726
G1 F8833.7 X168.09 Y100.762 E776.83224
G1 F11268.3 X168.124 Y101.069 E776.84224
G1 F11968.9 X168.122 Y101.729 E776.86237
G1 F11846.2 X168.119 Y102.389 E776.8827
G1 F11725.9 X168.116 Y103.049 E776.90324
G1 F10523.9 X168.067 Y103.356 E776.91402
G1 F8076.9 X167.977 Y103.677 E776.92909
G1 F2400 E776.42909
G0 F15000 X153.579 Y103.392
;TYPE:FILL
G1 F2400 E776.92909
G1 F15000 X154.326 Y100.605 E777.02937
G1 X155.94 Y100.606 E777.08547
G1 X158.726 Y103.392 E777.22241
G1 X157.484 Y103.392 E777.26558
G1 X158.231 Y100.604 E777.3659
G1 X158.606 Y100.605 E777.37893
G1 X161.204 Y103.43 E777.51233
G1 X161.389 Y103.393 E777.51889
G1 X162.136 Y100.604 E777.61924
G1 X163.94 Y100.604 E777.68194
G1 X165.192 Y101.857 E777.74351
G1 X165.191 Y102.37 E777.76134
G1 X161.374 Y103.392 E777.89868
G1 X159.437 Y103.392 E777.966
G1 X160.184 Y100.604 E778.06632
G1 X161.273 Y100.604 E778.10417
G1 X163.225 Y102.556 E778.20012
G1 X163.449 Y103.392 E778.2302
G1 X163.843 Y103.392 E778.2439
G1 X163.592 Y102.457 E778.27754
G1 X164.437 Y100.619 E778.34785
G1 X154.087 Y103.392 E778.72028
G1 X153.392 Y103.392 E778.74443
G1 X150.606 Y100.606 E778.88137
G1 X150.421 Y100.605 E778.8878
G1 X149.674 Y103.393 E778.98812
G1 X148.058 Y103.392 E779.04429
G1 X145.272 Y100.607 E779.18121
G1 X144.563 Y100.606 E779.20585
G1 X143.816 Y103.392 E779.3061
G1 X142.723 Y103.392 E779.34409
G1 X139.939 Y100.609 E779.48091
G1 X138.705 Y100.607 E779.5238
G1 X137.959 Y103.392 E779.62401
G1 X139.911 Y103.393 E779.69186
G1 X140.658 Y100.607 E779.79211
G1 X142.606 Y100.608 E779.85982
G1 X145.39 Y103.392 E779.99666
G1 X145.769 Y103.393 E780.00983
G1 X146.516 Y100.606 E780.11012
G1 X147.939 Y100.607 E780.15958
G1 X150.725 Y103.392 E780.2965
G1 X151.627 Y103.392 E780.32785
G1 X152.373 Y100.605 E780.42812
G1 X153.272 Y100.606 E780.45937
G1 X155.376 Y102.71 E780.56279
G1 X155.559 Y103.393 E780.58737
G1 X155.951 Y103.392 E780.60099
G1 X155.742 Y102.61 E780.62912
G1 X156.742 Y100.605 E780.707
G1 X157.203 Y100.605 E780.72302
G1 X147.716 Y103.415 E781.06692
G1 X148.468 Y100.605 E781.16802
G1 X149.912 Y100.606 E781.21821
G1 X139.515 Y103.392 E781.59233
G1 X139.409 Y103.42
G1 F2400 E781.09233
G0 F15000 X136.303 Y102.307
G1 F2400 E781.59233
G1 F15000 X137.389 Y103.392 E781.64568
G1 X136.721 Y103.392 E781.6689
G1 X136.304 Y103.532 E781.68419
G1 X136.305 Y102.3 E781.72701
G1 X142.38 Y100.587 E781.94639
G1 X142.61 Y100.606 E781.95441
G1 X141.864 Y103.392 E782.05466
G1 X140.056 Y103.392 E782.1175
G1 X137.272 Y100.609 E782.25432
G1 X136.753 Y100.607 E782.27236
G1 X136.304 Y102.281 E782.3326
G1 X136.303 Y100.469 E782.39558
G1 X136.303 Y100.359
G1 F2400 E781.89558
;MESH:Pin 5mm - AKM.STL(1)
G0 F15000 X136.615 Y114.272
;TYPE:WALL-OUTER
G1 F2400 E782.39558
G1 F9000 X136.748 Y114.228 E782.40044
G1 X165.244 Y114.228 E783.39088
G1 F8703.3 X165.746 Y114.213 E783.40893
G1 F8148.1 X166.248 Y114.197 E783.42821
G1 F7935.9 X167.101 Y114.195 E783.46183
G1 F8301.9 X167.398 Y114.219 E783.47306
G1 F8819.6 X167.643 Y114.227 E783.48175
G1 F9000 X168.528 Y114.228 E783.51251
G1 X168.528 Y109.768 E783.66753
G1 X167.683 Y109.769 E783.6969
G1 F8665.2 X167.379 Y109.785 E783.70789
G1 F7983.9 X167.142 Y109.807 E783.71721
G1 F7764.7 X166.979 Y109.8 E783.72379
G1 F7841.6 X166.161 Y109.801 E783.75642
G1 F8372.1 X165.244 Y109.768 E783.7907
G1 F9000 X136.748 Y109.772 E784.78113
G1 X136.615 Y109.728 E784.786
G1 X136.531 Y109.59 E784.79162
G1 X136.528 Y108.481 E784.83016
G1 X135.468 Y108.484 E784.867
G1 X135.468 Y115.516 E785.11141
G1 X136.528 Y115.516 E785.14826
G1 X136.528 Y114.448 E785.18538
G1 X136.615 Y114.272 E785.1922
G1 F2400 E784.6922
G0 F15000 X166.248 Y113.695
G1 F2400 E785.1922
G1 F8407.6 X166.028 Y113.444 E785.20462
G1 F9000 X166.028 Y110.552 E785.30514
G1 F8372.1 X166.204 Y110.302 E785.31656
G1 F7780 X167.043 Y110.304 E785.35029
G1 F8032.5 X167.277 Y110.407 E785.36025
G1 F8665.2 X167.364 Y110.484 E785.36444
G1 F9000 X167.612 Y110.76 E785.37734
G1 X167.715 Y111.086 E785.38922
G1 X167.71 Y112.962 E785.45443
G1 X167.576 Y113.3 E785.46706
G1 F8819.6 X167.279 Y113.582 E785.48159
G1 F8301.9 X167.045 Y113.694 E785.49137
G1 F7935.9 X166.248 Y113.695 E785.52278
G1 F2400 E785.02278
G0 F15000 X167.977 Y113.677
;TYPE:WALL-INNER
G1 F2400 E785.52278
G1 F8076.9 X168.067 Y113.356 E785.53784
G1 F10523.9 X168.116 Y113.049 E785.54862
G1 F11725.9 X168.118 Y112.389 E785.56917
G1 F11846.2 X168.121 Y111.729 E785.5895
G1 F11968.9 X168.124 Y111.069 E785.60962
G1 F11268.3 X168.09 Y110.762 E785.61963
G1 F8833.7 X168.003 Y110.41 E785.63461
G1 F7185.1 X167.97 Y110.326 E785.63919
G1 F2400 E785.13919
G0 F15000 X136.748 Y113.788
G1 F2400 E785.63919
G1 F10500 X165.932 Y113.788 E786.65353
G1 X165.588 Y113.444 E786.67044
G1 X165.588 Y110.552 E786.77096
G1 X165.878 Y110.207 E786.78663
G1 X136.748 Y110.212 E787.79909
G1 X136.351 Y110.08 E787.81363
G1 F8619.4 X136.003 Y109.682 E787.83602
G1 X135.908 Y110.302 E787.86258
G1 F10500 X135.908 Y113.698 E787.98061
G1 F8717 X135.998 Y114.448 E788.01223
G1 X136.351 Y113.92 E788.03882
G1 F10500 X136.748 Y113.788 E788.05337
G1 F2400 E787.55337
G0 F15000 X135.998 Y114.448
G1 F2400 E788.05337
G1 F7451.6 X135.998 Y114.986 E788.07971
G1 F2400 E787.57971
G0 F15000 X136.003 Y109.682
G1 F2400 E788.07971
G1 F7380.2 X135.998 Y109.012 E788.11285
G1 F2400 E787.61285
G0 F15000 X136.303 Y110.469
;TYPE:FILL
G1 F2400 E788.11285
G1 F15000 X136.304 Y112.281 E788.17583
G1 X136.752 Y110.608 E788.23602
G1 X137.272 Y110.608 E788.2541
G1 X140.056 Y113.392 E788.39094
G1 X141.864 Y113.392 E788.45378
G1 X142.61 Y110.607 E788.55399
G1 X142.352 Y110.607 E788.56296
G1 X136.304 Y112.3 E788.78125
G1 X136.304 Y113.532 E788.82407
G1 X136.721 Y113.392 E788.83936
G1 X137.389 Y113.392 E788.86257
G1 X136.303 Y112.307 E788.91593
G1 X136.226 Y112.23
G1 F2400 E788.41593
G0 F15000 X139.517 Y113.392
G1 F2400 E788.91593
G1 F15000 X149.914 Y110.606 E789.29005
G1 X148.468 Y110.606 E789.34031
G1 X147.716 Y113.416 E789.44141
G1 X157.205 Y110.605 E789.78538
G1 X156.743 Y110.605 E789.80144
G1 X155.741 Y112.611 E789.87938
G1 X155.951 Y113.392 E789.90749
G1 X155.559 Y113.392 E789.92111
G1 X155.375 Y112.708 E789.94573
G1 X153.272 Y110.606 E790.04908
G1 X152.373 Y110.605 E790.08032
G1 X151.627 Y113.392 E790.1806
G1 X150.725 Y113.392 E790.21195
G1 X147.939 Y110.607 E790.34887
G1 X146.516 Y110.606 E790.39833
G1 X145.769 Y113.393 E790.49861
G1 X145.39 Y113.392 E790.51179
G1 X142.606 Y110.608 E790.64863
G1 X140.657 Y110.608 E790.71637
G1 X139.911 Y113.392 E790.81655
G1 X137.959 Y113.392 E790.88439
G1 X138.705 Y110.607 E790.9846
G1 X139.939 Y110.608 E791.02749
G1 X142.723 Y113.392 E791.16434
G1 X143.816 Y113.392 E791.20233
G1 X144.563 Y110.606 E791.30258
G1 X145.272 Y110.607 E791.32722
G1 X148.058 Y113.392 E791.46414
G1 X149.674 Y113.392 E791.52031
G1 X150.421 Y110.606 E791.62056
G1 X150.606 Y110.606 E791.62699
G1 X153.392 Y113.392 E791.76393
G1 X154.092 Y113.392 E791.78826
G1 X164.436 Y110.62 E792.16047
G1 X163.592 Y112.457 E792.23074
G1 X163.843 Y113.392 E792.26438
G1 X163.449 Y113.392 E792.27808
G1 X163.225 Y112.556 E792.30816
G1 X161.273 Y110.604 E792.40411
G1 X160.184 Y110.604 E792.44196
G1 X159.437 Y113.392 E792.54228
G1 X161.378 Y113.392 E792.60974
G1 X165.191 Y112.37 E792.74695
G1 X165.192 Y111.857 E792.76478
G1 X163.94 Y110.604 E792.82634
G1 X162.136 Y110.604 E792.88904
G1 X161.389 Y113.392 E792.98936
G1 X161.197 Y113.392 E792.99604
G1 X158.606 Y110.605 E793.1283
G1 X158.231 Y110.604 E793.14133
G1 X157.484 Y113.392 E793.24165
G1 X158.726 Y113.392 E793.28482
G1 X155.94 Y110.606 E793.42176
G1 X154.326 Y110.605 E793.47786
G1 X153.579 Y113.392 E793.57815
G1 X153.551 Y113.498
G1 F2400 E793.07815
;MESH:Pin 5mm - AKM.STL(7)
G0 F15000 X166.248 Y123.695
;TYPE:WALL-OUTER
G1 F2400 E793.57815
G1 F8407.6 X166.028 Y123.444 E793.59056
G1 F9000 X166.028 Y120.552 E793.69108
G1 F8372.1 X166.204 Y120.302 E793.7025
G1 F7780 X167.043 Y120.304 E793.73624
G1 F8032.5 X167.277 Y120.407 E793.74619
G1 F8665.2 X167.364 Y120.484 E793.75039
G1 F9000 X167.612 Y120.76 E793.76329
G1 X167.715 Y121.086 E793.77517
G1 X167.71 Y122.962 E793.84037
G1 X167.576 Y123.3 E793.85301
G1 F8819.6 X167.279 Y123.582 E793.86754
G1 F8301.9 X167.045 Y123.694 E793.87731
G1 F7935.9 X166.248 Y123.695 E793.90873
G1 F2400 E793.40873
G0 F15000 X136.615 Y124.272
G1 F2400 E793.90873
G1 F9000 X136.748 Y124.228 E793.9136
G1 X165.244 Y124.228 E794.90403
G1 F8703.3 X165.746 Y124.213 E794.92208
G1 F8148.1 X166.248 Y124.197 E794.94136
G1 F7935.9 X167.101 Y124.195 E794.97498
G1 F8301.9 X167.398 Y124.219 E794.98621
G1 F8819.6 X167.643 Y124.227 E794.9949
G1 F9000 X168.528 Y124.228 E795.02566
G1 X168.528 Y119.768 E795.18068
G1 X167.683 Y119.769 E795.21005
G1 F8665.2 X167.379 Y119.785 E795.22104
G1 F7983.9 X167.142 Y119.807 E795.23036
G1 F7764.7 X166.979 Y119.8 E795.23694
G1 F7841.6 X166.161 Y119.801 E795.26957
G1 F8372.1 X165.244 Y119.768 E795.30385
G1 F9000 X136.748 Y119.772 E796.29428
G1 X136.615 Y119.728 E796.29915
G1 X136.531 Y119.59 E796.30477
G1 X136.528 Y118.481 E796.34331
G1 X135.468 Y118.484 E796.38016
G1 X135.468 Y125.516 E796.62457
G1 X136.528 Y125.516 E796.66141
G1 X136.528 Y124.448 E796.69853
G1 X136.615 Y124.272 E796.70535
G0 F15000 X136.748 Y123.788
;TYPE:WALL-INNER
G1 F10500 X165.932 Y123.788 E797.7197
G1 X165.588 Y123.444 E797.7366
G1 X165.588 Y120.552 E797.83712
G1 X165.878 Y120.207 E797.85279
G1 X136.748 Y120.212 E798.86525
G1 X136.351 Y120.08 E798.87979
G1 F8619.4 X136.003 Y119.682 E798.90218
G1 X135.908 Y120.302 E798.92874
G1 F10500 X135.908 Y123.698 E799.04677
G1 F8717 X135.998 Y124.448 E799.07839
G1 X136.351 Y123.92 E799.10499
G1 F10500 X136.748 Y123.788 E799.11953
G1 F2400 E798.61953
G0 F15000 X135.998 Y124.448
G1 F2400 E799.11953
G1 F7451.6 X135.998 Y124.986 E799.14588
G1 F2400 E798.64588
G0 F15000 X136.003 Y119.682
G1 F2400 E799.14588
G1 F7380.2 X135.998 Y119.012 E799.17901
G1 F2400 E798.67901
G0 F15000 X167.97 Y120.326
G1 F2400 E799.17901
G1 F7185.1 X168.003 Y120.41 E799.18359
G1 F8833.7 X168.09 Y120.762 E799.19857
G1 F11268.3 X168.124 Y121.069 E799.20857
G1 F11968.9 X168.122 Y121.729 E799.2287
G1 F11846.2 X168.119 Y122.389 E799.24903
G1 F11725.9 X168.116 Y123.049 E799.26957
G1 F10523.9 X168.067 Y123.356 E799.28035
G1 F8076.9 X167.977 Y123.677 E799.29542
G1 F2400 E798.79542
G0 F15000 X153.579 Y123.393
;TYPE:FILL
G1 F2400 E799.29542
G1 F15000 X154.326 Y120.605 E799.39574
G1 X155.94 Y120.606 E799.45184
G1 X158.726 Y123.392 E799.58878
G1 X157.484 Y123.392 E799.63195
G1 X158.231 Y120.605 E799.73223
G1 X158.607 Y120.606 E799.7453
G1 X161.204 Y123.43 E799.87865
G1 X161.389 Y123.393 E799.88521
G1 X162.136 Y120.604 E799.98556
G1 X163.941 Y120.605 E800.0483
G1 X165.192 Y121.856 E800.10979
G1 X165.191 Y122.37 E800.12765
G1 X161.378 Y123.392 E800.26486
G1 X159.436 Y123.393 E800.33235
G1 X160.183 Y120.605 E800.43267
G1 X161.273 Y120.605 E800.47056
G1 X163.224 Y122.555 E800.56643
G1 X163.448 Y123.392 E800.59655
G1 X163.843 Y123.392 E800.61028
G1 X163.592 Y122.457 E800.64393
G1 X164.435 Y120.62 E800.71418
G1 X154.09 Y123.392 E801.08642
G1 X153.392 Y123.392 E801.11068
G1 X150.607 Y120.607 E801.24757
G1 X150.42 Y120.606 E801.25407
G1 X149.674 Y123.393 E801.35435
G1 X148.058 Y123.392 E801.41052
G1 X145.273 Y120.608 E801.54739
G1 X144.563 Y120.606 E801.57206
G1 X143.816 Y123.393 E801.67235
G1 X142.723 Y123.392 E801.71034
G1 X139.939 Y120.608 E801.84718
G1 X138.705 Y120.607 E801.89007
G1 X137.958 Y123.393 E801.99033
G1 X139.911 Y123.393 E802.05821
G1 X140.657 Y120.607 E802.15845
G1 X142.606 Y120.608 E802.22619
G1 X145.39 Y123.392 E802.36303
G1 X145.768 Y123.393 E802.37617
G1 X146.515 Y120.606 E802.47646
G1 X147.939 Y120.607 E802.52595
G1 X150.725 Y123.392 E802.66287
G1 X151.626 Y123.393 E802.69419
G1 X152.373 Y120.606 E802.79447
G1 X153.273 Y120.606 E802.82575
G1 X155.374 Y122.707 E802.92903
G1 X155.558 Y123.393 E802.95371
G1 X155.952 Y123.392 E802.96741
G1 X155.741 Y122.608 E802.99562
G1 X156.743 Y120.605 E803.07347
G1 X157.205 Y120.605 E803.08953
G1 X147.715 Y123.416 E803.43353
G1 X148.468 Y120.606 E803.53465
G1 X149.914 Y120.606 E803.5849
G1 X139.514 Y123.393 E803.95913
G1 X139.408 Y123.421
G1 F2400 E803.45913
G0 F15000 X136.303 Y122.307
G1 F2400 E803.95913
G1 F15000 X137.389 Y123.392 E804.01249
G1 X136.721 Y123.392 E804.0357
G1 X136.304 Y123.532 E804.05099
G1 X136.304 Y122.3 E804.09381
G1 X142.352 Y120.607 E804.3121
G1 X142.61 Y120.607 E804.32107
G1 X141.863 Y123.393 E804.42132
G1 X140.056 Y123.392 E804.48413
G1 X137.272 Y120.608 E804.62097
G1 X136.752 Y120.608 E804.63905
G1 X136.304 Y122.282 E804.69928
G1 X136.303 Y120.469 E804.76229
G1 X136.303 Y120.359
G1 F2400 E804.26229
;MESH:Pin 5mm - AKM.STL(6)
G0 F15000 X176.615 Y104.272
;TYPE:WALL-OUTER
G1 F2400 E804.76229
G1 F9000 X176.748 Y104.228 E804.76716
G1 X205.244 Y104.228 E805.75759
G1 F8703.3 X205.746 Y104.213 E805.77564
G1 F8148.1 X206.248 Y104.197 E805.79492
G1 F7935.9 X207.101 Y104.195 E805.82855
G1 F8301.9 X207.398 Y104.219 E805.83977
G1 F8819.6 X207.643 Y104.227 E805.84847
G1 F9000 X208.528 Y104.228 E805.87923
G1 X208.528 Y99.768 E806.03424
G1 X207.683 Y99.769 E806.06361
G1 F8665.2 X207.379 Y99.785 E806.0746
G1 F7983.9 X207.142 Y99.807 E806.08393
G1 F7764.7 X206.979 Y99.8 E806.0905
G1 F7841.6 X206.161 Y99.801 E806.12313
G1 F8372.1 X205.244 Y99.768 E806.15742
G1 F9000 X176.748 Y99.772 E807.14785
G1 X176.615 Y99.728 E807.15272
G1 X176.531 Y99.59 E807.15833
G1 X176.528 Y98.481 E807.19688
G1 X175.468 Y98.484 E807.23372
G1 X175.468 Y105.516 E807.47813
G1 X176.528 Y105.516 E807.51497
G1 X176.528 Y104.448 E807.55209
G1 X176.615 Y104.272 E807.55892
G1 F2400 E807.05892
G0 F15000 X206.248 Y103.695
G1 F2400 E807.55892
G1 F8407.6 X206.028 Y103.444 E807.57133
G1 F9000 X206.028 Y100.552 E807.67185
G1 F8372.1 X206.204 Y100.302 E807.68327
G1 F7780 X207.043 Y100.304 E807.71701
G1 F8032.5 X207.277 Y100.407 E807.72696
G1 F8665.2 X207.364 Y100.484 E807.73116
G1 F9000 X207.612 Y100.76 E807.74406
G1 X207.715 Y101.086 E807.75594
G1 X207.71 Y102.962 E807.82114
G1 X207.576 Y103.3 E807.83378
G1 F8819.6 X207.279 Y103.582 E807.84831
G1 F8301.9 X207.045 Y103.694 E807.85808
G1 F7935.9 X206.248 Y103.695 E807.8895
G1 F2400 E807.3895
G0 F15000 X207.977 Y103.677
;TYPE:WALL-INNER
G1 F2400 E807.8895
G1 F8076.9 X208.067 Y103.356 E807.90456
G1 F10523.9 X208.116 Y103.049 E807.91534
G1 F11725.9 X208.118 Y102.389 E807.93588
G1 F11846.2 X208.121 Y101.729 E807.95621
G1 F11968.9 X208.124 Y101.069 E807.97634
G1 F11268.3 X208.09 Y100.762 E807.98634
G1 F8833.7 X208.003 Y100.41 E808.00132
G1 F7185.1 X207.97 Y100.326 E808.00591
G1 F2400 E807.50591
G0 F15000 X176.748 Y103.788
G1 F2400 E808.00591
G1 F10500 X205.932 Y103.788 E809.02025
G1 X205.588 Y103.444 E809.03716
G1 X205.588 Y100.552 E809.13768
G1 X205.878 Y100.207 E809.15334
G1 X176.748 Y100.212 E810.16581
G1 X176.351 Y100.08 E810.18035
G1 F8619.4 X176.003 Y99.682 E810.20273
G1 X175.908 Y100.302 E810.22929
G1 F10500 X175.908 Y103.698 E810.34732
G1 F8717 X175.998 Y104.448 E810.37895
G1 X176.351 Y103.92 E810.40554
G1 F10500 X176.748 Y103.788 E810.42008
G1 F2400 E809.92008
G0 F15000 X175.998 Y104.448
G1 F2400 E810.42008
G1 F7451.6 X175.998 Y104.986 E810.44643
G1 F2400 E809.94643
G0 F15000 X176.003 Y99.682
G1 F2400 E810.44643
G1 F7380.2 X175.998 Y99.012 E810.47956
G1 F2400 E809.97956
G0 F15000 X176.303 Y100.469
;TYPE:FILL
G1 F2400 E810.47956
G1 F15000 X176.304 Y102.281 E810.54254
G1 X176.752 Y100.608 E810.60274
G1 X177.271 Y100.608 E810.62078
G1 X180.056 Y103.392 E810.75765
G1 X181.864 Y103.392 E810.82049
G1 X182.61 Y100.607 E810.9207
G1 X182.319 Y100.607 E810.93081
G1 X176.305 Y102.3 E811.14796
G1 X176.304 Y103.532 E811.19078
G1 X176.721 Y103.392 E811.20607
G1 X177.388 Y103.392 E811.22925
G1 X176.304 Y102.308 E811.28254
G1 X176.227 Y102.231
G1 F2400 E810.78254
G0 F15000 X179.515 Y103.392
G1 F2400 E811.28254
G1 F15000 X189.912 Y100.606 E811.65665
G1 X188.468 Y100.606 E811.70684
G1 X187.716 Y103.415 E811.80791
G1 X197.203 Y100.605 E812.15181
G1 X196.742 Y100.605 E812.16783
G1 X195.741 Y102.612 E812.24578
G1 X195.951 Y103.392 E812.27386
G1 X195.558 Y103.392 E812.28752
G1 X195.374 Y102.708 E812.31214
G1 X193.272 Y100.606 E812.41546
G1 X192.373 Y100.605 E812.44671
G1 X191.627 Y103.392 E812.54698
G1 X190.724 Y103.392 E812.57837
G1 X187.938 Y100.606 E812.71531
G1 X186.516 Y100.606 E812.76473
G1 X185.769 Y103.393 E812.86502
G1 X185.39 Y103.392 E812.87819
G1 X182.605 Y100.607 E813.01509
G1 X180.658 Y100.608 E813.08276
G1 X179.911 Y103.393 E813.18298
G1 X177.959 Y103.392 E813.25082
G1 X178.705 Y100.607 E813.35103
G1 X179.938 Y100.608 E813.39389
G1 X182.723 Y103.392 E813.53076
G1 X183.817 Y103.392 E813.56878
G1 X184.563 Y100.606 E813.66902
G1 X185.272 Y100.607 E813.69367
G1 X188.057 Y103.392 E813.83056
G1 X189.674 Y103.392 E813.88676
G1 X190.421 Y100.606 E813.98701
G1 X190.606 Y100.606 E813.99344
G1 X193.392 Y103.392 E814.13039
G1 X194.087 Y103.393 E814.15454
G1 X204.437 Y100.619 E814.52697
G1 X203.592 Y102.457 E814.59728
G1 X203.843 Y103.392 E814.63093
G1 X203.448 Y103.392 E814.64466
G1 X203.225 Y102.557 E814.6747
G1 X201.272 Y100.604 E814.7707
G1 X200.184 Y100.603 E814.80851
G1 X199.437 Y103.392 E814.90887
G1 X201.374 Y103.393 E814.97619
G1 X205.191 Y102.37 E815.11354
G1 X205.192 Y101.857 E815.13137
G1 X203.939 Y100.604 E815.19296
G1 X202.136 Y100.604 E815.25563
G1 X201.389 Y103.392 E815.35595
G1 X201.188 Y103.392 E815.36293
G1 X198.606 Y100.605 E815.49498
G1 X198.231 Y100.604 E815.50801
G1 X197.484 Y103.392 E815.60833
G1 X198.726 Y103.392 E815.6515
G1 X195.939 Y100.605 E815.78849
G1 X194.326 Y100.605 E815.84456
G1 X193.579 Y103.392 E815.94484
G1 X193.551 Y103.498
G1 F2400 E815.44484
;MESH:NONMESH
G0 F600 X193.551 Y103.498 Z2
G0 F15000 X56.615 Y114.288
;TIME_ELAPSED:361.445347
;LAYER:9
;TYPE:WALL-OUTER
;MESH:Pin 5mm - AKM.STL(4)
G1 F2400 E815.94484
G1 F9000 X56.748 Y114.244 E815.94971
G1 X85.228 Y114.244 E816.93959
G1 F8665.2 X85.738 Y114.227 E816.95801
G1 F8048.8 X86.248 Y114.209 E816.97784
G1 F7734.4 X87.044 Y114.207 E817.01003
G1 F7983.9 X87.262 Y114.226 E817.01861
G1 F8646.3 X87.486 Y114.244 E817.02674
G1 F9000 X88.528 Y114.244 E817.06295
G1 X88.528 Y109.752 E817.21908
G1 X87.656 Y109.752 E817.24939
G1 F8665.2 X87.37 Y109.769 E817.25973
G1 F7935.9 X87.118 Y109.794 E817.26972
G1 F7630.1 X86.16 Y109.789 E817.30899
G1 F8301.9 X85.228 Y109.752 E817.34414
G1 F9000 X56.748 Y109.752 E818.33401
G1 X56.615 Y109.708 E818.33888
G1 X56.531 Y109.57 E818.3445
G1 X56.528 Y108.472 E818.38266
G1 X55.468 Y108.472 E818.4195
G1 X55.468 Y115.524 E818.66461
G1 X56.528 Y115.524 E818.70145
G1 X56.528 Y114.464 E818.73829
G1 X56.615 Y114.288 E818.74511
G1 F2400 E818.24511
G0 F15000 X86.248 Y113.699
G1 F2400 E818.74511
G1 F8336.8 X86.028 Y113.444 E818.75775
G1 F9000 X86.028 Y110.552 E818.85827
G1 F8301.9 X86.204 Y110.298 E818.86991
G1 F7630.1 X87.039 Y110.306 E818.90415
G1 F7935.9 X87.272 Y110.405 E818.91412
G1 F8665.2 X87.356 Y110.476 E818.9181
G1 F9000 X87.63 Y110.785 E818.93245
G1 X87.716 Y111.093 E818.94356
G1 X87.71 Y113.01 E819.01019
G1 X87.548 Y113.35 E819.02328
G1 X87.262 Y113.576 E819.03595
G1 F8646.3 X87.187 Y113.631 E819.03932
G1 F7983.9 X87 Y113.698 E819.0471
G1 F7734.4 X86.248 Y113.699 E819.07751
G1 F2400 E818.57751
G0 F15000 X87.978 Y113.694
;TYPE:WALL-INNER
G1 F2400 E819.07751
G1 F7549 X88.026 Y113.526 E819.08596
G1 F9184.9 X88.087 Y113.26 E819.0968
G1 F11186.4 X88.116 Y113.081 E819.10272
G1 F12000 X88.117 Y112.387 E819.12383
G1 F11907.2 X88.119 Y111.693 E819.1451
G1 F11815.9 X88.121 Y110.999 E819.16653
G1 F10596.3 X88.068 Y110.647 E819.17879
G1 F8020.8 X87.972 Y110.308 E819.19482
G1 F2400 E818.69482
G0 F15000 X56.748 Y113.804
G1 F2400 E819.19482
G1 F10500 X85.948 Y113.804 E820.20972
G1 X85.588 Y113.444 E820.22742
G1 X85.588 Y110.552 E820.32793
G1 X85.892 Y110.191 E820.34434
G1 X56.748 Y110.192 E821.35729
G1 X56.351 Y110.06 E821.37183
G1 F8619.4 X56.003 Y109.662 E821.39422
G1 X55.908 Y110.282 E821.42077
G1 F10500 X55.908 Y113.714 E821.54006
G1 F8717 X55.998 Y114.464 E821.57169
G1 X56.351 Y113.936 E821.59828
G1 F10500 X56.748 Y113.804 E821.61282
G1 F2400 E821.11282
G0 F15000 X55.998 Y114.464
G1 F2400 E821.61282
G1 F7451.6 X55.998 Y114.994 E821.63877
G1 F2400 E821.13877
G0 F15000 X56.003 Y109.662
G1 F2400 E821.63877
G1 F7380.2 X55.998 Y109.002 E821.67141
G1 F2400 E821.17141
G0 F15000 X56.303 Y110.449
;TYPE:FILL
G1 F2400 E821.67141
G1 F15000 X56.304 Y112.281 E821.73509
G1 X56.758 Y110.588 E821.79601
G1 X57.252 Y110.588 E821.81318
G1 X60.072 Y113.408 E821.95179
G1 X61.86 Y113.408 E822.01394
G1 X62.615 Y110.587 E822.11544
G1 X62.372 Y110.584 E822.12388
G1 X56.304 Y112.3 E822.34306
G1 X56.304 Y113.548 E822.38644
G1 X56.721 Y113.408 E822.40172
G1 X57.405 Y113.408 E822.4255
G1 X56.303 Y112.306 E822.47967
G1 X56.226 Y112.229
G1 F2400 E821.97967
G0 F15000 X59.456 Y113.408
G1 F2400 E822.47967
G1 F15000 X69.981 Y110.588 E822.85838
G1 X68.473 Y110.587 E822.9108
G1 X67.717 Y113.408 E823.01231
G1 X66.742 Y113.408 E823.04619
G1 X77.268 Y110.588 E823.42495
G1 X76.283 Y110.587 E823.45918
G1 X75.742 Y112.607 E823.53187
G1 X75.956 Y113.408 E823.56068
G1 X75.561 Y113.408 E823.57441
G1 X75.374 Y112.707 E823.59963
G1 X73.256 Y110.588 E823.70376
G1 X72.378 Y110.587 E823.73428
G1 X71.622 Y113.408 E823.83578
G1 X70.741 Y113.408 E823.86641
G1 X67.921 Y110.588 E824.00502
G1 X66.52 Y110.588 E824.05371
G1 X65.765 Y113.408 E824.15518
G1 X65.407 Y113.408 E824.16762
G1 X62.587 Y110.588 E824.30624
G1 X60.663 Y110.588 E824.37311
G1 X59.907 Y113.408 E824.47458
G1 X57.955 Y113.408 E824.54243
G1 X58.71 Y110.588 E824.64389
G1 X59.92 Y110.588 E824.68595
G1 X62.739 Y113.408 E824.82454
G1 X63.812 Y113.408 E824.86183
G1 X64.568 Y110.588 E824.96331
G1 X65.254 Y110.588 E824.98715
G1 X68.074 Y113.408 E825.12576
G1 X69.67 Y113.408 E825.18124
G1 X70.426 Y110.588 E825.28271
G1 X70.588 Y110.588 E825.28834
G1 X73.408 Y113.408 E825.42696
G1 X74.03 Y113.408 E825.44857
G1 X84.555 Y110.588 E825.82729
G1 X84.459 Y110.588 E825.83063
G1 X83.592 Y112.457 E825.90224
G1 X83.848 Y113.408 E825.93647
G1 X83.453 Y113.408 E825.9502
G1 X83.224 Y112.555 E825.9809
G1 X81.257 Y110.588 E826.07758
G1 X80.188 Y110.587 E826.11474
G1 X79.432 Y113.408 E826.21625
G1 X81.316 Y113.408 E826.28173
G1 X85.191 Y112.37 E826.42116
G1 X85.192 Y111.855 E826.43906
G1 X83.924 Y110.588 E826.50136
G1 X82.141 Y110.587 E826.56333
G1 X81.385 Y113.408 E826.66484
G1 X81.198 Y113.408 E826.67134
G1 X78.59 Y110.588 E826.80484
G1 X78.236 Y110.587 E826.81715
G1 X77.48 Y113.408 E826.91866
G1 X78.743 Y113.408 E826.96256
G1 X75.923 Y110.588 E827.10117
G1 X74.331 Y110.587 E827.1565
G1 X73.575 Y113.408 E827.25801
G1 X73.547 Y113.514
G1 F2400 E826.75801
;MESH:Pin 5mm - AKM.STL
G0 F15000 X96.615 Y114.288
;TYPE:WALL-OUTER
G1 F2400 E827.25801
G1 F9000 X96.748 Y114.244 E827.26288
G1 X125.228 Y114.244 E828.25275
G1 F8665.2 X125.738 Y114.227 E828.27118
G1 F8048.8 X126.248 Y114.209 E828.29101
G1 F7734.4 X127.044 Y114.207 E828.3232
G1 F7983.9 X127.262 Y114.226 E828.33178
G1 F8646.3 X127.486 Y114.244 E828.33991
G1 F9000 X128.528 Y114.244 E828.37612
G1 X128.528 Y109.752 E828.53225
G1 X127.656 Y109.752 E828.56256
G1 F8665.2 X127.37 Y109.769 E828.5729
G1 F7935.9 X127.118 Y109.794 E828.58288
G1 F7630.1 X126.16 Y109.789 E828.62216
G1 F8301.9 X125.228 Y109.752 E828.6573
G1 F9000 X96.748 Y109.752 E829.64718
G1 X96.615 Y109.708 E829.65205
G1 X96.531 Y109.57 E829.65766
G1 X96.528 Y108.472 E829.69583
G1 X95.468 Y108.472 E829.73267
G1 X95.468 Y115.524 E829.97777
G1 X96.528 Y115.524 E830.01462
G1 X96.528 Y114.464 E830.05146
G1 X96.615 Y114.288 E830.05828
G1 F2400 E829.55828
G0 F15000 X126.248 Y113.699
G1 F2400 E830.05828
G1 F8336.8 X126.028 Y113.444 E830.07092
G1 F9000 X126.028 Y110.552 E830.17144
G1 F8301.9 X126.204 Y110.298 E830.18308
G1 F7630.1 X127.039 Y110.306 E830.21731
G1 F7935.9 X127.272 Y110.405 E830.22729
G1 F8665.2 X127.356 Y110.476 E830.23126
G1 F9000 X127.63 Y110.785 E830.24562
G1 X127.716 Y111.093 E830.25673
G1 X127.71 Y113.01 E830.32336
G1 X127.548 Y113.35 E830.33645
G1 X127.262 Y113.576 E830.34912
G1 F8646.3 X127.187 Y113.631 E830.35249
G1 F7983.9 X127 Y113.698 E830.36027
G1 F7734.4 X126.248 Y113.699 E830.39068
G1 F2400 E829.89068
G0 F15000 X127.978 Y113.694
;TYPE:WALL-INNER
G1 F2400 E830.39068
G1 F7549 X128.026 Y113.526 E830.39913
G1 F9184.9 X128.087 Y113.26 E830.40997
G1 F11186.4 X128.116 Y113.081 E830.41589
G1 F12000 X128.117 Y112.387 E830.43699
G1 F11907.2 X128.119 Y111.693 E830.45827
G1 F11815.9 X128.121 Y110.999 E830.4797
G1 F10596.3 X128.068 Y110.647 E830.49196
G1 F8020.8 X127.972 Y110.308 E830.50799
G1 F2400 E830.00799
G0 F15000 X96.748 Y113.804
G1 F2400 E830.50799
G1 F10500 X125.948 Y113.804 E831.52289
G1 X125.588 Y113.444 E831.54059
G1 X125.588 Y110.552 E831.6411
G1 X125.892 Y110.191 E831.65751
G1 X96.748 Y110.192 E832.67046
G1 X96.351 Y110.06 E832.685
G1 F8619.4 X96.003 Y109.662 E832.70739
G1 X95.908 Y110.282 E832.73394
G1 F10500 X95.908 Y113.714 E832.85323
G1 F8717 X95.998 Y114.464 E832.88485
G1 X96.351 Y113.936 E832.91144
G1 F10500 X96.748 Y113.804 E832.92598
G1 F2400 E832.42598
G0 F15000 X95.998 Y114.464
G1 F2400 E832.92598
G1 F7451.6 X95.998 Y114.994 E832.95194
G1 F2400 E832.45194
G0 F15000 X96.003 Y109.662
G1 F2400 E832.95194
G1 F7380.2 X95.998 Y109.002 E832.98458
G1 F2400 E832.48458
G0 F15000 X96.303 Y110.449
;TYPE:FILL
G1 F2400 E832.98458
G1 F15000 X96.304 Y112.282 E833.04829
G1 X96.758 Y110.588 E833.10924
G1 X97.252 Y110.588 E833.12641
G1 X100.072 Y113.408 E833.26503
G1 X101.86 Y113.408 E833.32717
G1 X102.615 Y110.588 E833.42864
G1 X102.365 Y110.588 E833.43733
G1 X96.304 Y112.3 E833.65623
G1 X96.304 Y113.548 E833.69961
G1 X96.721 Y113.408 E833.7149
G1 X97.405 Y113.408 E833.73867
G1 X96.304 Y112.307 E833.79279
G1 X96.227 Y112.23
G1 F2400 E833.29279
G0 F15000 X99.456 Y113.408
G1 F2400 E833.79279
G1 F15000 X109.981 Y110.588 E834.17151
G1 X108.473 Y110.588 E834.22392
G1 X107.717 Y113.409 E834.32543
G1 X106.742 Y113.408 E834.35932
G1 X117.268 Y110.588 E834.73807
G1 X116.283 Y110.587 E834.77231
G1 X115.742 Y112.608 E834.84502
G1 X115.956 Y113.408 E834.87381
G1 X115.562 Y113.409 E834.8875
G1 X115.374 Y112.707 E834.91276
G1 X113.255 Y110.588 E835.01692
G1 X112.378 Y110.588 E835.0474
G1 X111.622 Y113.408 E835.14887
G1 X110.741 Y113.408 E835.17949
G1 X107.921 Y110.588 E835.31811
G1 X106.52 Y110.588 E835.3668
G1 X105.765 Y113.408 E835.46827
G1 X105.406 Y113.408 E835.48075
G1 X102.586 Y110.588 E835.61936
G1 X100.663 Y110.588 E835.6862
G1 X99.907 Y113.408 E835.78767
G1 X97.955 Y113.408 E835.85552
G1 X98.71 Y110.587 E835.95702
G1 X99.919 Y110.588 E835.99904
G1 X102.739 Y113.408 E836.13765
G1 X103.812 Y113.408 E836.17494
G1 X104.568 Y110.587 E836.27645
G1 X105.254 Y110.588 E836.3003
G1 X108.073 Y113.408 E836.43889
G1 X109.67 Y113.408 E836.49439
G1 X110.426 Y110.587 E836.5959
G1 X110.588 Y110.588 E836.60153
G1 X113.408 Y113.408 E836.74014
G1 X114.03 Y113.408 E836.76176
G1 X124.555 Y110.588 E837.14048
G1 X124.46 Y110.588 E837.14378
G1 X123.592 Y112.457 E837.21541
G1 X123.847 Y113.408 E837.24963
G1 X123.452 Y113.408 E837.26336
G1 X123.224 Y112.555 E837.29405
G1 X121.257 Y110.588 E837.39073
G1 X120.188 Y110.587 E837.42789
G1 X119.432 Y113.409 E837.52943
G1 X121.316 Y113.408 E837.59491
G1 X125.191 Y112.37 E837.73434
G1 X125.193 Y111.857 E837.75217
G1 X123.924 Y110.588 E837.81455
G1 X122.141 Y110.588 E837.87652
G1 X121.385 Y113.409 E837.97803
G1 X121.2 Y113.416 E837.98446
G1 X118.59 Y110.588 E838.11822
G1 X118.236 Y110.588 E838.13052
G1 X117.48 Y113.408 E838.232
G1 X118.742 Y113.408 E838.27586
G1 X115.922 Y110.588 E838.41448
G1 X114.33 Y110.588 E838.46981
G1 X113.575 Y113.409 E838.57131
G1 X113.547 Y113.515
G1 F2400 E838.07131
;MESH:Pin 5mm - AKM.STL(2)
G0 F15000 X126.248 Y103.699
;TYPE:WALL-OUTER
G1 F2400 E838.57131
G1 F8336.8 X126.028 Y103.444 E838.58395
G1 F9000 X126.028 Y100.552 E838.68446
G1 F8301.9 X126.204 Y100.298 E838.69611
G1 F7630.1 X127.039 Y100.306 E838.73034
G1 F7935.9 X127.272 Y100.405 E838.74032
G1 F8665.2 X127.356 Y100.476 E838.74429
G1 F9000 X127.63 Y100.785 E838.75864
G1 X127.716 Y101.093 E838.76976
G1 X127.71 Y103.01 E838.83639
G1 X127.548 Y103.35 E838.84948
G1 X127.262 Y103.576 E838.86215
G1 F8646.3 X127.187 Y103.631 E838.86551
G1 F7983.9 X127 Y103.698 E838.87329
G1 F7734.4 X126.248 Y103.699 E838.90371
G1 F2400 E838.40371
G0 F15000 X96.615 Y104.288
G1 F2400 E838.90371
G1 F9000 X96.748 Y104.244 E838.90858
G1 X125.228 Y104.244 E839.89845
G1 F8665.2 X125.738 Y104.227 E839.91687
G1 F8048.8 X126.248 Y104.209 E839.93671
G1 F7734.4 X127.044 Y104.207 E839.9689
G1 F7983.9 X127.262 Y104.226 E839.97747
G1 F8646.3 X127.486 Y104.244 E839.9856
G1 F9000 X128.528 Y104.244 E840.02182
G1 X128.528 Y99.752 E840.17795
G1 X127.656 Y99.752 E840.20826
G1 F8665.2 X127.37 Y99.769 E840.2186
G1 F7935.9 X127.118 Y99.794 E840.22858
G1 F7630.1 X126.16 Y99.789 E840.26786
G1 F8301.9 X125.228 Y99.752 E840.303
G1 F9000 X96.748 Y99.752 E841.29288
G1 X96.615 Y99.708 E841.29775
G1 X96.531 Y99.57 E841.30336
G1 X96.528 Y98.472 E841.34152
G1 X95.468 Y98.472 E841.37837
G1 X95.468 Y105.524 E841.62347
G1 X96.528 Y105.524 E841.66031
G1 X96.528 Y104.464 E841.69716
G1 X96.615 Y104.288 E841.70398
G0 F15000 X96.748 Y103.804
;TYPE:WALL-INNER
G1 F10500 X125.948 Y103.804 E842.71888
G1 X125.588 Y103.444 E842.73658
G1 X125.588 Y100.552 E842.83709
G1 X125.892 Y100.191 E842.8535
G1 X96.748 Y100.192 E843.86645
G1 X96.351 Y100.06 E843.88099
G1 F8619.4 X96.003 Y99.662 E843.90337
G1 X95.908 Y100.282 E843.92993
G1 F10500 X95.908 Y103.714 E844.04922
G1 F8717 X95.998 Y104.464 E844.08084
G1 X96.351 Y103.936 E844.10743
G1 F10500 X96.748 Y103.804 E844.12197
G1 F2400 E843.62197
G0 F15000 X95.998 Y104.464
G1 F2400 E844.12197
G1 F7451.6 X95.998 Y104.994 E844.14793
G1 F2400 E843.64793
G0 F15000 X96.003 Y99.662
G1 F2400 E844.14793
G1 F7380.2 X95.998 Y99.002 E844.18057
G1 F2400 E843.68057
G0 F15000 X127.972 Y100.308
G1 F2400 E844.18057
G1 F8020.8 X128.068 Y100.647 E844.1966
G1 F10596.3 X128.122 Y100.998 E844.20883
G1 F11815.9 X128.121 Y101.692 E844.23027
G1 F11907.2 X128.119 Y102.386 E844.25154
G1 F12000 X128.117 Y103.08 E844.27264
G1 F11186.4 X128.087 Y103.26 E844.2786
G1 F9184.9 X128.026 Y103.526 E844.28944
G1 F7549 X127.978 Y103.694 E844.29789
G1 F2400 E843.79789
G0 F15000 X113.575 Y103.408
;TYPE:FILL
G1 F2400 E844.29789
G1 F15000 X114.331 Y100.587 E844.3994
G1 X115.922 Y100.588 E844.45469
G1 X118.742 Y103.408 E844.59331
G1 X117.48 Y103.408 E844.63717
G1 X118.236 Y100.587 E844.73868
G1 X118.59 Y100.588 E844.75098
G1 X121.198 Y103.408 E844.88449
G1 X121.385 Y103.408 E844.89099
G1 X122.141 Y100.587 E844.9925
G1 X123.924 Y100.588 E845.05447
G1 X125.193 Y101.857 E845.11684
G1 X125.191 Y102.37 E845.13467
G1 X121.316 Y103.409 E845.27411
G1 X119.433 Y103.408 E845.33956
G1 X120.188 Y100.587 E845.44106
G1 X121.257 Y100.588 E845.47822
G1 X123.224 Y102.555 E845.5749
G1 X123.453 Y103.408 E845.6056
G1 X123.848 Y103.408 E845.61933
G1 X123.593 Y102.458 E845.65351
G1 X124.46 Y100.588 E845.72516
G1 X124.555 Y100.588 E845.72846
G1 X114.03 Y103.409 E846.10719
G1 X113.408 Y103.408 E846.1288
G1 X110.588 Y100.588 E846.26742
G1 X110.426 Y100.588 E846.27305
G1 X109.67 Y103.408 E846.37452
G1 X108.073 Y103.408 E846.43003
G1 X105.254 Y100.588 E846.56862
G1 X104.568 Y100.588 E846.59246
G1 X103.812 Y103.408 E846.69394
G1 X102.739 Y103.408 E846.73123
G1 X99.919 Y100.588 E846.86984
G1 X98.71 Y100.588 E846.91187
G1 X97.955 Y103.408 E847.01333
G1 X99.907 Y103.408 E847.08118
G1 X100.663 Y100.588 E847.18265
G1 X102.586 Y100.588 E847.24949
G1 X105.406 Y103.408 E847.3881
G1 X105.765 Y103.408 E847.40058
G1 X106.521 Y100.587 E847.50209
G1 X107.921 Y100.588 E847.55075
G1 X110.741 Y103.408 E847.68936
G1 X111.622 Y103.409 E847.71998
G1 X112.378 Y100.587 E847.82153
G1 X113.255 Y100.588 E847.85201
G1 X115.374 Y102.707 E847.95616
G1 X115.561 Y103.408 E847.98138
G1 X115.956 Y103.408 E847.99511
G1 X115.742 Y102.607 E848.02393
G1 X116.283 Y100.587 E848.09661
G1 X117.269 Y100.588 E848.13088
G1 X106.742 Y103.409 E848.50967
G1 X107.717 Y103.408 E848.54356
G1 X108.473 Y100.587 E848.64507
G1 X109.983 Y100.588 E848.69755
G1 X99.456 Y103.408 E849.07634
G1 X99.35 Y103.436
G1 F2400 E848.57634
G0 F15000 X96.304 Y102.307
G1 F2400 E849.07634
G1 F15000 X97.405 Y103.408 E849.13046
G1 X96.721 Y103.408 E849.15423
G1 X96.304 Y103.548 E849.16952
G1 X96.304 Y102.301 E849.21286
G1 X102.372 Y100.584 E849.43205
G1 X102.616 Y100.587 E849.44053
G1 X101.86 Y103.408 E849.54204
G1 X100.072 Y103.408 E849.60418
G1 X97.252 Y100.588 E849.7428
G1 X96.758 Y100.587 E849.75997
G1 X96.304 Y102.281 E849.82092
G1 X96.303 Y100.449 E849.8846
G1 X96.303 Y100.339
G1 F2400 E849.3846
;MESH:Pin 5mm - AKM.STL(5)
G0 F15000 X136.615 Y94.288
;TYPE:WALL-OUTER
G1 F2400 E849.8846
G1 F9000 X136.748 Y94.244 E849.88947
G1 X165.228 Y94.244 E850.87934
G1 F8665.2 X165.738 Y94.227 E850.89776
G1 F8048.8 X166.248 Y94.209 E850.91759
G1 F7734.4 X167.044 Y94.207 E850.94979
G1 F7983.9 X167.262 Y94.226 E850.95836
G1 F8646.3 X167.486 Y94.244 E850.96649
G1 F9000 X168.528 Y94.244 E851.00271
G1 X168.528 Y89.752 E851.15884
G1 X167.656 Y89.752 E851.18914
G1 F8665.2 X167.37 Y89.769 E851.19949
G1 F7935.9 X167.118 Y89.794 E851.20947
G1 F7630.1 X166.16 Y89.789 E851.24875
G1 F8301.9 X165.228 Y89.752 E851.28389
G1 F9000 X136.748 Y89.752 E852.27377
G1 X136.615 Y89.708 E852.27863
G1 X136.531 Y89.57 E852.28425
G1 X136.528 Y88.472 E852.32241
G1 X135.468 Y88.472 E852.35925
G1 X135.468 Y95.524 E852.60436
G1 X136.528 Y95.524 E852.6412
G1 X136.528 Y94.464 E852.67804
G1 X136.615 Y94.288 E852.68487
G1 F2400 E852.18487
G0 F15000 X166.248 Y93.699
G1 F2400 E852.68487
G1 F8336.8 X166.028 Y93.444 E852.6975
G1 F9000 X166.028 Y90.552 E852.79802
G1 F8301.9 X166.204 Y90.298 E852.80967
G1 F7630.1 X167.039 Y90.306 E852.8439
G1 F7935.9 X167.272 Y90.405 E852.85388
G1 F8665.2 X167.356 Y90.476 E852.85785
G1 F9000 X167.63 Y90.785 E852.8722
G1 X167.716 Y91.093 E852.88332
G1 X167.71 Y93.01 E852.94995
G1 X167.548 Y93.35 E852.96304
G1 X167.262 Y93.576 E852.97571
G1 F8646.3 X167.187 Y93.631 E852.97907
G1 F7983.9 X167 Y93.698 E852.98685
G1 F7734.4 X166.248 Y93.699 E853.01727
G1 F2400 E852.51727
G0 F15000 X167.978 Y93.694
;TYPE:WALL-INNER
G1 F2400 E853.01727
G1 F7549 X168.026 Y93.526 E853.02572
G1 F9184.9 X168.087 Y93.26 E853.03656
G1 F11186.4 X168.116 Y93.081 E853.04247
G1 F12000 X168.117 Y92.387 E853.06358
G1 F11907.2 X168.119 Y91.693 E853.08485
G1 F11815.9 X168.121 Y90.999 E853.10629
G1 F10596.3 X168.068 Y90.647 E853.11855
G1 F8020.8 X167.972 Y90.308 E853.13458
G1 F2400 E852.63458
G0 F15000 X136.748 Y93.804
G1 F2400 E853.13458
G1 F10500 X165.948 Y93.804 E854.14948
G1 X165.588 Y93.444 E854.16717
G1 X165.588 Y90.552 E854.26769
G1 X165.892 Y90.191 E854.28409
G1 X136.748 Y90.192 E855.29705
G1 X136.351 Y90.06 E855.31159
G1 F8619.4 X136.003 Y89.662 E855.33397
G1 X135.908 Y90.282 E855.36053
G1 F10500 X135.908 Y93.714 E855.47981
G1 F8717 X135.998 Y94.464 E855.51144
G1 X136.351 Y93.936 E855.53803
G1 F10500 X136.748 Y93.804 E855.55257
G1 F2400 E855.05257
G0 F15000 X135.998 Y94.464
G1 F2400 E855.55257
G1 F7451.6 X135.998 Y94.994 E855.57853
G1 F2400 E855.07853
G0 F15000 X136.003 Y89.662
G1 F2400 E855.57853
G1 F7380.2 X135.998 Y89.002 E855.61117
G1 F2400 E855.11117
G0 F15000 X136.303 Y90.449
;TYPE:FILL
G1 F2400 E855.61117
G1 F15000 X136.304 Y92.282 E855.67487
G1 X136.758 Y90.587 E855.73586
G1 X137.252 Y90.588 E855.75303
G1 X140.071 Y93.408 E855.89162
G1 X141.86 Y93.408 E855.9538
G1 X142.616 Y90.587 E856.05531
G1 X142.37 Y90.584 E856.06386
G1 X136.304 Y92.3 E856.28297
G1 X136.304 Y93.548 E856.32635
G1 X136.721 Y93.408 E856.34164
G1 X137.404 Y93.408 E856.36538
G1 X136.303 Y92.307 E856.41949
G1 X136.226 Y92.23
G1 F2400 E855.91949
G0 F15000 X139.457 Y93.408
G1 F2400 E856.41949
G1 F15000 X149.98 Y90.588 E856.79815
G1 X148.473 Y90.587 E856.85052
G1 X147.718 Y93.408 E856.95202
G1 X146.743 Y93.408 E856.98591
G1 X157.268 Y90.588 E857.36463
G1 X156.284 Y90.587 E857.39883
G1 X155.742 Y92.608 E857.47156
G1 X155.956 Y93.408 E857.50034
G1 X155.562 Y93.408 E857.51403
G1 X155.375 Y92.708 E857.53922
G1 X153.255 Y90.588 E857.64342
G1 X152.378 Y90.587 E857.6739
G1 X151.622 Y93.409 E857.77545
G1 X150.74 Y93.408 E857.8061
G1 X147.92 Y90.588 E857.94472
G1 X146.521 Y90.587 E857.99334
G1 X145.765 Y93.409 E858.09488
G1 X145.406 Y93.408 E858.10736
G1 X142.586 Y90.588 E858.24597
G1 X140.663 Y90.588 E858.31281
G1 X139.907 Y93.408 E858.41429
G1 X137.955 Y93.408 E858.48213
G1 X138.711 Y90.588 E858.58361
G1 X139.919 Y90.588 E858.62559
G1 X142.739 Y93.408 E858.76421
G1 X143.812 Y93.408 E858.8015
G1 X144.568 Y90.588 E858.90298
G1 X145.253 Y90.588 E858.92678
G1 X148.073 Y93.408 E859.0654
G1 X149.67 Y93.408 E859.1209
G1 X150.426 Y90.588 E859.22238
G1 X150.588 Y90.588 E859.22801
G1 X153.408 Y93.408 E859.36662
G1 X154.029 Y93.408 E859.38821
G1 X164.555 Y90.588 E859.76696
G1 X164.46 Y90.588 E859.77026
G1 X163.592 Y92.46 E859.84198
G1 X163.846 Y93.408 E859.87609
G1 X163.454 Y93.408 E859.88972
G1 X163.226 Y92.558 E859.9203
G1 X161.256 Y90.588 E860.01714
G1 X160.189 Y90.588 E860.05422
G1 X159.433 Y93.408 E860.1557
G1 X161.316 Y93.408 E860.22115
G1 X165.191 Y92.37 E860.36058
G1 X165.192 Y91.857 E860.37841
G1 X163.924 Y90.588 E860.44076
G1 X162.141 Y90.587 E860.50273
G1 X161.385 Y93.408 E860.60424
G1 X161.201 Y93.408 E860.61063
G1 X158.589 Y90.588 E860.74423
G1 X158.236 Y90.587 E860.7565
G1 X157.48 Y93.408 E860.85801
G1 X158.742 Y93.408 E860.90187
G1 X155.922 Y90.588 E861.04049
G1 X154.331 Y90.587 E861.09579
G1 X153.575 Y93.408 E861.19729
G1 X153.547 Y93.514
G1 F2400 E860.69729
;MESH:Pin 5mm - AKM.STL(3)
G0 F15000 X166.248 Y103.699
;TYPE:WALL-OUTER
G1 F2400 E861.19729
G1 F8336.8 X166.028 Y103.444 E861.20993
G1 F9000 X166.028 Y100.552 E861.31045
G1 F8301.9 X166.204 Y100.298 E861.32209
G1 F7630.1 X167.039 Y100.306 E861.35633
G1 F7935.9 X167.272 Y100.405 E861.3663
G1 F8665.2 X167.356 Y100.476 E861.37027
G1 F9000 X167.63 Y100.785 E861.38463
G1 X167.716 Y101.093 E861.39574
G1 X167.71 Y103.01 E861.46237
G1 X167.548 Y103.35 E861.47546
G1 X167.262 Y103.576 E861.48813
G1 F8646.3 X167.187 Y103.631 E861.4915
G1 F7983.9 X167 Y103.698 E861.49928
G1 F7734.4 X166.248 Y103.699 E861.52969
G1 F2400 E861.02969
G0 F15000 X136.615 Y104.288
G1 F2400 E861.52969
G1 F9000 X136.748 Y104.244 E861.53456
G1 X165.228 Y104.244 E862.52444
G1 F8665.2 X165.738 Y104.227 E862.54286
G1 F8048.8 X166.248 Y104.209 E862.56269
G1 F7734.4 X167.044 Y104.207 E862.59489
G1 F7983.9 X167.262 Y104.226 E862.60346
G1 F8646.3 X167.486 Y104.244 E862.61159
G1 F9000 X168.528 Y104.244 E862.64781
G1 X168.528 Y99.752 E862.80393
G1 X167.656 Y99.752 E862.83424
G1 F8665.2 X167.37 Y99.769 E862.84459
G1 F7935.9 X167.118 Y99.794 E862.85457
G1 F7630.1 X166.16 Y99.789 E862.89384
G1 F8301.9 X165.228 Y99.752 E862.92899
G1 F9000 X136.748 Y99.752 E863.91886
G1 X136.615 Y99.708 E863.92373
G1 X136.531 Y99.57 E863.92935
G1 X136.528 Y98.472 E863.96751
G1 X135.468 Y98.472 E864.00435
G1 X135.468 Y105.524 E864.24946
G1 X136.528 Y105.524 E864.2863
G1 X136.528 Y104.464 E864.32314
G1 X136.615 Y104.288 E864.32997
G0 F15000 X136.748 Y103.804
;TYPE:WALL-INNER
G1 F10500 X165.948 Y103.804 E865.34487
G1 X165.588 Y103.444 E865.36256
G1 X165.588 Y100.552 E865.46308
G1 X165.892 Y100.191 E865.47948
G1 X136.748 Y100.192 E866.49243
G1 X136.351 Y100.06 E866.50698
G1 F8619.4 X136.003 Y99.662 E866.52936
G1 X135.908 Y100.282 E866.55592
G1 F10500 X135.908 Y103.714 E866.6752
G1 F8717 X135.998 Y104.464 E866.70683
G1 X136.351 Y103.936 E866.73342
G1 F10500 X136.748 Y103.804 E866.74796
G1 F2400 E866.24796
G0 F15000 X135.998 Y104.464
G1 F2400 E866.74796
G1 F7451.6 X135.998 Y104.994 E866.77392
G1 F2400 E866.27392
G0 F15000 X136.003 Y99.662
G1 F2400 E866.77392
G1 F7380.2 X135.998 Y99.002 E866.80655
G1 F2400 E866.30655
G0 F15000 X167.972 Y100.308
G1 F2400 E866.80655
G1 F8020.8 X168.068 Y100.647 E866.82259
G1 F10596.3 X168.122 Y100.998 E866.83482
G1 F11815.9 X168.121 Y101.692 E866.85625
G1 F11907.2 X168.119 Y102.386 E866.87752
G1 F12000 X168.117 Y103.08 E866.89863
G1 F11186.4 X168.087 Y103.26 E866.90458
G1 F9184.9 X168.026 Y103.526 E866.91543
G1 F7549 X167.978 Y103.694 E866.92387
G1 F2400 E866.42387
G0 F15000 X153.575 Y103.409
;TYPE:FILL
G1 F2400 E866.92387
G1 F15000 X154.331 Y100.588 E867.02538
G1 X155.922 Y100.588 E867.08068
G1 X158.742 Y103.408 E867.21929
G1 X157.48 Y103.408 E867.26316
G1 X158.236 Y100.588 E867.36463
G1 X158.589 Y100.588 E867.3769
G1 X161.201 Y103.417 E867.51073
G1 X161.385 Y103.409 E867.51713
G1 X162.141 Y100.588 E867.61864
G1 X163.924 Y100.588 E867.68061
G1 X165.192 Y101.857 E867.74296
G1 X165.191 Y102.37 E867.76079
G1 X161.316 Y103.408 E867.90022
G1 X159.432 Y103.409 E867.9657
G1 X160.188 Y100.587 E868.06725
G1 X161.256 Y100.588 E868.10437
G1 X163.226 Y102.558 E868.2012
G1 X163.454 Y103.408 E868.23179
G1 X163.846 Y103.408 E868.24541
G1 X163.592 Y102.46 E868.27952
G1 X164.459 Y100.587 E868.35126
G1 X164.555 Y100.587 E868.3546
G1 X154.029 Y103.408 E868.73336
G1 X153.408 Y103.408 E868.75494
G1 X150.588 Y100.588 E868.89356
G1 X150.426 Y100.587 E868.89919
G1 X149.67 Y103.408 E869.00069
G1 X148.073 Y103.408 E869.0562
G1 X145.253 Y100.588 E869.19481
G1 X144.568 Y100.587 E869.21862
G1 X143.812 Y103.408 E869.32013
G1 X142.739 Y103.408 E869.35743
G1 X139.919 Y100.588 E869.49604
G1 X138.711 Y100.587 E869.53803
G1 X137.955 Y103.408 E869.63953
G1 X139.907 Y103.408 E869.70738
G1 X140.663 Y100.588 E869.80885
G1 X142.586 Y100.588 E869.87569
G1 X145.406 Y103.408 E870.01431
G1 X145.765 Y103.408 E870.02678
G1 X146.521 Y100.588 E870.12826
G1 X147.92 Y100.588 E870.17688
G1 X150.74 Y103.408 E870.3155
G1 X151.622 Y103.408 E870.34615
G1 X152.378 Y100.588 E870.44763
G1 X153.255 Y100.588 E870.47811
G1 X155.374 Y102.707 E870.58227
G1 X155.562 Y103.409 E870.60752
G1 X155.956 Y103.408 E870.62122
G1 X155.742 Y102.608 E870.65
G1 X156.283 Y100.588 E870.72269
G1 X157.268 Y100.588 E870.75692
G1 X146.742 Y103.408 E871.13567
G1 X147.717 Y103.409 E871.16956
G1 X148.473 Y100.588 E871.27107
G1 X149.98 Y100.588 E871.32345
G1 X139.456 Y103.408 E871.70213
G1 X139.35 Y103.436
G1 F2400 E871.20213
G0 F15000 X136.303 Y102.307
G1 F2400 E871.70213
G1 F15000 X137.404 Y103.408 E871.75625
G1 X136.721 Y103.408 E871.77999
G1 X136.304 Y103.548 E871.79528
G1 X136.304 Y102.3 E871.83866
G1 X142.366 Y100.588 E872.05759
G1 X142.615 Y100.588 E872.06625
G1 X141.86 Y103.409 E872.16775
G1 X140.071 Y103.408 E872.22993
G1 X137.252 Y100.588 E872.36852
G1 X136.758 Y100.588 E872.38569
G1 X136.304 Y102.282 E872.44664
G1 X136.303 Y100.449 E872.51035
G1 X136.303 Y100.339
G1 F2400 E872.01035
;MESH:Pin 5mm - AKM.STL(1)
G0 F15000 X136.615 Y114.288
;TYPE:WALL-OUTER
G1 F2400 E872.51035
G1 F9000 X136.748 Y114.244 E872.51522
G1 X165.228 Y114.244 E873.50509
G1 F8665.2 X165.738 Y114.227 E873.52352
G1 F8048.8 X166.248 Y114.209 E873.54335
G1 F7734.4 X167.044 Y114.207 E873.57554
G1 F7983.9 X167.262 Y114.226 E873.58412
G1 F8646.3 X167.486 Y114.244 E873.59225
G1 F9000 X168.528 Y114.244 E873.62846
G1 X168.528 Y109.752 E873.78459
G1 X167.656 Y109.752 E873.8149
G1 F8665.2 X167.37 Y109.769 E873.82524
G1 F7935.9 X167.118 Y109.794 E873.83522
G1 F7630.1 X166.16 Y109.789 E873.8745
G1 F8301.9 X165.228 Y109.752 E873.90964
G1 F9000 X136.748 Y109.752 E874.89952
G1 X136.615 Y109.708 E874.90439
G1 X136.531 Y109.57 E874.91
G1 X136.528 Y108.472 E874.94817
G1 X135.468 Y108.472 E874.98501
G1 X135.468 Y115.524 E875.23011
G1 X136.528 Y115.524 E875.26696
G1 X136.528 Y114.464 E875.3038
G1 X136.615 Y114.288 E875.31062
G1 F2400 E874.81062
G0 F15000 X166.248 Y113.699
G1 F2400 E875.31062
G1 F8336.8 X166.028 Y113.444 E875.32326
G1 F9000 X166.028 Y110.552 E875.42378
G1 F8301.9 X166.204 Y110.298 E875.43542
G1 F7630.1 X167.039 Y110.306 E875.46965
G1 F7935.9 X167.272 Y110.405 E875.47963
G1 F8665.2 X167.356 Y110.476 E875.4836
G1 F9000 X167.63 Y110.785 E875.49796
G1 X167.716 Y111.093 E875.50907
G1 X167.71 Y113.01 E875.5757
G1 X167.548 Y113.35 E875.58879
G1 X167.262 Y113.576 E875.60146
G1 F8646.3 X167.187 Y113.631 E875.60483
G1 F7983.9 X167 Y113.698 E875.61261
G1 F7734.4 X166.248 Y113.699 E875.64302
G1 F2400 E875.14302
G0 F15000 X167.978 Y113.694
;TYPE:WALL-INNER
G1 F2400 E875.64302
G1 F7549 X168.026 Y113.526 E875.65147
G1 F9184.9 X168.087 Y113.26 E875.66231
G1 F11186.4 X168.116 Y113.081 E875.66823
G1 F12000 X168.117 Y112.387 E875.68934
G1 F11907.2 X168.119 Y111.693 E875.71061
G1 F11815.9 X168.121 Y110.999 E875.73204
G1 F10596.3 X168.068 Y110.647 E875.7443
G1 F8020.8 X167.972 Y110.308 E875.76033
G1 F2400 E875.26033
G0 F15000 X136.748 Y113.804
G1 F2400 E875.76033
G1 F10500 X165.948 Y113.804 E876.77523
G1 X165.588 Y113.444 E876.79293
G1 X165.588 Y110.552 E876.89344
G1 X165.892 Y110.191 E876.90985
G1 X136.748 Y110.192 E877.9228
G1 X136.351 Y110.06 E877.93734
G1 F8619.4 X136.003 Y109.662 E877.95973
G1 X135.908 Y110.282 E877.98628
G1 F10500 X135.908 Y113.714 E878.10557
G1 F8717 X135.998 Y114.464 E878.13719
G1 X136.351 Y113.936 E878.16378
G1 F10500 X136.748 Y113.804 E878.17833
G1 F2400 E877.67833
G0 F15000 X135.998 Y114.464
G1 F2400 E878.17833
G1 F7451.6 X135.998 Y114.994 E878.20428
G1 F2400 E877.70428
G0 F15000 X136.003 Y109.662
G1 F2400 E878.20428
G1 F7380.2 X135.998 Y109.002 E878.23692
G1 F2400 E877.73692
G0 F15000 X136.303 Y110.449
;TYPE:FILL
G1 F2400 E878.23692
G1 F15000 X136.304 Y112.282 E878.30063
G1 X136.758 Y110.588 E878.36159
G1 X137.252 Y110.588 E878.37876
G1 X140.071 Y113.408 E878.51734
G1 X141.86 Y113.408 E878.57952
G1 X142.615 Y110.588 E878.68099
G1 X142.366 Y110.588 E878.68964
G1 X136.304 Y112.3 E878.90858
G1 X136.304 Y113.548 E878.95196
G1 X136.721 Y113.408 E878.96725
G1 X137.404 Y113.408 E878.99099
G1 X136.303 Y112.307 E879.0451
G1 X136.226 Y112.23
G1 F2400 E878.5451
G0 F15000 X139.456 Y113.408
G1 F2400 E879.0451
G1 F15000 X149.983 Y110.588 E879.42389
G1 X148.473 Y110.588 E879.47637
G1 X147.717 Y113.408 E879.57785
G1 X146.742 Y113.409 E879.61174
G1 X157.269 Y110.588 E879.99053
G1 X156.283 Y110.587 E880.0248
G1 X155.742 Y112.608 E880.09752
G1 X155.956 Y113.408 E880.1263
G1 X155.562 Y113.409 E880.14
G1 X155.374 Y112.707 E880.16525
G1 X153.255 Y110.588 E880.26941
G1 X152.378 Y110.588 E880.29989
G1 X151.622 Y113.409 E880.4014
G1 X150.74 Y113.408 E880.43206
G1 X147.92 Y110.588 E880.57067
G1 X146.52 Y110.587 E880.61933
G1 X145.764 Y113.409 E880.72087
G1 X145.406 Y113.408 E880.73332
G1 X142.586 Y110.588 E880.87193
G1 X140.663 Y110.587 E880.93877
G1 X139.907 Y113.409 E881.04031
G1 X137.954 Y113.409 E881.10819
G1 X138.71 Y110.587 E881.20973
G1 X139.919 Y110.588 E881.25175
G1 X142.739 Y113.408 E881.39037
G1 X143.812 Y113.409 E881.42766
G1 X144.568 Y110.587 E881.5292
G1 X145.253 Y110.588 E881.55301
G1 X148.073 Y113.408 E881.69162
G1 X149.67 Y113.409 E881.74713
G1 X150.426 Y110.587 E881.84867
G1 X150.588 Y110.588 E881.8543
G1 X153.408 Y113.408 E881.99292
G1 X154.03 Y113.408 E882.01454
G1 X164.555 Y110.588 E882.39325
G1 X164.46 Y110.588 E882.39656
G1 X163.592 Y112.458 E882.46821
G1 X163.847 Y113.408 E882.5024
G1 X163.452 Y113.408 E882.51613
G1 X163.223 Y112.555 E882.54683
G1 X161.256 Y110.588 E882.64351
G1 X160.188 Y110.587 E882.68063
G1 X159.432 Y113.408 E882.78214
G1 X161.316 Y113.409 E882.84762
G1 X165.191 Y112.37 E882.98706
G1 X165.192 Y111.857 E883.00489
G1 X163.924 Y110.588 E883.06724
G1 X162.141 Y110.587 E883.12922
G1 X161.385 Y113.409 E883.23076
G1 X161.201 Y113.417 E883.23716
G1 X158.589 Y110.588 E883.37099
G1 X158.236 Y110.588 E883.38326
G1 X157.48 Y113.408 E883.48473
G1 X158.742 Y113.408 E883.5286
G1 X155.922 Y110.588 E883.66721
G1 X154.33 Y110.588 E883.72254
G1 X153.575 Y113.408 E883.82401
G1 X153.547 Y113.514
G1 F2400 E883.32401
;MESH:Pin 5mm - AKM.STL(7)
G0 F15000 X166.248 Y123.699
;TYPE:WALL-OUTER
G1 F2400 E883.82401
G1 F8336.8 X166.028 Y123.444 E883.83664
G1 F9000 X166.028 Y120.552 E883.93716
G1 F8301.9 X166.204 Y120.298 E883.9488
G1 F7630.1 X167.039 Y120.306 E883.98304
G1 F7935.9 X167.272 Y120.405 E883.99302
G1 F8665.2 X167.356 Y120.476 E883.99699
G1 F9000 X167.63 Y120.785 E884.01134
G1 X167.716 Y121.093 E884.02246
G1 X167.71 Y123.01 E884.08909
G1 X167.548 Y123.35 E884.10218
G1 X167.262 Y123.576 E884.11485
G1 F8646.3 X167.187 Y123.631 E884.11821
G1 F7983.9 X167 Y123.698 E884.12599
G1 F7734.4 X166.248 Y123.699 E884.15641
G1 F2400 E883.65641
G0 F15000 X136.615 Y124.288
G1 F2400 E884.15641
G1 F9000 X136.748 Y124.244 E884.16128
G1 X165.228 Y124.244 E885.15115
G1 F8665.2 X165.738 Y124.227 E885.16957
G1 F8048.8 X166.248 Y124.209 E885.18941
G1 F7734.4 X167.044 Y124.207 E885.2216
G1 F7983.9 X167.262 Y124.226 E885.23017
G1 F8646.3 X167.486 Y124.244 E885.2383
G1 F9000 X168.528 Y124.244 E885.27452
G1 X168.528 Y119.752 E885.43065
G1 X167.656 Y119.752 E885.46096
G1 F8665.2 X167.37 Y119.769 E885.4713
G1 F7935.9 X167.118 Y119.794 E885.48128
G1 F7630.1 X166.16 Y119.789 E885.52056
G1 F8301.9 X165.228 Y119.752 E885.5557
G1 F9000 X136.748 Y119.752 E886.54558
G1 X136.615 Y119.708 E886.55045
G1 X136.531 Y119.57 E886.55606
G1 X136.528 Y118.472 E886.59422
G1 X135.468 Y118.472 E886.63107
G1 X135.468 Y125.524 E886.87617
G1 X136.528 Y125.524 E886.91301
G1 X136.528 Y124.464 E886.94986
G1 X136.615 Y124.288 E886.95668
G0 F15000 X136.748 Y123.804
;TYPE:WALL-INNER
G1 F10500 X165.948 Y123.804 E887.97158
G1 X165.588 Y123.444 E887.98927
G1 X165.588 Y120.552 E888.08979
G1 X165.892 Y120.191 E888.10619
G1 X136.748 Y120.192 E889.11915
G1 X136.351 Y120.06 E889.13369
G1 F8619.4 X136.003 Y119.662 E889.15607
G1 X135.908 Y120.282 E889.18263
G1 F10500 X135.908 Y123.714 E889.30192
G1 F8717 X135.998 Y124.464 E889.33354
G1 X136.351 Y123.936 E889.36013
G1 F10500 X136.748 Y123.804 E889.37467
G1 F2400 E888.87467
G0 F15000 X135.998 Y124.464
G1 F2400 E889.37467
G1 F7451.6 X135.998 Y124.994 E889.40063
G1 F2400 E888.90063
G0 F15000 X136.003 Y119.662
G1 F2400 E889.40063
G1 F7380.2 X135.998 Y119.002 E889.43327
G1 F2400 E888.93327
G0 F15000 X167.972 Y120.308
G1 F2400 E889.43327
G1 F8020.8 X168.068 Y120.647 E889.4493
G1 F10596.3 X168.122 Y120.998 E889.46153
G1 F11815.9 X168.121 Y121.692 E889.48297
G1 F11907.2 X168.119 Y122.386 E889.50424
G1 F12000 X168.117 Y123.08 E889.52534
G1 F11186.4 X168.087 Y123.26 E889.5313
G1 F9184.9 X168.026 Y123.526 E889.54214
G1 F7549 X167.978 Y123.694 E889.55059
G1 F2400 E889.05059
G0 F15000 X153.575 Y123.408
;TYPE:FILL
G1 F2400 E889.55059
G1 F15000 X154.33 Y120.588 E889.65205
G1 X155.923 Y120.589 E889.70742
G1 X158.742 Y123.408 E889.84598
G1 X157.479 Y123.409 E889.88988
G1 X158.235 Y120.587 E889.99142
G1 X158.59 Y120.589 E890.00376
G1 X161.201 Y123.408 E890.13731
G1 X161.385 Y123.408 E890.14371
G1 X162.141 Y120.587 E890.24522
G1 X163.924 Y120.589 E890.30719
G1 X165.192 Y121.856 E890.36949
G1 X165.191 Y122.37 E890.38736
G1 X161.316 Y123.408 E890.52679
G1 X159.432 Y123.408 E890.59227
G1 X160.188 Y120.588 E890.69374
G1 X161.257 Y120.589 E890.7309
G1 X163.224 Y122.556 E890.82758
G1 X163.452 Y123.409 E890.85827
G1 X163.847 Y123.408 E890.872
G1 X163.592 Y122.458 E890.90619
G1 X164.459 Y120.588 E890.97783
G1 X164.556 Y120.588 E890.9812
G1 X154.03 Y123.408 E891.35995
G1 X153.408 Y123.408 E891.38157
G1 X150.588 Y120.589 E891.52016
G1 X150.425 Y120.588 E891.52583
G1 X149.669 Y123.408 E891.6273
G1 X148.073 Y123.408 E891.68277
G1 X145.254 Y120.589 E891.82134
G1 X144.568 Y120.588 E891.84518
G1 X143.812 Y123.408 E891.94666
G1 X142.739 Y123.408 E891.98395
G1 X139.919 Y120.589 E892.12254
G1 X138.71 Y120.588 E892.16456
G1 X137.954 Y123.408 E892.26604
G1 X139.907 Y123.409 E892.33392
G1 X140.662 Y120.588 E892.43542
G1 X142.587 Y120.589 E892.50232
G1 X145.406 Y123.408 E892.64089
G1 X145.764 Y123.409 E892.65333
G1 X146.52 Y120.588 E892.75484
G1 X147.921 Y120.589 E892.80353
G1 X150.74 Y123.408 E892.9421
G1 X151.622 Y123.409 E892.97275
G1 X152.378 Y120.587 E893.07429
G1 X153.255 Y120.589 E893.10478
G1 X155.374 Y122.707 E893.20891
G1 X155.561 Y123.408 E893.23413
G1 X155.956 Y123.408 E893.24785
G1 X155.742 Y122.608 E893.27664
G1 X156.283 Y120.588 E893.34932
G1 X157.268 Y120.588 E893.38356
G1 X146.743 Y123.408 E893.76227
G1 X147.717 Y123.409 E893.79613
G1 X148.473 Y120.587 E893.89767
G1 X149.981 Y120.588 E893.95008
G1 X139.456 Y123.408 E894.3288
G1 X139.35 Y123.436
G1 F2400 E893.8288
G0 F15000 X136.303 Y122.307
G1 F2400 E894.3288
G1 F15000 X137.404 Y123.408 E894.38292
G1 X136.721 Y123.408 E894.40666
G1 X136.304 Y123.548 E894.42195
G1 X136.304 Y122.3 E894.46532
G1 X142.371 Y120.584 E894.68447
G1 X142.615 Y120.587 E894.69295
G1 X141.859 Y123.409 E894.79449
G1 X140.071 Y123.408 E894.85664
G1 X137.252 Y120.589 E894.9952
G1 X136.757 Y120.588 E895.0124
G1 X136.304 Y122.282 E895.07335
G1 X136.303 Y120.449 E895.13706
G1 X136.303 Y120.339
G1 F2400 E894.63706
;MESH:Pin 5mm - AKM.STL(6)
G0 F15000 X176.615 Y104.288
;TYPE:WALL-OUTER
G1 F2400 E895.13706
G1 F9000 X176.748 Y104.244 E895.14193
G1 X205.228 Y104.244 E896.1318
G1 F8665.2 X205.738 Y104.227 E896.15023
G1 F8048.8 X206.248 Y104.209 E896.17006
G1 F7734.4 X207.044 Y104.207 E896.20225
G1 F7983.9 X207.262 Y104.226 E896.21083
G1 F8646.3 X207.486 Y104.244 E896.21896
G1 F9000 X208.528 Y104.244 E896.25517
G1 X208.528 Y99.752 E896.4113
G1 X207.656 Y99.752 E896.44161
G1 F8665.2 X207.37 Y99.769 E896.45195
G1 F7935.9 X207.118 Y99.794 E896.46193
G1 F7630.1 X206.16 Y99.789 E896.50121
G1 F8301.9 X205.228 Y99.752 E896.53635
G1 F9000 X176.748 Y99.752 E897.52623
G1 X176.615 Y99.708 E897.5311
G1 X176.531 Y99.57 E897.53671
G1 X176.528 Y98.472 E897.57488
G1 X175.468 Y98.472 E897.61172
G1 X175.468 Y105.524 E897.85682
G1 X176.528 Y105.524 E897.89367
G1 X176.528 Y104.464 E897.93051
G1 X176.615 Y104.288 E897.93733
G1 F2400 E897.43733
G0 F15000 X206.248 Y103.699
G1 F2400 E897.93733
G1 F8336.8 X206.028 Y103.444 E897.94997
G1 F9000 X206.028 Y100.552 E898.05049
G1 F8301.9 X206.204 Y100.298 E898.06213
G1 F7630.1 X207.039 Y100.306 E898.09636
G1 F7935.9 X207.272 Y100.405 E898.10634
G1 F8665.2 X207.356 Y100.476 E898.11031
G1 F9000 X207.63 Y100.785 E898.12467
G1 X207.716 Y101.093 E898.13578
G1 X207.71 Y103.01 E898.20241
G1 X207.548 Y103.35 E898.2155
G1 X207.262 Y103.576 E898.22817
G1 F8646.3 X207.187 Y103.631 E898.23154
G1 F7983.9 X207 Y103.698 E898.23932
G1 F7734.4 X206.248 Y103.699 E898.26973
G1 F2400 E897.76973
G0 F15000 X207.978 Y103.694
;TYPE:WALL-INNER
G1 F2400 E898.26973
G1 F7549 X208.026 Y103.526 E898.27818
G1 F9184.9 X208.087 Y103.26 E898.28902
G1 F11186.4 X208.116 Y103.081 E898.29494
G1 F12000 X208.117 Y102.387 E898.31604
G1 F11907.2 X208.119 Y101.693 E898.33732
G1 F11815.9 X208.121 Y100.999 E898.35875
G1 F10596.3 X208.068 Y100.647 E898.37101
G1 F8020.8 X207.972 Y100.308 E898.38704
G1 F2400 E897.88704
G0 F15000 X176.748 Y103.804
G1 F2400 E898.38704
G1 F10500 X205.948 Y103.804 E899.40194
G1 X205.588 Y103.444 E899.41964
G1 X205.588 Y100.552 E899.52015
G1 X205.892 Y100.191 E899.53656
G1 X176.748 Y100.192 E900.54951
G1 X176.351 Y100.06 E900.56405
G1 F8619.4 X176.003 Y99.662 E900.58644
G1 X175.908 Y100.282 E900.61299
G1 F10500 X175.908 Y103.714 E900.73228
G1 F8717 X175.998 Y104.464 E900.7639
G1 X176.351 Y103.936 E900.79049
G1 F10500 X176.748 Y103.804 E900.80504
G1 F2400 E900.30504
G0 F15000 X175.998 Y104.464
G1 F2400 E900.80504
G1 F7451.6 X175.998 Y104.994 E900.83099
G1 F2400 E900.33099
G0 F15000 X176.003 Y99.662
G1 F2400 E900.83099
G1 F7380.2 X175.998 Y99.002 E900.86363
G1 F2400 E900.36363
G0 F15000 X176.303 Y100.449
;TYPE:FILL
G1 F2400 E900.86363
G1 F15000 X176.304 Y102.282 E900.92734
G1 X176.758 Y100.588 E900.9883
G1 X177.251 Y100.588 E901.00543
G1 X180.071 Y103.408 E901.14404
G1 X181.86 Y103.408 E901.20622
G1 X182.615 Y100.588 E901.30769
G1 X182.366 Y100.588 E901.31634
G1 X176.305 Y102.3 E901.53525
G1 X176.304 Y103.548 E901.57862
G1 X176.721 Y103.408 E901.59391
G1 X177.404 Y103.408 E901.61765
G1 X176.303 Y102.307 E901.67177
G1 X176.226 Y102.23
G1 F2400 E901.17177
G0 F15000 X179.456 Y103.408
G1 F2400 E901.67177
G1 F15000 X189.98 Y100.588 E902.05046
G1 X188.473 Y100.588 E902.10283
G1 X187.717 Y103.408 E902.20431
G1 X186.742 Y103.408 E902.2382
G1 X197.268 Y100.588 E902.61695
G1 X196.283 Y100.587 E902.65119
G1 X195.742 Y102.608 E902.7239
G1 X195.955 Y103.408 E902.75268
G1 X195.561 Y103.409 E902.76637
G1 X195.374 Y102.708 E902.79159
G1 X193.254 Y100.588 E902.89579
G1 X192.378 Y100.588 E902.92624
G1 X191.622 Y103.409 E903.02775
G1 X190.74 Y103.408 E903.0584
G1 X187.92 Y100.588 E903.19702
G1 X186.521 Y100.588 E903.24564
G1 X185.765 Y103.409 E903.34715
G1 X185.406 Y103.408 E903.35963
G1 X182.586 Y100.588 E903.49824
G1 X180.663 Y100.587 E903.56508
G1 X179.907 Y103.409 E903.66662
G1 X177.955 Y103.409 E903.73447
G1 X178.711 Y100.587 E903.83601
G1 X179.918 Y100.588 E903.87796
G1 X182.738 Y103.408 E904.01657
G1 X183.812 Y103.409 E904.0539
G1 X184.568 Y100.587 E904.15545
G1 X185.253 Y100.588 E904.17925
G1 X188.073 Y103.408 E904.31787
G1 X189.67 Y103.409 E904.37337
G1 X190.426 Y100.587 E904.47492
G1 X190.587 Y100.588 E904.48051
G1 X193.407 Y103.408 E904.61913
G1 X194.029 Y103.408 E904.64074
G1 X204.555 Y100.588 E905.0195
G1 X204.46 Y100.588 E905.0228
G1 X203.592 Y102.46 E905.09452
G1 X203.846 Y103.408 E905.12863
G1 X203.454 Y103.408 E905.14225
G1 X203.226 Y102.558 E905.17284
G1 X201.256 Y100.588 E905.26967
G1 X200.188 Y100.587 E905.30679
G1 X199.432 Y103.408 E905.4083
G1 X201.316 Y103.408 E905.47378
G1 X205.191 Y102.37 E905.61322
G1 X205.192 Y101.857 E905.63105
G1 X203.923 Y100.588 E905.69342
G1 X202.141 Y100.587 E905.75536
G1 X201.385 Y103.409 E905.8569
G1 X201.201 Y103.417 E905.8633
G1 X198.589 Y100.588 E905.99713
G1 X198.236 Y100.588 E906.0094
G1 X197.48 Y103.408 E906.11088
G1 X198.742 Y103.408 E906.15474
G1 X195.922 Y100.588 E906.29335
G1 X194.331 Y100.588 E906.34865
G1 X193.575 Y103.408 E906.45013
G1 X193.547 Y103.514
G1 F2400 E905.95013
;MESH:NONMESH
G0 F600 X193.547 Y103.514 Z2.2
G0 F15000 X56.615 Y114.288
;TIME_ELAPSED:395.403442
;LAYER:10
;TYPE:WALL-OUTER
;MESH:Pin 5mm - AKM.STL(4)
G1 F2400 E906.45013
G1 F9000 X56.748 Y114.244 E906.45499
G1 X85.228 Y114.244 E907.44487
G1 F8665.2 X85.738 Y114.227 E907.46329
G1 F8048.8 X86.248 Y114.209 E907.48312
G1 F7826.1 X87.038 Y114.207 E907.5147
G1 F8372.1 X87.459 Y114.243 E907.53049
G1 F8979.6 X88.528 Y114.244 E907.56773
G1 F9000 X88.528 Y109.752 E907.72386
G1 F8959.3 X87.986 Y109.754 E907.74278
G1 F8839.3 X87.444 Y109.757 E907.76196
G1 F8461.5 X87.25 Y109.774 E907.76916
G1 F7888.4 X87.074 Y109.791 E907.77617
G1 F7659.6 X86.16 Y109.789 E907.8135
G1 F8301.9 X85.228 Y109.752 E907.84864
G1 F9000 X56.748 Y109.752 E908.83852
G1 X56.615 Y109.708 E908.84339
G1 X56.531 Y109.57 E908.849
G1 X56.528 Y108.472 E908.88717
G1 X55.468 Y108.472 E908.92401
G1 X55.468 Y115.524 E909.16911
G1 X56.528 Y115.527 E909.20596
G1 X56.528 Y114.464 E909.2429
G1 X56.615 Y114.288 E909.24973
G1 F2400 E908.74973
G0 F15000 X86.248 Y113.699
G1 F2400 E909.24973
G1 F8336.8 X86.028 Y113.444 E909.26236
G1 F9000 X86.028 Y110.552 E909.36288
G1 F8301.9 X86.204 Y110.298 E909.37452
G1 F7659.6 X87.015 Y110.303 E909.40764
G1 F7888.4 X87.183 Y110.36 E909.41468
G1 F8461.5 X87.252 Y110.407 E909.41777
G1 F8898.9 X87.501 Y110.592 E909.42867
G1 F9000 X87.626 Y110.779 E909.43649
G1 X87.716 Y111.093 E909.44784
G1 X87.71 Y113.01 E909.51447
G1 X87.575 Y113.308 E909.52584
G1 F8979.6 X87.331 Y113.539 E909.53755
G1 F8372.1 X86.998 Y113.698 E909.55133
G1 F7826.1 X86.248 Y113.699 E909.58131
G1 F2400 E909.08131
G0 F15000 X87.978 Y113.694
;TYPE:WALL-INNER
G1 F2400 E909.58131
G1 F7549 X88.026 Y113.526 E909.58976
G1 F9184.9 X88.087 Y113.26 E909.6006
G1 F11186.4 X88.116 Y113.081 E909.60652
G1 F12094.2 X88.118 Y112.418 E909.62652
G1 F12222.2 X88.12 Y111.755 E909.64632
G1 F12352.9 X88.122 Y111.092 E909.66591
G1 F11907.2 X88.106 Y110.892 E909.67206
G1 F10382 X88.065 Y110.635 E909.68121
G1 F8524 X88.009 Y110.408 E909.69122
G1 F7310.1 X87.975 Y110.305 E909.69663
G1 F2400 E909.19663
G0 F15000 X56.748 Y113.804
G1 F2400 E909.69663
G1 F10500 X85.948 Y113.804 E910.71153
G1 X85.588 Y113.444 E910.72923
G1 X85.588 Y110.552 E910.82974
G1 X85.892 Y110.191 E910.84615
G1 X56.748 Y110.192 E911.8591
G1 X56.351 Y110.06 E911.87364
G1 F8619.4 X56.003 Y109.662 E911.89603
G1 X55.908 Y110.282 E911.92258
G1 F10500 X55.908 Y113.714 E912.04187
G1 F8717 X55.998 Y114.464 E912.07349
G1 X56.351 Y113.936 E912.10008
G1 F10500 X56.748 Y113.804 E912.11462
G1 F2400 E911.61462
G0 F15000 X55.998 Y114.464
G1 F2400 E912.11462
G1 F7451.6 X55.998 Y114.996 E912.14068
G1 F2400 E911.64068
G0 F15000 X56.003 Y109.662
G1 F2400 E912.14068
G1 F7380.2 X55.998 Y109.002 E912.17332
G1 F2400 E911.67332
G0 F15000 X56.303 Y110.449
;TYPE:FILL
G1 F2400 E912.17332
G1 F15000 X56.304 Y112.281 E912.23699
G1 X56.758 Y110.588 E912.29791
G1 X57.252 Y110.588 E912.31508
G1 X60.072 Y113.408 E912.4537
G1 X61.86 Y113.408 E912.51584
G1 X62.615 Y110.587 E912.61734
G1 X62.372 Y110.584 E912.62579
G1 X56.304 Y112.3 E912.84496
G1 X56.304 Y113.548 E912.88834
G1 X56.721 Y113.408 E912.90363
G1 X57.405 Y113.408 E912.9274
G1 X56.303 Y112.306 E912.98157
G1 X56.226 Y112.229
G1 F2400 E912.48157
G0 F15000 X59.456 Y113.408
G1 F2400 E912.98157
G1 F15000 X69.981 Y110.588 E913.36029
G1 X68.473 Y110.587 E913.4127
G1 X67.717 Y113.408 E913.51421
G1 X66.742 Y113.408 E913.5481
G1 X77.268 Y110.588 E913.92685
G1 X76.283 Y110.587 E913.96109
G1 X75.742 Y112.607 E914.03377
G1 X75.956 Y113.408 E914.06259
G1 X75.561 Y113.408 E914.07632
G1 X75.374 Y112.707 E914.10153
G1 X73.256 Y110.588 E914.20566
G1 X72.378 Y110.587 E914.23618
G1 X71.622 Y113.408 E914.33769
G1 X70.741 Y113.408 E914.36831
G1 X67.921 Y110.588 E914.50692
G1 X66.52 Y110.588 E914.55562
G1 X65.765 Y113.408 E914.65708
G1 X65.407 Y113.408 E914.66953
G1 X62.587 Y110.588 E914.80814
G1 X60.663 Y110.588 E914.87501
G1 X59.907 Y113.408 E914.97649
G1 X57.955 Y113.408 E915.04433
G1 X58.71 Y110.588 E915.1458
G1 X59.92 Y110.588 E915.18786
G1 X62.739 Y113.408 E915.32644
G1 X63.812 Y113.408 E915.36374
G1 X64.568 Y110.588 E915.46521
G1 X65.254 Y110.588 E915.48906
G1 X68.074 Y113.408 E915.62767
G1 X69.67 Y113.408 E915.68314
G1 X70.426 Y110.588 E915.78462
G1 X70.588 Y110.588 E915.79025
G1 X73.408 Y113.408 E915.92886
G1 X74.03 Y113.408 E915.95048
G1 X84.555 Y110.588 E916.3292
G1 X84.459 Y110.588 E916.33254
G1 X83.592 Y112.457 E916.40414
G1 X83.848 Y113.408 E916.43838
G1 X83.453 Y113.408 E916.4521
G1 X83.224 Y112.555 E916.4828
G1 X81.257 Y110.588 E916.57949
G1 X80.188 Y110.587 E916.61664
G1 X79.432 Y113.408 E916.71815
G1 X81.316 Y113.408 E916.78363
G1 X85.191 Y112.37 E916.92306
G1 X85.192 Y111.855 E916.94096
G1 X83.924 Y110.588 E917.00327
G1 X82.141 Y110.587 E917.06524
G1 X81.385 Y113.408 E917.16675
G1 X81.198 Y113.408 E917.17325
G1 X78.59 Y110.588 E917.30675
G1 X78.236 Y110.587 E917.31905
G1 X77.48 Y113.408 E917.42056
G1 X78.743 Y113.408 E917.46446
G1 X75.923 Y110.588 E917.60307
G1 X74.331 Y110.587 E917.65841
G1 X73.575 Y113.408 E917.75992
G1 X73.547 Y113.514
G1 F2400 E917.25992
;MESH:Pin 5mm - AKM.STL
G0 F15000 X96.615 Y114.288
;TYPE:WALL-OUTER
G1 F2400 E917.75992
G1 F9000 X96.748 Y114.244 E917.76478
G1 X125.228 Y114.244 E918.75466
G1 F8665.2 X125.738 Y114.227 E918.77308
G1 F8048.8 X126.248 Y114.209 E918.79291
G1 F7826.1 X127.038 Y114.207 E918.82449
G1 F8372.1 X127.459 Y114.243 E918.84028
G1 F8979.6 X128.528 Y114.244 E918.87752
G1 F9000 X128.528 Y109.752 E919.03365
G1 F8959.3 X127.986 Y109.754 E919.05257
G1 F8839.3 X127.444 Y109.757 E919.07175
G1 F8461.5 X127.25 Y109.774 E919.07895
G1 F7888.4 X127.074 Y109.791 E919.08596
G1 F7659.6 X126.16 Y109.789 E919.12329
G1 F8301.9 X125.228 Y109.752 E919.15843
G1 F9000 X96.748 Y109.752 E920.14831
G1 X96.615 Y109.708 E920.15318
G1 X96.531 Y109.57 E920.15879
G1 X96.528 Y108.472 E920.19696
G1 X95.468 Y108.472 E920.2338
G1 X95.468 Y115.524 E920.4789
G1 X96.528 Y115.527 E920.51575
G1 X96.528 Y114.464 E920.55269
G1 X96.615 Y114.288 E920.55952
G1 F2400 E920.05952
G0 F15000 X126.248 Y113.699
G1 F2400 E920.55952
G1 F8336.8 X126.028 Y113.444 E920.57215
G1 F9000 X126.028 Y110.552 E920.67267
G1 F8301.9 X126.204 Y110.298 E920.68431
G1 F7659.6 X127.015 Y110.303 E920.71743
G1 F7888.4 X127.183 Y110.36 E920.72447
G1 F8461.5 X127.252 Y110.407 E920.72756
G1 F8898.9 X127.501 Y110.592 E920.73846
G1 F9000 X127.626 Y110.779 E920.74628
G1 X127.716 Y111.054 E920.75633
G1 X127.71 Y113.01 E920.82432
G1 X127.575 Y113.308 E920.83569
G1 F8979.6 X127.331 Y113.539 E920.8474
G1 F8372.1 X126.998 Y113.698 E920.86118
G1 F7826.1 X126.248 Y113.699 E920.89116
G1 F2400 E920.39116
G0 F15000 X127.978 Y113.694
;TYPE:WALL-INNER
G1 F2400 E920.89116
G1 F7549 X128.026 Y113.526 E920.89961
G1 F9184.9 X128.087 Y113.26 E920.91045
G1 F11186.4 X128.116 Y113.081 E920.91637
G1 F12094.2 X128.118 Y112.418 E920.93637
G1 F12222.2 X128.12 Y111.755 E920.95617
G1 F12352.9 X128.122 Y111.092 E920.97576
G1 F11907.2 X128.106 Y110.892 E920.98191
G1 F10382 X128.065 Y110.635 E920.99105
G1 F8524 X128.009 Y110.408 E921.00106
G1 F7310.1 X127.975 Y110.305 E921.00648
G1 F2400 E920.50648
G0 F15000 X96.748 Y113.804
G1 F2400 E921.00648
G1 F10500 X125.948 Y113.804 E922.02138
G1 X125.588 Y113.444 E922.03908
G1 X125.588 Y110.552 E922.13959
G1 X125.892 Y110.191 E922.156
G1 X96.748 Y110.192 E923.16895
G1 X96.351 Y110.06 E923.18349
G1 F8619.4 X96.003 Y109.662 E923.20587
G1 X95.908 Y110.282 E923.23243
G1 F10500 X95.908 Y113.714 E923.35172
G1 F8717 X95.998 Y114.464 E923.38334
G1 X96.351 Y113.936 E923.40993
G1 F10500 X96.748 Y113.804 E923.42447
G1 F2400 E922.92447
G0 F15000 X95.998 Y114.464
G1 F2400 E923.42447
G1 F7451.6 X95.998 Y114.996 E923.45053
G1 F2400 E922.95053
G0 F15000 X96.003 Y109.662
G1 F2400 E923.45053
G1 F7380.2 X95.998 Y109.002 E923.48317
G1 F2400 E922.98317
G0 F15000 X96.303 Y110.449
;TYPE:FILL
G1 F2400 E923.48317
G1 F15000 X96.304 Y112.282 E923.54688
G1 X96.758 Y110.588 E923.60783
G1 X97.252 Y110.588 E923.625
G1 X100.072 Y113.408 E923.76361
G1 X101.86 Y113.408 E923.82576
G1 X102.615 Y110.588 E923.92723
G1 X102.365 Y110.588 E923.93592
G1 X96.304 Y112.3 E924.15482
G1 X96.304 Y113.548 E924.1982
G1 X96.721 Y113.408 E924.21348
G1 X97.405 Y113.408 E924.23726
G1 X96.304 Y112.307 E924.29138
G1 X96.227 Y112.23
G1 F2400 E923.79138
G0 F15000 X99.456 Y113.408
G1 F2400 E924.29138
G1 F15000 X109.981 Y110.588 E924.6701
G1 X108.473 Y110.588 E924.72251
G1 X107.717 Y113.409 E924.82402
G1 X106.742 Y113.408 E924.85791
G1 X117.268 Y110.588 E925.23666
G1 X116.283 Y110.587 E925.27089
G1 X115.742 Y112.608 E925.34361
G1 X115.956 Y113.408 E925.37239
G1 X115.562 Y113.409 E925.38609
G1 X115.374 Y112.707 E925.41135
G1 X113.255 Y110.588 E925.5155
G1 X112.378 Y110.588 E925.54598
G1 X111.622 Y113.408 E925.64746
G1 X110.741 Y113.408 E925.67808
G1 X107.921 Y110.588 E925.81669
G1 X106.52 Y110.588 E925.86539
G1 X105.765 Y113.408 E925.96685
G1 X105.406 Y113.408 E925.97933
G1 X102.586 Y110.588 E926.11795
G1 X100.663 Y110.588 E926.18478
G1 X99.907 Y113.408 E926.28626
G1 X97.955 Y113.408 E926.3541
G1 X98.71 Y110.587 E926.4556
G1 X99.919 Y110.588 E926.49762
G1 X102.739 Y113.408 E926.63624
G1 X103.812 Y113.408 E926.67353
G1 X104.568 Y110.587 E926.77504
G1 X105.254 Y110.588 E926.79888
G1 X108.073 Y113.408 E926.93747
G1 X109.67 Y113.408 E926.99298
G1 X110.426 Y110.587 E927.09449
G1 X110.588 Y110.588 E927.10012
G1 X113.408 Y113.408 E927.23873
G1 X114.03 Y113.408 E927.26035
G1 X124.555 Y110.588 E927.63907
G1 X124.46 Y110.588 E927.64237
G1 X123.592 Y112.457 E927.714
G1 X123.847 Y113.408 E927.74822
G1 X123.452 Y113.408 E927.76195
G1 X123.224 Y112.555 E927.79263
G1 X121.257 Y110.588 E927.88932
G1 X120.188 Y110.587 E927.92647
G1 X119.432 Y113.409 E928.02802
G1 X121.316 Y113.408 E928.0935
G1 X125.191 Y112.37 E928.23293
G1 X125.193 Y111.857 E928.25076
G1 X123.924 Y110.588 E928.31314
G1 X122.141 Y110.588 E928.37511
G1 X121.385 Y113.409 E928.47662
G1 X121.2 Y113.416 E928.48305
G1 X118.59 Y110.588 E928.61681
G1 X118.236 Y110.588 E928.62911
G1 X117.48 Y113.408 E928.73059
G1 X118.742 Y113.408 E928.77445
G1 X115.922 Y110.588 E928.91306
G1 X114.33 Y110.588 E928.9684
G1 X113.575 Y113.409 E929.0699
G1 X113.547 Y113.515
G1 F2400 E928.5699
;MESH:Pin 5mm - AKM.STL(2)
G0 F15000 X126.248 Y103.699
;TYPE:WALL-OUTER
G1 F2400 E929.0699
G1 F8336.8 X126.028 Y103.444 E929.08253
G1 F9000 X126.028 Y100.552 E929.18305
G1 F8301.9 X126.204 Y100.298 E929.19469
G1 F7659.6 X127.015 Y100.303 E929.22781
G1 F7888.4 X127.183 Y100.36 E929.23485
G1 F8461.5 X127.252 Y100.407 E929.23794
G1 F8898.9 X127.501 Y100.592 E929.24884
G1 F9000 X127.626 Y100.779 E929.25666
G1 X127.716 Y101.093 E929.26801
G1 X127.71 Y103.01 E929.33464
G1 X127.575 Y103.308 E929.34601
G1 F8979.6 X127.331 Y103.539 E929.35772
G1 F8372.1 X126.998 Y103.698 E929.3715
G1 F7826.1 X126.248 Y103.699 E929.40148
G1 F2400 E928.90148
G0 F15000 X96.615 Y104.288
G1 F2400 E929.40148
G1 F9000 X96.748 Y104.244 E929.40635
G1 X125.228 Y104.244 E930.39622
G1 F8665.2 X125.738 Y104.227 E930.41465
G1 F8048.8 X126.248 Y104.209 E930.43448
G1 F7826.1 X127.038 Y104.207 E930.46606
G1 F8372.1 X127.459 Y104.243 E930.48184
G1 F8979.6 X128.528 Y104.244 E930.51908
G1 F9000 X128.528 Y99.752 E930.67521
G1 F8959.3 X127.986 Y99.754 E930.69413
G1 F8839.3 X127.444 Y99.757 E930.71332
G1 F8461.5 X127.25 Y99.774 E930.72051
G1 F7888.4 X127.074 Y99.791 E930.72753
G1 F7659.6 X126.16 Y99.789 E930.76485
G1 F8301.9 X125.228 Y99.752 E930.8
G1 F9000 X96.748 Y99.752 E931.78987
G1 X96.615 Y99.708 E931.79474
G1 X96.531 Y99.57 E931.80036
G1 X96.528 Y98.472 E931.83852
G1 X95.468 Y98.472 E931.87536
G1 X95.468 Y105.524 E932.12047
G1 X96.528 Y105.527 E932.15731
G1 X96.528 Y104.464 E932.19426
G1 X96.615 Y104.288 E932.20108
G0 F15000 X96.748 Y103.804
;TYPE:WALL-INNER
G1 F10500 X125.948 Y103.804 E933.21598
G1 X125.588 Y103.444 E933.23368
G1 X125.588 Y100.552 E933.33419
G1 X125.892 Y100.191 E933.3506
G1 X96.748 Y100.192 E934.36355
G1 X96.351 Y100.06 E934.37809
G1 F8619.4 X96.003 Y99.662 E934.40048
G1 X95.908 Y100.282 E934.42703
G1 F10500 X95.908 Y103.714 E934.54632
G1 F8717 X95.998 Y104.464 E934.57794
G1 X96.351 Y103.936 E934.60453
G1 F10500 X96.748 Y103.804 E934.61907
G1 F2400 E934.11907
G0 F15000 X95.998 Y104.464
G1 F2400 E934.61907
G1 F7451.6 X95.998 Y104.996 E934.64513
G1 F2400 E934.14513
G0 F15000 X96.003 Y99.662
G1 F2400 E934.64513
G1 F7380.2 X95.998 Y99.002 E934.67777
G1 F2400 E934.17777
G0 F15000 X127.975 Y100.305
G1 F2400 E934.67777
G1 F7310.1 X128.009 Y100.408 E934.68318
G1 F8524 X128.065 Y100.635 E934.69319
G1 F10382 X128.106 Y100.892 E934.70234
G1 F11907.2 X128.122 Y101.093 E934.70852
G1 F12352.9 X128.12 Y101.756 E934.72811
G1 F12222.2 X128.118 Y102.419 E934.74791
G1 F12094.2 X128.116 Y103.082 E934.76791
G1 F11186.4 X128.087 Y103.26 E934.77379
G1 F9184.9 X128.026 Y103.526 E934.78464
G1 F7549 X127.978 Y103.694 E934.79309
G1 F2400 E934.29309
G0 F15000 X113.575 Y103.408
;TYPE:FILL
G1 F2400 E934.79309
G1 F15000 X114.331 Y100.587 E934.89459
G1 X115.922 Y100.588 E934.94989
G1 X118.742 Y103.408 E935.08851
G1 X117.48 Y103.408 E935.13237
G1 X118.236 Y100.587 E935.23388
G1 X118.59 Y100.588 E935.24618
G1 X121.198 Y103.408 E935.37969
G1 X121.385 Y103.408 E935.38619
G1 X122.141 Y100.587 E935.48769
G1 X123.924 Y100.588 E935.54967
G1 X125.193 Y101.857 E935.61204
G1 X125.191 Y102.37 E935.62987
G1 X121.316 Y103.409 E935.76931
G1 X119.433 Y103.408 E935.83476
G1 X120.188 Y100.587 E935.93626
G1 X121.257 Y100.588 E935.97341
G1 X123.224 Y102.555 E936.0701
G1 X123.453 Y103.408 E936.1008
G1 X123.848 Y103.408 E936.11453
G1 X123.593 Y102.458 E936.14871
G1 X124.46 Y100.588 E936.22035
G1 X124.555 Y100.588 E936.22366
G1 X114.03 Y103.409 E936.60238
G1 X113.408 Y103.408 E936.624
G1 X110.588 Y100.588 E936.76262
G1 X110.426 Y100.588 E936.76825
G1 X109.67 Y103.408 E936.86972
G1 X108.073 Y103.408 E936.92523
G1 X105.254 Y100.588 E937.06382
G1 X104.568 Y100.588 E937.08766
G1 X103.812 Y103.408 E937.18914
G1 X102.739 Y103.408 E937.22643
G1 X99.919 Y100.588 E937.36504
G1 X98.71 Y100.588 E937.40706
G1 X97.955 Y103.408 E937.50853
G1 X99.907 Y103.408 E937.57638
G1 X100.663 Y100.588 E937.67785
G1 X102.586 Y100.588 E937.74469
G1 X105.406 Y103.408 E937.8833
G1 X105.765 Y103.408 E937.89578
G1 X106.521 Y100.587 E937.99729
G1 X107.921 Y100.588 E938.04595
G1 X110.741 Y103.408 E938.18456
G1 X111.622 Y103.409 E938.21518
G1 X112.378 Y100.587 E938.31672
G1 X113.255 Y100.588 E938.34721
G1 X115.374 Y102.707 E938.45136
G1 X115.561 Y103.408 E938.47658
G1 X115.956 Y103.408 E938.49031
G1 X115.742 Y102.607 E938.51912
G1 X116.283 Y100.587 E938.59181
G1 X117.269 Y100.588 E938.62608
G1 X106.742 Y103.409 E939.00487
G1 X107.717 Y103.408 E939.03876
G1 X108.473 Y100.587 E939.14027
G1 X109.983 Y100.588 E939.19275
G1 X99.456 Y103.408 E939.57154
G1 X99.35 Y103.436
G1 F2400 E939.07154
G0 F15000 X96.304 Y102.307
G1 F2400 E939.57154
G1 F15000 X97.405 Y103.408 E939.62566
G1 X96.721 Y103.408 E939.64943
G1 X96.304 Y103.548 E939.66472
G1 X96.304 Y102.301 E939.70806
G1 X102.372 Y100.584 E939.92725
G1 X102.616 Y100.587 E939.93573
G1 X101.86 Y103.408 E940.03724
G1 X100.072 Y103.408 E940.09938
G1 X97.252 Y100.588 E940.23799
G1 X96.758 Y100.587 E940.25516
G1 X96.304 Y102.281 E940.31612
G1 X96.303 Y100.449 E940.3798
G1 X96.303 Y100.339
G1 F2400 E939.8798
;MESH:Pin 5mm - AKM.STL(5)
G0 F15000 X136.615 Y94.288
;TYPE:WALL-OUTER
G1 F2400 E940.3798
G1 F9000 X136.748 Y94.244 E940.38466
G1 X165.228 Y94.244 E941.37454
G1 F8665.2 X165.738 Y94.227 E941.39296
G1 F8048.8 X166.248 Y94.209 E941.41279
G1 F7826.1 X167.038 Y94.207 E941.44437
G1 F8372.1 X167.459 Y94.243 E941.46016
G1 F8979.6 X168.528 Y94.244 E941.4974
G1 F9000 X168.528 Y89.752 E941.65352
G1 F8959.3 X167.986 Y89.754 E941.67245
G1 F8839.3 X167.444 Y89.757 E941.69163
G1 F8461.5 X167.25 Y89.774 E941.69883
G1 F7888.4 X167.074 Y89.791 E941.70584
G1 F7659.6 X166.16 Y89.789 E941.74317
G1 F8301.9 X165.228 Y89.752 E941.77831
G1 F9000 X136.748 Y89.752 E942.76819
G1 X136.615 Y89.708 E942.77306
G1 X136.531 Y89.57 E942.77867
G1 X136.528 Y88.472 E942.81684
G1 X135.468 Y88.472 E942.85368
G1 X135.468 Y95.524 E943.09878
G1 X136.528 Y95.527 E943.13563
G1 X136.528 Y94.464 E943.17257
G1 X136.615 Y94.288 E943.1794
G1 F2400 E942.6794
G0 F15000 X166.248 Y93.699
G1 F2400 E943.1794
G1 F8336.8 X166.028 Y93.444 E943.19203
G1 F9000 X166.028 Y90.552 E943.29255
G1 F8301.9 X166.204 Y90.298 E943.30419
G1 F7659.6 X167.015 Y90.303 E943.33731
G1 F7888.4 X167.183 Y90.36 E943.34435
G1 F8461.5 X167.252 Y90.407 E943.34744
G1 F8898.9 X167.501 Y90.592 E943.35834
G1 F9000 X167.626 Y90.779 E943.36616
G1 X167.716 Y91.054 E943.37621
G1 X167.71 Y93.01 E943.4442
G1 X167.575 Y93.308 E943.45557
G1 F8979.6 X167.331 Y93.539 E943.46727
G1 F8372.1 X166.998 Y93.698 E943.48106
G1 F7826.1 X166.248 Y93.699 E943.51104
G1 F2400 E943.01104
G0 F15000 X167.978 Y93.694
;TYPE:WALL-INNER
G1 F2400 E943.51104
G1 F7549 X168.026 Y93.526 E943.51949
G1 F9184.9 X168.087 Y93.26 E943.53033
G1 F11186.4 X168.116 Y93.081 E943.53625
G1 F12094.2 X168.118 Y92.418 E943.55625
G1 F12222.2 X168.12 Y91.755 E943.57605
G1 F12352.9 X168.122 Y91.092 E943.59564
G1 F11907.2 X168.106 Y90.892 E943.60179
G1 F10382 X168.065 Y90.635 E943.61093
G1 F8524 X168.009 Y90.408 E943.62094
G1 F7310.1 X167.975 Y90.305 E943.62636
G1 F2400 E943.12636
G0 F15000 X136.748 Y93.804
G1 F2400 E943.62636
G1 F10500 X165.948 Y93.804 E944.64126
G1 X165.588 Y93.444 E944.65895
G1 X165.588 Y90.552 E944.75947
G1 X165.892 Y90.191 E944.77587
G1 X136.748 Y90.192 E945.78883
G1 X136.351 Y90.06 E945.80337
G1 F8619.4 X136.003 Y89.662 E945.82575
G1 X135.908 Y90.282 E945.85231
G1 F10500 X135.908 Y93.714 E945.9716
G1 F8717 X135.998 Y94.464 E946.00322
G1 X136.351 Y93.936 E946.02981
G1 F10500 X136.748 Y93.804 E946.04435
G1 F2400 E945.54435
G0 F15000 X135.998 Y94.464
G1 F2400 E946.04435
G1 F7451.6 X135.998 Y94.996 E946.07041
G1 F2400 E945.57041
G0 F15000 X136.003 Y89.662
G1 F2400 E946.07041
G1 F7380.2 X135.998 Y89.002 E946.10305
G1 F2400 E945.60305
G0 F15000 X136.303 Y90.449
;TYPE:FILL
G1 F2400 E946.10305
G1 F15000 X136.304 Y92.282 E946.16676
G1 X136.758 Y90.587 E946.22774
G1 X137.252 Y90.588 E946.24491
G1 X140.071 Y93.408 E946.3835
G1 X141.86 Y93.408 E946.44568
G1 X142.616 Y90.587 E946.54719
G1 X142.37 Y90.584 E946.55574
G1 X136.304 Y92.3 E946.77485
G1 X136.304 Y93.548 E946.81823
G1 X136.721 Y93.408 E946.83352
G1 X137.404 Y93.408 E946.85726
G1 X136.303 Y92.307 E946.91137
G1 X136.226 Y92.23
G1 F2400 E946.41137
G0 F15000 X139.457 Y93.408
G1 F2400 E946.91137
G1 F15000 X149.98 Y90.588 E947.29003
G1 X148.473 Y90.587 E947.3424
G1 X147.718 Y93.408 E947.4439
G1 X146.743 Y93.408 E947.47779
G1 X157.268 Y90.588 E947.85651
G1 X156.284 Y90.587 E947.89071
G1 X155.742 Y92.608 E947.96344
G1 X155.956 Y93.408 E947.99222
G1 X155.562 Y93.408 E948.00591
G1 X155.375 Y92.708 E948.0311
G1 X153.255 Y90.588 E948.1353
G1 X152.378 Y90.587 E948.16579
G1 X151.622 Y93.409 E948.26733
G1 X150.74 Y93.408 E948.29798
G1 X147.92 Y90.588 E948.4366
G1 X146.521 Y90.587 E948.48522
G1 X145.765 Y93.409 E948.58676
G1 X145.406 Y93.408 E948.59924
G1 X142.586 Y90.588 E948.73785
G1 X140.663 Y90.588 E948.80469
G1 X139.907 Y93.408 E948.90617
G1 X137.955 Y93.408 E948.97401
G1 X138.711 Y90.588 E949.07549
G1 X139.919 Y90.588 E949.11747
G1 X142.739 Y93.408 E949.25609
G1 X143.812 Y93.408 E949.29338
G1 X144.568 Y90.588 E949.39486
G1 X145.253 Y90.588 E949.41867
G1 X148.073 Y93.408 E949.55728
G1 X149.67 Y93.408 E949.61278
G1 X150.426 Y90.588 E949.71426
G1 X150.588 Y90.588 E949.71989
G1 X153.408 Y93.408 E949.8585
G1 X154.029 Y93.408 E949.88009
G1 X164.555 Y90.588 E950.25884
G1 X164.46 Y90.588 E950.26214
G1 X163.592 Y92.46 E950.33386
G1 X163.846 Y93.408 E950.36797
G1 X163.454 Y93.408 E950.3816
G1 X163.226 Y92.558 E950.41219
G1 X161.256 Y90.588 E950.50902
G1 X160.189 Y90.588 E950.5461
G1 X159.433 Y93.408 E950.64758
G1 X161.316 Y93.408 E950.71303
G1 X165.191 Y92.37 E950.85246
G1 X165.192 Y91.857 E950.87029
G1 X163.924 Y90.588 E950.93264
G1 X162.141 Y90.587 E950.99461
G1 X161.385 Y93.408 E951.09612
G1 X161.201 Y93.408 E951.10251
G1 X158.589 Y90.588 E951.23611
G1 X158.236 Y90.587 E951.24838
G1 X157.48 Y93.408 E951.34989
G1 X158.742 Y93.408 E951.39375
G1 X155.922 Y90.588 E951.53237
G1 X154.331 Y90.587 E951.58767
G1 X153.575 Y93.408 E951.68917
G1 X153.547 Y93.514
G1 F2400 E951.18917
;MESH:Pin 5mm - AKM.STL(3)
G0 F15000 X166.248 Y103.699
;TYPE:WALL-OUTER
G1 F2400 E951.68917
G1 F8336.8 X166.028 Y103.444 E951.70181
G1 F9000 X166.028 Y100.552 E951.80233
G1 F8301.9 X166.204 Y100.298 E951.81397
G1 F7659.6 X167.015 Y100.303 E951.84709
G1 F7888.4 X167.183 Y100.36 E951.85413
G1 F8461.5 X167.252 Y100.407 E951.85721
G1 F8898.9 X167.501 Y100.592 E951.86812
G1 F9000 X167.626 Y100.779 E951.87594
G1 X167.716 Y101.093 E951.88729
G1 X167.71 Y103.01 E951.95392
G1 X167.575 Y103.308 E951.96529
G1 F8979.6 X167.331 Y103.539 E951.97699
G1 F8372.1 X166.998 Y103.698 E951.99078
G1 F7826.1 X166.248 Y103.699 E952.02076
G1 F2400 E951.52076
G0 F15000 X136.615 Y104.288
G1 F2400 E952.02076
G1 F9000 X136.748 Y104.244 E952.02563
G1 X165.228 Y104.244 E953.0155
G1 F8665.2 X165.738 Y104.227 E953.03392
G1 F8048.8 X166.248 Y104.209 E953.05376
G1 F7826.1 X167.038 Y104.207 E953.08533
G1 F8372.1 X167.459 Y104.243 E953.10112
G1 F8979.6 X168.528 Y104.244 E953.13836
G1 F9000 X168.528 Y99.752 E953.29449
G1 F8959.3 X167.986 Y99.754 E953.31341
G1 F8839.3 X167.444 Y99.757 E953.33259
G1 F8461.5 X167.25 Y99.774 E953.33979
G1 F7888.4 X167.074 Y99.791 E953.34681
G1 F7659.6 X166.16 Y99.789 E953.38413
G1 F8301.9 X165.228 Y99.752 E953.41928
G1 F9000 X136.748 Y99.752 E954.40915
G1 X136.615 Y99.708 E954.41402
G1 X136.531 Y99.57 E954.41964
G1 X136.528 Y98.472 E954.4578
G1 X135.468 Y98.472 E954.49464
G1 X135.468 Y105.524 E954.73975
G1 X136.528 Y105.527 E954.77659
G1 X136.528 Y104.464 E954.81354
G1 X136.615 Y104.288 E954.82036
G0 F15000 X136.748 Y103.804
;TYPE:WALL-INNER
G1 F10500 X165.948 Y103.804 E955.83526
G1 X165.588 Y103.444 E955.85296
G1 X165.588 Y100.552 E955.95347
G1 X165.892 Y100.191 E955.96988
G1 X136.748 Y100.192 E956.98283
G1 X136.351 Y100.06 E956.99737
G1 F8619.4 X136.003 Y99.662 E957.01975
G1 X135.908 Y100.282 E957.04631
G1 F10500 X135.908 Y103.714 E957.1656
G1 F8717 X135.998 Y104.464 E957.19722
G1 X136.351 Y103.936 E957.22381
G1 F10500 X136.748 Y103.804 E957.23835
G1 F2400 E956.73835
G0 F15000 X135.998 Y104.464
G1 F2400 E957.23835
G1 F7451.6 X135.998 Y104.996 E957.26441
G1 F2400 E956.76441
G0 F15000 X136.003 Y99.662
G1 F2400 E957.26441
G1 F7380.2 X135.998 Y99.002 E957.29705
G1 F2400 E956.79705
G0 F15000 X167.975 Y100.305
G1 F2400 E957.29705
G1 F7310.1 X168.009 Y100.408 E957.30246
G1 F8524 X168.065 Y100.635 E957.31247
G1 F10382 X168.106 Y100.892 E957.32162
G1 F11907.2 X168.122 Y101.093 E957.3278
G1 F12352.9 X168.12 Y101.756 E957.34739
G1 F12222.2 X168.118 Y102.419 E957.36718
G1 F12094.2 X168.116 Y103.082 E957.38719
G1 F11186.4 X168.087 Y103.26 E957.39307
G1 F9184.9 X168.026 Y103.526 E957.40392
G1 F7549 X167.978 Y103.694 E957.41236
G1 F2400 E956.91236
G0 F15000 X153.575 Y103.409
;TYPE:FILL
G1 F2400 E957.41236
G1 F15000 X154.331 Y100.588 E957.51387
G1 X155.922 Y100.588 E957.56917
G1 X158.742 Y103.408 E957.70778
G1 X157.48 Y103.408 E957.75165
G1 X158.236 Y100.588 E957.85312
G1 X158.589 Y100.588 E957.86539
G1 X161.201 Y103.417 E957.99922
G1 X161.385 Y103.409 E958.00562
G1 X162.141 Y100.588 E958.10713
G1 X163.924 Y100.588 E958.1691
G1 X165.192 Y101.857 E958.23145
G1 X165.191 Y102.37 E958.24928
G1 X161.316 Y103.408 E958.38872
G1 X159.432 Y103.409 E958.4542
G1 X160.188 Y100.587 E958.55574
G1 X161.256 Y100.588 E958.59286
G1 X163.226 Y102.558 E958.68969
G1 X163.454 Y103.408 E958.72028
G1 X163.846 Y103.408 E958.7339
G1 X163.592 Y102.46 E958.76802
G1 X164.459 Y100.587 E958.83975
G1 X164.555 Y100.587 E958.84309
G1 X154.029 Y103.408 E959.22185
G1 X153.408 Y103.408 E959.24343
G1 X150.588 Y100.588 E959.38205
G1 X150.426 Y100.587 E959.38768
G1 X149.67 Y103.408 E959.48919
G1 X148.073 Y103.408 E959.54469
G1 X145.253 Y100.588 E959.68331
G1 X144.568 Y100.587 E959.70712
G1 X143.812 Y103.408 E959.80862
G1 X142.739 Y103.408 E959.84592
G1 X139.919 Y100.588 E959.98453
G1 X138.711 Y100.587 E960.02652
G1 X137.955 Y103.408 E960.12803
G1 X139.907 Y103.408 E960.19587
G1 X140.663 Y100.588 E960.29735
G1 X142.586 Y100.588 E960.36418
G1 X145.406 Y103.408 E960.5028
G1 X145.765 Y103.408 E960.51528
G1 X146.521 Y100.588 E960.61675
G1 X147.92 Y100.588 E960.66538
G1 X150.74 Y103.408 E960.80399
G1 X151.622 Y103.408 E960.83464
G1 X152.378 Y100.588 E960.93612
G1 X153.255 Y100.588 E960.9666
G1 X155.374 Y102.707 E961.07076
G1 X155.562 Y103.409 E961.09602
G1 X155.956 Y103.408 E961.10971
G1 X155.742 Y102.608 E961.13849
G1 X156.283 Y100.588 E961.21118
G1 X157.268 Y100.588 E961.24541
G1 X146.742 Y103.408 E961.62417
G1 X147.717 Y103.409 E961.65805
G1 X148.473 Y100.588 E961.75956
G1 X149.98 Y100.588 E961.81194
G1 X139.456 Y103.408 E962.19063
G1 X139.35 Y103.436
G1 F2400 E961.69063
G0 F15000 X136.303 Y102.307
G1 F2400 E962.19063
G1 F15000 X137.404 Y103.408 E962.24474
G1 X136.721 Y103.408 E962.26848
G1 X136.304 Y103.548 E962.28377
G1 X136.304 Y102.3 E962.32715
G1 X142.366 Y100.588 E962.54609
G1 X142.615 Y100.588 E962.55474
G1 X141.86 Y103.409 E962.65624
G1 X140.071 Y103.408 E962.71842
G1 X137.252 Y100.588 E962.85701
G1 X136.758 Y100.588 E962.87418
G1 X136.304 Y102.282 E962.93513
G1 X136.303 Y100.449 E962.99884
G1 X136.303 Y100.339
G1 F2400 E962.49884
;MESH:Pin 5mm - AKM.STL(1)
G0 F15000 X136.615 Y114.288
;TYPE:WALL-OUTER
G1 F2400 E962.99884
G1 F9000 X136.748 Y114.244 E963.00371
G1 X165.228 Y114.244 E963.99359
G1 F8665.2 X165.738 Y114.227 E964.01201
G1 F8048.8 X166.248 Y114.209 E964.03184
G1 F7826.1 X167.038 Y114.207 E964.06342
G1 F8372.1 X167.459 Y114.243 E964.07921
G1 F8979.6 X168.528 Y114.244 E964.11645
G1 F9000 X168.528 Y109.752 E964.27257
G1 F8959.3 X167.986 Y109.754 E964.2915
G1 F8839.3 X167.444 Y109.757 E964.31068
G1 F8461.5 X167.25 Y109.774 E964.31788
G1 F7888.4 X167.074 Y109.791 E964.32489
G1 F7659.6 X166.16 Y109.789 E964.36222
G1 F8301.9 X165.228 Y109.752 E964.39736
G1 F9000 X136.748 Y109.752 E965.38724
G1 X136.615 Y109.708 E965.39211
G1 X136.531 Y109.57 E965.39772
G1 X136.528 Y108.472 E965.43588
G1 X135.468 Y108.472 E965.47273
G1 X135.468 Y115.524 E965.71783
G1 X136.528 Y115.527 E965.75467
G1 X136.528 Y114.464 E965.79162
G1 X136.615 Y114.288 E965.79844
G1 F2400 E965.29844
G0 F15000 X166.248 Y113.699
G1 F2400 E965.79844
G1 F8336.8 X166.028 Y113.444 E965.81108
G1 F9000 X166.028 Y110.552 E965.9116
G1 F8301.9 X166.204 Y110.298 E965.92324
G1 F7659.6 X167.015 Y110.303 E965.95636
G1 F7888.4 X167.183 Y110.36 E965.9634
G1 F8461.5 X167.252 Y110.407 E965.96648
G1 F8898.9 X167.501 Y110.592 E965.97739
G1 F9000 X167.626 Y110.779 E965.98521
G1 X167.716 Y111.093 E965.99656
G1 X167.71 Y113.01 E966.06319
G1 X167.575 Y113.308 E966.07456
G1 F8979.6 X167.331 Y113.539 E966.08626
G1 F8372.1 X166.998 Y113.698 E966.10005
G1 F7826.1 X166.248 Y113.699 E966.13003
G1 F2400 E965.63003
G0 F15000 X167.978 Y113.694
;TYPE:WALL-INNER
G1 F2400 E966.13003
G1 F7549 X168.026 Y113.526 E966.13848
G1 F9184.9 X168.087 Y113.26 E966.14932
G1 F11186.4 X168.116 Y113.081 E966.15523
G1 F12094.2 X168.118 Y112.418 E966.17524
G1 F12222.2 X168.12 Y111.755 E966.19504
G1 F12352.9 X168.122 Y111.092 E966.21463
G1 F11907.2 X168.106 Y110.892 E966.22077
G1 F10382 X168.065 Y110.635 E966.22992
G1 F8524 X168.009 Y110.408 E966.23993
G1 F7310.1 X167.975 Y110.305 E966.24535
G1 F2400 E965.74535
G0 F15000 X136.748 Y113.804
G1 F2400 E966.24535
G1 F10500 X165.948 Y113.804 E967.26025
G1 X165.588 Y113.444 E967.27794
G1 X165.588 Y110.552 E967.37846
G1 X165.892 Y110.191 E967.39486
G1 X136.748 Y110.192 E968.40782
G1 X136.351 Y110.06 E968.42236
G1 F8619.4 X136.003 Y109.662 E968.44474
G1 X135.908 Y110.282 E968.4713
G1 F10500 X135.908 Y113.714 E968.59059
G1 F8717 X135.998 Y114.464 E968.62221
G1 X136.351 Y113.936 E968.6488
G1 F10500 X136.748 Y113.804 E968.66334
G1 F2400 E968.16334
G0 F15000 X135.998 Y114.464
G1 F2400 E968.66334
G1 F7451.6 X135.998 Y114.996 E968.6894
G1 F2400 E968.1894
G0 F15000 X136.003 Y109.662
G1 F2400 E968.6894
G1 F7380.2 X135.998 Y109.002 E968.72203
G1 F2400 E968.22203
G0 F15000 X136.303 Y110.449
;TYPE:FILL
G1 F2400 E968.72203
G1 F15000 X136.304 Y112.282 E968.78574
G1 X136.758 Y110.588 E968.8467
G1 X137.252 Y110.588 E968.86387
G1 X140.071 Y113.408 E969.00246
G1 X141.86 Y113.408 E969.06464
G1 X142.615 Y110.588 E969.1661
G1 X142.366 Y110.588 E969.17476
G1 X136.304 Y112.3 E969.3937
G1 X136.304 Y113.548 E969.43707
G1 X136.721 Y113.408 E969.45236
G1 X137.404 Y113.408 E969.4761
G1 X136.303 Y112.307 E969.53022
G1 X136.226 Y112.23
G1 F2400 E969.03022
G0 F15000 X139.456 Y113.408
G1 F2400 E969.53022
G1 F15000 X149.983 Y110.588 E969.909
G1 X148.473 Y110.588 E969.96149
G1 X147.717 Y113.408 E970.06296
G1 X146.742 Y113.409 E970.09685
G1 X157.269 Y110.588 E970.47565
G1 X156.283 Y110.587 E970.50992
G1 X155.742 Y112.608 E970.58263
G1 X155.956 Y113.408 E970.61142
G1 X155.562 Y113.409 E970.62511
G1 X155.374 Y112.707 E970.65037
G1 X153.255 Y110.588 E970.75453
G1 X152.378 Y110.588 E970.78501
G1 X151.622 Y113.409 E970.88652
G1 X150.74 Y113.408 E970.91717
G1 X147.92 Y110.588 E971.05578
G1 X146.52 Y110.587 E971.10444
G1 X145.764 Y113.409 E971.20599
G1 X145.406 Y113.408 E971.21843
G1 X142.586 Y110.588 E971.35704
G1 X140.663 Y110.587 E971.42388
G1 X139.907 Y113.409 E971.52542
G1 X137.954 Y113.409 E971.5933
G1 X138.71 Y110.587 E971.69485
G1 X139.919 Y110.588 E971.73687
G1 X142.739 Y113.408 E971.87548
G1 X143.812 Y113.409 E971.91277
G1 X144.568 Y110.587 E972.01432
G1 X145.253 Y110.588 E972.03812
G1 X148.073 Y113.408 E972.17674
G1 X149.67 Y113.409 E972.23224
G1 X150.426 Y110.587 E972.33379
G1 X150.588 Y110.588 E972.33942
G1 X153.408 Y113.408 E972.47803
G1 X154.03 Y113.408 E972.49965
G1 X164.555 Y110.588 E972.87837
G1 X164.46 Y110.588 E972.88167
G1 X163.592 Y112.458 E972.95333
G1 X163.847 Y113.408 E972.98751
G1 X163.452 Y113.408 E973.00124
G1 X163.223 Y112.555 E973.03194
G1 X161.256 Y110.588 E973.12863
G1 X160.188 Y110.587 E973.16575
G1 X159.432 Y113.408 E973.26725
G1 X161.316 Y113.409 E973.33274
G1 X165.191 Y112.37 E973.47218
G1 X165.192 Y111.857 E973.49001
G1 X163.924 Y110.588 E973.55236
G1 X162.141 Y110.587 E973.61433
G1 X161.385 Y113.409 E973.71587
G1 X161.201 Y113.417 E973.72227
G1 X158.589 Y110.588 E973.8561
G1 X158.236 Y110.588 E973.86837
G1 X157.48 Y113.408 E973.96985
G1 X158.742 Y113.408 E974.01371
G1 X155.922 Y110.588 E974.15232
G1 X154.33 Y110.588 E974.20766
G1 X153.575 Y113.408 E974.30912
G1 X153.547 Y113.514
G1 F2400 E973.80912
;MESH:Pin 5mm - AKM.STL(7)
G0 F15000 X166.248 Y123.699
;TYPE:WALL-OUTER
G1 F2400 E974.30912
G1 F8336.8 X166.028 Y123.444 E974.32176
G1 F9000 X166.028 Y120.552 E974.42228
G1 F8301.9 X166.204 Y120.298 E974.43392
G1 F7659.6 X167.015 Y120.303 E974.46704
G1 F7888.4 X167.183 Y120.36 E974.47408
G1 F8461.5 X167.252 Y120.407 E974.47716
G1 F8898.9 X167.501 Y120.592 E974.48807
G1 F9000 X167.626 Y120.779 E974.49588
G1 X167.716 Y121.054 E974.50594
G1 X167.71 Y123.01 E974.57393
G1 X167.575 Y123.308 E974.5853
G1 F8979.6 X167.331 Y123.539 E974.597
G1 F8372.1 X166.998 Y123.698 E974.61079
G1 F7826.1 X166.248 Y123.699 E974.64077
G1 F2400 E974.14077
G0 F15000 X136.615 Y124.288
G1 F2400 E974.64077
G1 F9000 X136.748 Y124.244 E974.64564
G1 X165.228 Y124.244 E975.63551
G1 F8665.2 X165.738 Y124.227 E975.65393
G1 F8048.8 X166.248 Y124.209 E975.67377
G1 F7826.1 X167.038 Y124.207 E975.70534
G1 F8372.1 X167.459 Y124.243 E975.72113
G1 F8979.6 X168.528 Y124.244 E975.75837
G1 F9000 X168.528 Y119.752 E975.9145
G1 F8959.3 X167.986 Y119.754 E975.93342
G1 F8839.3 X167.444 Y119.757 E975.9526
G1 F8461.5 X167.25 Y119.774 E975.9598
G1 F7888.4 X167.074 Y119.791 E975.96681
G1 F7659.6 X166.16 Y119.789 E976.00414
G1 F8301.9 X165.228 Y119.752 E976.03928
G1 F9000 X136.748 Y119.752 E977.02916
G1 X136.615 Y119.708 E977.03403
G1 X136.531 Y119.57 E977.03964
G1 X136.528 Y118.472 E977.07781
G1 X135.468 Y118.472 E977.11465
G1 X135.468 Y125.524 E977.35975
G1 X136.528 Y125.527 E977.3966
G1 X136.528 Y124.464 E977.43354
G1 X136.615 Y124.288 E977.44037
G0 F15000 X136.748 Y123.804
;TYPE:WALL-INNER
G1 F10500 X165.948 Y123.804 E978.45527
G1 X165.588 Y123.444 E978.47296
G1 X165.588 Y120.552 E978.57348
G1 X165.892 Y120.191 E978.58988
G1 X136.748 Y120.192 E979.60284
G1 X136.351 Y120.06 E979.61738
G1 F8619.4 X136.003 Y119.662 E979.63976
G1 X135.908 Y120.282 E979.66632
G1 F10500 X135.908 Y123.714 E979.7856
G1 F8717 X135.998 Y124.464 E979.81723
G1 X136.351 Y123.936 E979.84382
G1 F10500 X136.748 Y123.804 E979.85836
G1 F2400 E979.35836
G0 F15000 X135.998 Y124.464
G1 F2400 E979.85836
G1 F7451.6 X135.998 Y124.996 E979.88442
G1 F2400 E979.38442
G0 F15000 X136.003 Y119.662
G1 F2400 E979.88442
G1 F7380.2 X135.998 Y119.002 E979.91705
G1 F2400 E979.41705
G0 F15000 X167.975 Y120.305
G1 F2400 E979.91705
G1 F7310.1 X168.009 Y120.408 E979.92247
G1 F8524 X168.065 Y120.635 E979.93248
G1 F10382 X168.106 Y120.892 E979.94163
G1 F11907.2 X168.122 Y121.093 E979.94781
G1 F12352.9 X168.12 Y121.756 E979.96739
G1 F12222.2 X168.118 Y122.419 E979.98719
G1 F12094.2 X168.116 Y123.082 E980.0072
G1 F11186.4 X168.087 Y123.26 E980.01308
G1 F9184.9 X168.026 Y123.526 E980.02392
G1 F7549 X167.978 Y123.694 E980.03237
G1 F2400 E979.53237
G0 F15000 X153.575 Y123.408
;TYPE:FILL
G1 F2400 E980.03237
G1 F15000 X154.33 Y120.588 E980.13384
G1 X155.923 Y120.589 E980.18921
G1 X158.742 Y123.408 E980.32777
G1 X157.479 Y123.409 E980.37167
G1 X158.235 Y120.587 E980.47321
G1 X158.59 Y120.589 E980.48555
G1 X161.201 Y123.408 E980.6191
G1 X161.385 Y123.408 E980.62549
G1 X162.141 Y120.587 E980.727
G1 X163.924 Y120.589 E980.78897
G1 X165.192 Y121.856 E980.85128
G1 X165.191 Y122.37 E980.86914
G1 X161.316 Y123.408 E981.00857
G1 X159.432 Y123.408 E981.07405
G1 X160.188 Y120.588 E981.17553
G1 X161.257 Y120.589 E981.21268
G1 X163.224 Y122.556 E981.30937
G1 X163.452 Y123.409 E981.34006
G1 X163.847 Y123.408 E981.35379
G1 X163.592 Y122.458 E981.38798
G1 X164.459 Y120.588 E981.45962
G1 X164.556 Y120.588 E981.46299
G1 X154.03 Y123.408 E981.84174
G1 X153.408 Y123.408 E981.86336
G1 X150.588 Y120.589 E982.00195
G1 X150.425 Y120.588 E982.00761
G1 X149.669 Y123.408 E982.10909
G1 X148.073 Y123.408 E982.16456
G1 X145.254 Y120.589 E982.30312
G1 X144.568 Y120.588 E982.32697
G1 X143.812 Y123.408 E982.42844
G1 X142.739 Y123.408 E982.46574
G1 X139.919 Y120.589 E982.60433
G1 X138.71 Y120.588 E982.64635
G1 X137.954 Y123.408 E982.74782
G1 X139.907 Y123.409 E982.8157
G1 X140.662 Y120.588 E982.9172
G1 X142.587 Y120.589 E982.98411
G1 X145.406 Y123.408 E983.12267
G1 X145.764 Y123.409 E983.13512
G1 X146.52 Y120.588 E983.23662
G1 X147.921 Y120.589 E983.28532
G1 X150.74 Y123.408 E983.42388
G1 X151.622 Y123.409 E983.45454
G1 X152.378 Y120.587 E983.55608
G1 X153.255 Y120.589 E983.58656
G1 X155.374 Y122.707 E983.69069
G1 X155.561 Y123.408 E983.71591
G1 X155.956 Y123.408 E983.72964
G1 X155.742 Y122.608 E983.75842
G1 X156.283 Y120.588 E983.83111
G1 X157.268 Y120.588 E983.86534
G1 X146.743 Y123.408 E984.24406
G1 X147.717 Y123.409 E984.27791
G1 X148.473 Y120.587 E984.37946
G1 X149.981 Y120.588 E984.43187
G1 X139.456 Y123.408 E984.81059
G1 X139.35 Y123.436
G1 F2400 E984.31059
G0 F15000 X136.303 Y122.307
G1 F2400 E984.81059
G1 F15000 X137.404 Y123.408 E984.86471
G1 X136.721 Y123.408 E984.88845
G1 X136.304 Y123.548 E984.90373
G1 X136.304 Y122.3 E984.94711
G1 X142.371 Y120.584 E985.16625
G1 X142.615 Y120.587 E985.17473
G1 X141.859 Y123.409 E985.27628
G1 X140.071 Y123.408 E985.33842
G1 X137.252 Y120.589 E985.47699
G1 X136.757 Y120.588 E985.49419
G1 X136.304 Y122.282 E985.55514
G1 X136.303 Y120.449 E985.61885
G1 X136.303 Y120.339
G1 F2400 E985.11885
;MESH:Pin 5mm - AKM.STL(6)
G0 F15000 X176.615 Y104.288
;TYPE:WALL-OUTER
G1 F2400 E985.61885
G1 F9000 X176.748 Y104.244 E985.62372
G1 X205.228 Y104.244 E986.61359
G1 F8665.2 X205.738 Y104.227 E986.63201
G1 F8048.8 X206.248 Y104.209 E986.65184
G1 F7826.1 X207.038 Y104.207 E986.68342
G1 F8372.1 X207.459 Y104.243 E986.69921
G1 F8979.6 X208.528 Y104.244 E986.73645
G1 F9000 X208.528 Y99.752 E986.89258
G1 F8959.3 X207.986 Y99.754 E986.9115
G1 F8839.3 X207.444 Y99.757 E986.93068
G1 F8461.5 X207.25 Y99.774 E986.93788
G1 F7888.4 X207.074 Y99.791 E986.94489
G1 F7659.6 X206.16 Y99.789 E986.98222
G1 F8301.9 X205.228 Y99.752 E987.01736
G1 F9000 X176.748 Y99.752 E988.00724
G1 X176.615 Y99.708 E988.01211
G1 X176.531 Y99.57 E988.01772
G1 X176.528 Y98.472 E988.05589
G1 X175.468 Y98.472 E988.09273
G1 X175.468 Y105.524 E988.33783
G1 X176.528 Y105.527 E988.37468
G1 X176.528 Y104.464 E988.41162
G1 X176.615 Y104.288 E988.41845
G1 F2400 E987.91845
G0 F15000 X206.248 Y103.699
G1 F2400 E988.41845
G1 F8336.8 X206.028 Y103.444 E988.43108
G1 F9000 X206.028 Y100.552 E988.5316
G1 F8301.9 X206.204 Y100.298 E988.54324
G1 F7659.6 X207.015 Y100.303 E988.57637
G1 F7888.4 X207.183 Y100.36 E988.5834
G1 F8461.5 X207.252 Y100.407 E988.58649
G1 F8898.9 X207.501 Y100.592 E988.59739
G1 F9000 X207.626 Y100.779 E988.60521
G1 X207.716 Y101.093 E988.61656
G1 X207.71 Y103.01 E988.68319
G1 X207.575 Y103.308 E988.69456
G1 F8979.6 X207.331 Y103.539 E988.70627
G1 F8372.1 X206.998 Y103.698 E988.72005
G1 F7826.1 X206.248 Y103.699 E988.75003
G1 F2400 E988.25003
G0 F15000 X207.978 Y103.694
;TYPE:WALL-INNER
G1 F2400 E988.75003
G1 F7549 X208.026 Y103.526 E988.75848
G1 F9184.9 X208.087 Y103.26 E988.76932
G1 F11186.4 X208.116 Y103.081 E988.77524
G1 F12094.2 X208.118 Y102.418 E988.79524
G1 F12222.2 X208.12 Y101.755 E988.81504
G1 F12352.9 X208.122 Y101.092 E988.83463
G1 F11907.2 X208.106 Y100.892 E988.84078
G1 F10382 X208.065 Y100.635 E988.84993
G1 F8524 X208.009 Y100.408 E988.85994
G1 F7310.1 X207.975 Y100.305 E988.86535
G1 F2400 E988.36535
G0 F15000 X176.748 Y103.804
G1 F2400 E988.86535
G1 F10500 X205.948 Y103.804 E989.88025
G1 X205.588 Y103.444 E989.89795
G1 X205.588 Y100.552 E989.99846
G1 X205.892 Y100.191 E990.01487
G1 X176.748 Y100.192 E991.02782
G1 X176.351 Y100.06 E991.04236
G1 F8619.4 X176.003 Y99.662 E991.06475
G1 X175.908 Y100.282 E991.0913
G1 F10500 X175.908 Y103.714 E991.21059
G1 F8717 X175.998 Y104.464 E991.24221
G1 X176.351 Y103.936 E991.2688
G1 F10500 X176.748 Y103.804 E991.28335
G1 F2400 E990.78335
G0 F15000 X175.998 Y104.464
G1 F2400 E991.28335
G1 F7451.6 X175.998 Y104.996 E991.3094
G1 F2400 E990.8094
G0 F15000 X176.003 Y99.662
G1 F2400 E991.3094
G1 F7380.2 X175.998 Y99.002 E991.34204
G1 F2400 E990.84204
G0 F15000 X176.303 Y100.449
;TYPE:FILL
G1 F2400 E991.34204
G1 F15000 X176.304 Y102.282 E991.40575
G1 X176.758 Y100.588 E991.4667
G1 X177.251 Y100.588 E991.48384
G1 X180.071 Y103.408 E991.62245
G1 X181.86 Y103.408 E991.68463
G1 X182.615 Y100.588 E991.7861
G1 X182.366 Y100.588 E991.79475
G1 X176.305 Y102.3 E992.01366
G1 X176.304 Y103.548 E992.05703
G1 X176.721 Y103.408 E992.07232
G1 X177.404 Y103.408 E992.09606
G1 X176.303 Y102.307 E992.15018
G1 X176.226 Y102.23
G1 F2400 E991.65018
G0 F15000 X179.456 Y103.408
G1 F2400 E992.15018
G1 F15000 X189.98 Y100.588 E992.52886
G1 X188.473 Y100.588 E992.58124
G1 X187.717 Y103.408 E992.68272
G1 X186.742 Y103.408 E992.71661
G1 X197.268 Y100.588 E993.09536
G1 X196.283 Y100.587 E993.12959
G1 X195.742 Y102.608 E993.20231
G1 X195.955 Y103.408 E993.23108
G1 X195.561 Y103.409 E993.24478
G1 X195.374 Y102.708 E993.27
G1 X193.254 Y100.588 E993.3742
G1 X192.378 Y100.588 E993.40465
G1 X191.622 Y103.409 E993.50616
G1 X190.74 Y103.408 E993.53681
G1 X187.92 Y100.588 E993.67543
G1 X186.521 Y100.588 E993.72405
G1 X185.765 Y103.409 E993.82556
G1 X185.406 Y103.408 E993.83804
G1 X182.586 Y100.588 E993.97665
G1 X180.663 Y100.587 E994.04349
G1 X179.907 Y103.409 E994.14503
G1 X177.955 Y103.409 E994.21288
G1 X178.711 Y100.587 E994.31442
G1 X179.918 Y100.588 E994.35637
G1 X182.738 Y103.408 E994.49498
G1 X183.812 Y103.409 E994.53231
G1 X184.568 Y100.587 E994.63385
G1 X185.253 Y100.588 E994.65766
G1 X188.073 Y103.408 E994.79628
G1 X189.67 Y103.409 E994.85178
G1 X190.426 Y100.587 E994.95332
G1 X190.587 Y100.588 E994.95892
G1 X193.407 Y103.408 E995.09753
G1 X194.029 Y103.408 E995.11915
G1 X204.555 Y100.588 E995.4979
G1 X204.46 Y100.588 E995.50121
G1 X203.592 Y102.46 E995.57293
G1 X203.846 Y103.408 E995.60704
G1 X203.454 Y103.408 E995.62066
G1 X203.226 Y102.558 E995.65125
G1 X201.256 Y100.588 E995.74808
G1 X200.188 Y100.587 E995.7852
G1 X199.432 Y103.408 E995.88671
G1 X201.316 Y103.408 E995.95219
G1 X205.191 Y102.37 E996.09162
G1 X205.192 Y101.857 E996.10945
G1 X203.923 Y100.588 E996.17183
G1 X202.141 Y100.587 E996.23377
G1 X201.385 Y103.409 E996.33531
G1 X201.201 Y103.417 E996.34171
G1 X198.589 Y100.588 E996.47554
G1 X198.236 Y100.588 E996.48781
G1 X197.48 Y103.408 E996.58928
G1 X198.742 Y103.408 E996.63315
G1 X195.922 Y100.588 E996.77176
G1 X194.331 Y100.588 E996.82706
G1 X193.575 Y103.408 E996.92853
G1 X193.547 Y103.514
G1 F2400 E996.42853
;MESH:NONMESH
G0 F600 X193.547 Y103.514 Z2.4
G0 F15000 X56.615 Y114.272
;TIME_ELAPSED:429.344221
;LAYER:11
;TYPE:WALL-OUTER
;MESH:Pin 5mm - AKM.STL(4)
G1 F2400 E996.92853
G1 F9000 X56.748 Y114.228 E996.9334
G1 X85.244 Y114.228 E997.92383
G1 F8703.3 X85.746 Y114.213 E997.94188
G1 F8148.1 X86.248 Y114.197 E997.96117
G1 F7857.1 X87.091 Y114.195 E997.99473
G1 F8016.2 X87.252 Y114.207 E998.00103
G1 F8590 X87.596 Y114.227 E998.01358
G1 F9000 X88.528 Y114.228 E998.04597
G1 X88.528 Y109.768 E998.20099
G1 X87.649 Y109.768 E998.23154
G1 F8665.2 X87.379 Y109.785 E998.2413
G1 F7983.9 X87.142 Y109.807 E998.25063
G1 F7764.7 X86.979 Y109.8 E998.2572
G1 F7841.6 X86.161 Y109.801 E998.28983
G1 F8372.1 X85.244 Y109.768 E998.32412
G1 F9000 X56.748 Y109.768 E999.31455
G1 X56.615 Y109.724 E999.31942
G1 X56.531 Y109.586 E999.32503
G1 X56.528 Y108.484 E999.36333
G1 X55.468 Y108.484 E999.40018
G1 X55.468 Y115.516 E999.64459
G1 X56.528 Y115.516 E999.68143
G1 X56.528 Y114.448 E999.71855
G1 X56.615 Y114.272 E999.72537
G1 F2400 E999.22537
G0 F15000 X86.248 Y113.695
G1 F2400 E999.72537
G1 F8407.6 X86.028 Y113.444 E999.73779
G1 F9000 X86.028 Y110.552 E999.83831
G1 F8372.1 X86.204 Y110.302 E999.84973
G1 F7780 X87.043 Y110.304 E999.88347
G1 F8032.5 X87.277 Y110.407 E999.89342
G1 F8665.2 X87.356 Y110.476 E999.89721
G1 F9000 X87.63 Y110.785 E999.91156
G1 X87.716 Y111.093 E999.92268
G1 X87.71 Y112.966 E999.98778
G1 X87.638 Y113.196 E999.99615
G1 X87.411 Y113.479 E1000.00876
G1 F8590 X87.116 Y113.657 E1000.02131
G1 F8016.2 X87.048 Y113.694 E1000.02433
G1 F7857.1 X86.248 Y113.695 E1000.05618
G1 F2400 E999.55618
G0 F15000 X87.977 Y113.677
;TYPE:WALL-INNER
G1 F2400 E1000.05618
G1 F7368.4 X88.012 Y113.577 E1000.06143
G1 F8684.2 X88.072 Y113.334 E1000.07195
G1 F10744.2 X88.116 Y113.054 E1000.08157
G1 F11846.2 X88.119 Y112.026 E1000.11324
G1 F11755.7 X88.122 Y110.998 E1000.14516
G1 F10572.1 X88.068 Y110.647 E1000.15742
G1 F8091.1 X87.977 Y110.319 E1000.17277
G1 F2400 E999.67277
G0 F15000 X56.748 Y113.788
G1 F2400 E1000.17277
G1 F10500 X85.932 Y113.788 E1001.18711
G1 X85.588 Y113.444 E1001.20402
G1 X85.588 Y110.552 E1001.30454
G1 X85.878 Y110.207 E1001.3202
G1 X56.748 Y110.208 E1002.33267
G1 X56.351 Y110.076 E1002.34721
G1 F8619.4 X56.003 Y109.678 E1002.3696
G1 X55.908 Y110.298 E1002.39615
G1 F10500 X55.908 Y113.698 E1002.51433
G1 F8717 X55.998 Y114.448 E1002.54595
G1 X56.351 Y113.92 E1002.57254
G1 F10500 X56.748 Y113.788 E1002.58708
G1 F2400 E1002.08708
G0 F15000 X55.998 Y114.448
G1 F2400 E1002.58708
G1 F7451.6 X55.998 Y114.986 E1002.61343
G1 F2400 E1002.11343
G0 F15000 X56.003 Y109.678
G1 F2400 E1002.61343
G1 F7380.2 X55.998 Y109.014 E1002.64627
G1 F2400 E1002.14627
G0 F15000 X56.303 Y110.465
;TYPE:FILL
G1 F2400 E1002.64627
G1 F15000 X56.304 Y112.281 E1002.70939
G1 X56.754 Y110.604 E1002.76974
G1 X57.269 Y110.604 E1002.78764
G1 X60.056 Y113.392 E1002.92465
G1 X61.864 Y113.392 E1002.98749
G1 X62.611 Y110.604 E1003.08781
G1 X62.342 Y110.604 E1003.09716
G1 X56.304 Y112.3 E1003.31514
G1 X56.304 Y113.532 E1003.35796
G1 X56.721 Y113.392 E1003.37325
G1 X57.389 Y113.392 E1003.39647
G1 X56.303 Y112.306 E1003.44985
G1 X56.226 Y112.229
G1 F2400 E1002.94985
G0 F15000 X59.514 Y113.392
G1 F2400 E1003.44985
G1 F15000 X69.921 Y110.604 E1003.82432
G1 X68.469 Y110.604 E1003.87479
G1 X67.715 Y113.416 E1003.97598
G1 X77.207 Y110.604 E1004.32006
G1 X76.743 Y110.604 E1004.33619
G1 X75.741 Y112.608 E1004.41406
G1 X75.952 Y113.392 E1004.44228
G1 X75.558 Y113.393 E1004.45598
G1 X75.374 Y112.706 E1004.4807
G1 X73.272 Y110.604 E1004.58402
G1 X72.374 Y110.603 E1004.61523
G1 X71.627 Y113.392 E1004.71558
G1 X70.725 Y113.392 E1004.74693
G1 X67.937 Y110.604 E1004.88397
G1 X66.516 Y110.603 E1004.93336
G1 X65.769 Y113.393 E1005.03375
G1 X65.39 Y113.392 E1005.04692
G1 X62.603 Y110.604 E1005.18394
G1 X60.659 Y110.603 E1005.25151
G1 X59.911 Y113.393 E1005.3519
G1 X57.959 Y113.393 E1005.41975
G1 X58.706 Y110.603 E1005.52013
G1 X59.936 Y110.604 E1005.56288
G1 X62.723 Y113.392 E1005.6999
G1 X63.816 Y113.393 E1005.73789
G1 X64.564 Y110.603 E1005.83829
G1 X65.27 Y110.604 E1005.86282
G1 X68.058 Y113.392 E1005.99986
G1 X69.674 Y113.393 E1006.05603
G1 X70.421 Y110.603 E1006.15642
G1 X70.605 Y110.604 E1006.16281
G1 X73.392 Y113.392 E1006.29983
G1 X74.088 Y113.392 E1006.32402
G1 X84.435 Y110.62 E1006.69633
G1 X83.593 Y112.457 E1006.76657
G1 X83.843 Y113.392 E1006.80021
G1 X83.449 Y113.392 E1006.8139
G1 X83.225 Y112.556 E1006.84398
G1 X81.273 Y110.604 E1006.93993
G1 X80.184 Y110.604 E1006.97778
G1 X79.437 Y113.392 E1007.0781
G1 X81.374 Y113.393 E1007.14542
G1 X85.191 Y112.37 E1007.28277
G1 X85.192 Y111.856 E1007.30064
G1 X83.941 Y110.604 E1007.36215
G1 X82.137 Y110.603 E1007.42486
G1 X81.389 Y113.393 E1007.52525
G1 X81.204 Y113.43 E1007.53181
G1 X78.606 Y110.604 E1007.66523
G1 X78.231 Y110.603 E1007.67827
G1 X77.484 Y113.392 E1007.77862
G1 X78.726 Y113.392 E1007.82179
G1 X75.939 Y110.604 E1007.9588
G1 X74.326 Y110.604 E1008.01487
G1 X73.579 Y113.392 E1008.11519
G1 X73.551 Y113.498
G1 F2400 E1007.61519
;MESH:Pin 5mm - AKM.STL
G0 F15000 X96.615 Y114.272
;TYPE:WALL-OUTER
G1 F2400 E1008.11519
G1 F9000 X96.748 Y114.228 E1008.12005
G1 X125.244 Y114.228 E1009.11049
G1 F8703.3 X125.746 Y114.213 E1009.12854
G1 F8148.1 X126.248 Y114.197 E1009.14782
G1 F7857.1 X127.091 Y114.195 E1009.18138
G1 F8016.2 X127.252 Y114.207 E1009.18768
G1 F8590 X127.596 Y114.227 E1009.20023
G1 F9000 X128.528 Y114.228 E1009.23262
G1 X128.528 Y109.768 E1009.38764
G1 X127.649 Y109.768 E1009.41819
G1 F8665.2 X127.379 Y109.785 E1009.42795
G1 F7983.9 X127.142 Y109.807 E1009.43728
G1 F7764.7 X126.979 Y109.8 E1009.44385
G1 F7841.6 X126.161 Y109.801 E1009.47648
G1 F8372.1 X125.244 Y109.768 E1009.51077
G1 F9000 X96.748 Y109.768 E1010.5012
G1 X96.615 Y109.724 E1010.50607
G1 X96.531 Y109.586 E1010.51168
G1 X96.528 Y108.484 E1010.54999
G1 X95.468 Y108.484 E1010.58683
G1 X95.468 Y115.516 E1010.83124
G1 X96.528 Y115.516 E1010.86808
G1 X96.528 Y114.448 E1010.9052
G1 X96.615 Y114.272 E1010.91202
G1 F2400 E1010.41202
G0 F15000 X126.248 Y113.695
G1 F2400 E1010.91202
G1 F8407.6 X126.028 Y113.444 E1010.92444
G1 F9000 X126.028 Y110.552 E1011.02496
G1 F8372.1 X126.204 Y110.302 E1011.03638
G1 F7780 X127.043 Y110.304 E1011.07012
G1 F8032.5 X127.277 Y110.407 E1011.08007
G1 F8665.2 X127.356 Y110.476 E1011.08386
G1 F9000 X127.63 Y110.785 E1011.09821
G1 X127.716 Y111.093 E1011.10933
G1 X127.71 Y112.966 E1011.17443
G1 X127.638 Y113.196 E1011.18281
G1 X127.411 Y113.479 E1011.19541
G1 F8590 X127.116 Y113.657 E1011.20796
G1 F8016.2 X127.048 Y113.694 E1011.21098
G1 F7857.1 X126.248 Y113.695 E1011.24283
G1 F2400 E1010.74283
G0 F15000 X127.977 Y113.677
;TYPE:WALL-INNER
G1 F2400 E1011.24283
G1 F7368.4 X128.012 Y113.577 E1011.24808
G1 F8684.2 X128.072 Y113.334 E1011.2586
G1 F10744.2 X128.116 Y113.054 E1011.26823
G1 F11846.2 X128.119 Y112.026 E1011.2999
G1 F11755.7 X128.122 Y110.998 E1011.33181
G1 F10572.1 X128.068 Y110.647 E1011.34407
G1 F8091.1 X127.977 Y110.319 E1011.35942
G1 F2400 E1010.85942
G0 F15000 X96.748 Y113.788
G1 F2400 E1011.35942
G1 F10500 X125.932 Y113.788 E1012.37377
G1 X125.588 Y113.444 E1012.39067
G1 X125.588 Y110.552 E1012.49119
G1 X125.878 Y110.207 E1012.50686
G1 X96.748 Y110.208 E1013.51932
G1 X96.351 Y110.076 E1013.53386
G1 F8619.4 X96.003 Y109.678 E1013.55625
G1 X95.908 Y110.298 E1013.58281
G1 F10500 X95.908 Y113.698 E1013.70098
G1 F8717 X95.998 Y114.448 E1013.7326
G1 X96.351 Y113.92 E1013.75919
G1 F10500 X96.748 Y113.788 E1013.77374
G1 F2400 E1013.27374
G0 F15000 X95.998 Y114.448
G1 F2400 E1013.77374
G1 F7451.6 X95.998 Y114.986 E1013.80008
G1 F2400 E1013.30008
G0 F15000 X96.003 Y109.678
G1 F2400 E1013.80008
G1 F7380.2 X95.998 Y109.014 E1013.83292
G1 F2400 E1013.33292
G0 F15000 X96.303 Y110.465
;TYPE:FILL
G1 F2400 E1013.83292
G1 F15000 X96.304 Y112.281 E1013.89604
G1 X96.753 Y110.604 E1013.95638
G1 X97.268 Y110.604 E1013.97428
G1 X100.056 Y113.392 E1014.11132
G1 X101.864 Y113.392 E1014.17416
G1 X102.611 Y110.603 E1014.27451
G1 X102.36 Y110.593 E1014.28324
G1 X96.304 Y112.3 E1014.50193
G1 X96.304 Y113.532 E1014.54475
G1 X96.721 Y113.392 E1014.56004
G1 X97.388 Y113.392 E1014.58322
G1 X96.303 Y112.306 E1014.63658
G1 X96.226 Y112.229
G1 F2400 E1014.13658
G0 F15000 X99.517 Y113.392
G1 F2400 E1014.63658
G1 F15000 X109.923 Y110.604 E1015.01102
G1 X108.469 Y110.603 E1015.06155
G1 X107.715 Y113.416 E1015.16278
G1 X117.21 Y110.604 E1015.50696
G1 X116.744 Y110.604 E1015.52316
G1 X115.742 Y112.608 E1015.60103
G1 X115.952 Y113.392 E1015.62924
G1 X115.558 Y113.393 E1015.64293
G1 X115.374 Y112.707 E1015.66762
G1 X113.271 Y110.604 E1015.77099
G1 X112.374 Y110.604 E1015.80217
G1 X111.627 Y113.392 E1015.90249
G1 X110.724 Y113.392 E1015.93387
G1 X107.937 Y110.604 E1016.07089
G1 X106.516 Y110.604 E1016.12028
G1 X105.769 Y113.393 E1016.22063
G1 X105.39 Y113.392 E1016.2338
G1 X102.603 Y110.604 E1016.37082
G1 X100.658 Y110.604 E1016.43842
G1 X99.911 Y113.393 E1016.53878
G1 X97.959 Y113.392 E1016.60662
G1 X98.706 Y110.604 E1016.70694
G1 X99.935 Y110.604 E1016.74966
G1 X102.723 Y113.392 E1016.8867
G1 X103.816 Y113.392 E1016.92469
G1 X104.564 Y110.604 E1017.02502
G1 X105.27 Y110.604 E1017.04955
G1 X108.057 Y113.392 E1017.18657
G1 X109.674 Y113.392 E1017.24277
G1 X110.421 Y110.604 E1017.34309
G1 X110.604 Y110.604 E1017.34945
G1 X113.392 Y113.392 E1017.48649
G1 X114.091 Y113.392 E1017.51079
G1 X124.435 Y110.62 E1017.883
G1 X123.592 Y112.457 E1017.95325
G1 X123.843 Y113.392 E1017.9869
G1 X123.448 Y113.392 E1018.00063
G1 X123.225 Y112.556 E1018.0307
G1 X121.273 Y110.604 E1018.12665
G1 X120.184 Y110.604 E1018.1645
G1 X119.437 Y113.392 E1018.26482
G1 X121.378 Y113.392 E1018.33228
G1 X125.191 Y112.37 E1018.46948
G1 X125.192 Y111.856 E1018.48735
G1 X123.94 Y110.604 E1018.54889
G1 X122.136 Y110.604 E1018.61159
G1 X121.389 Y113.393 E1018.71195
G1 X121.197 Y113.441 E1018.71882
G1 X118.606 Y110.604 E1018.85236
G1 X118.231 Y110.603 E1018.8654
G1 X117.484 Y113.392 E1018.96575
G1 X118.726 Y113.392 E1019.00892
G1 X115.939 Y110.604 E1019.14593
G1 X114.326 Y110.604 E1019.202
G1 X113.579 Y113.392 E1019.30232
G1 X113.551 Y113.498
G1 F2400 E1018.80232
;MESH:Pin 5mm - AKM.STL(2)
G0 F15000 X126.248 Y103.695
;TYPE:WALL-OUTER
G1 F2400 E1019.30232
G1 F8407.6 X126.028 Y103.444 E1019.31474
G1 F9000 X126.028 Y100.552 E1019.41525
G1 F8372.1 X126.204 Y100.302 E1019.42668
G1 F7780 X127.043 Y100.304 E1019.46041
G1 F8032.5 X127.277 Y100.407 E1019.47037
G1 F8665.2 X127.356 Y100.476 E1019.47415
G1 F9000 X127.63 Y100.785 E1019.48851
G1 X127.716 Y101.093 E1019.49962
G1 X127.71 Y102.966 E1019.56472
G1 X127.638 Y103.196 E1019.5731
G1 X127.411 Y103.479 E1019.58571
G1 F8590 X127.116 Y103.657 E1019.59825
G1 F8016.2 X127.048 Y103.694 E1019.60128
G1 F7857.1 X126.248 Y103.695 E1019.63313
G1 F2400 E1019.13313
G0 F15000 X96.615 Y104.272
G1 F2400 E1019.63313
G1 F9000 X96.748 Y104.228 E1019.63799
G1 X125.244 Y104.228 E1020.62843
G1 F8703.3 X125.746 Y104.213 E1020.64648
G1 F8148.1 X126.248 Y104.197 E1020.66576
G1 F7857.1 X127.091 Y104.195 E1020.69932
G1 F8016.2 X127.252 Y104.207 E1020.70562
G1 F8590 X127.596 Y104.227 E1020.71817
G1 F9000 X128.528 Y104.228 E1020.75056
G1 X128.528 Y99.768 E1020.90558
G1 X127.649 Y99.768 E1020.93613
G1 F8665.2 X127.379 Y99.785 E1020.94589
G1 F7983.9 X127.142 Y99.807 E1020.95522
G1 F7764.7 X126.979 Y99.8 E1020.96179
G1 F7841.6 X126.161 Y99.801 E1020.99442
G1 F8372.1 X125.244 Y99.768 E1021.02871
G1 F9000 X96.748 Y99.768 E1022.01914
G1 X96.615 Y99.724 E1022.02401
G1 X96.531 Y99.586 E1022.02962
G1 X96.528 Y98.484 E1022.06793
G1 X95.468 Y98.484 E1022.10477
G1 X95.468 Y105.516 E1022.34918
G1 X96.528 Y105.516 E1022.38602
G1 X96.528 Y104.448 E1022.42314
G1 X96.615 Y104.272 E1022.42996
G0 F15000 X96.748 Y103.788
;TYPE:WALL-INNER
G1 F10500 X125.932 Y103.788 E1023.44431
G1 X125.588 Y103.444 E1023.46122
G1 X125.588 Y100.552 E1023.56173
G1 X125.878 Y100.207 E1023.5774
G1 X96.748 Y100.208 E1024.58987
G1 X96.351 Y100.076 E1024.60441
G1 F8619.4 X96.003 Y99.678 E1024.62679
G1 X95.908 Y100.298 E1024.65335
G1 F10500 X95.908 Y103.698 E1024.77152
G1 F8717 X95.998 Y104.448 E1024.80315
G1 X96.351 Y103.92 E1024.82974
G1 F10500 X96.748 Y103.788 E1024.84428
G1 F2400 E1024.34428
G0 F15000 X95.998 Y104.448
G1 F2400 E1024.84428
G1 F7451.6 X95.998 Y104.986 E1024.87063
G1 F2400 E1024.37063
G0 F15000 X96.003 Y99.678
G1 F2400 E1024.87063
G1 F7380.2 X95.998 Y99.014 E1024.90346
G1 F2400 E1024.40346
G0 F15000 X127.977 Y100.319
G1 F2400 E1024.90346
G1 F8091.1 X128.068 Y100.647 E1024.91882
G1 F10572.1 X128.122 Y100.998 E1024.93107
G1 F11755.7 X128.119 Y102.026 E1024.96299
G1 F11846.2 X128.116 Y103.054 E1024.99466
G1 F10744.2 X128.072 Y103.334 E1025.00429
G1 F8684.2 X128.012 Y103.577 E1025.0148
G1 F7368.4 X127.977 Y103.677 E1025.02005
G1 F2400 E1024.52005
G0 F15000 X113.579 Y103.392
;TYPE:FILL
G1 F2400 E1025.02005
G1 F15000 X114.326 Y100.604 E1025.12037
G1 X115.939 Y100.604 E1025.17643
G1 X118.726 Y103.392 E1025.31345
G1 X117.484 Y103.392 E1025.35662
G1 X118.232 Y100.604 E1025.45695
G1 X118.606 Y100.604 E1025.46995
G1 X121.197 Y103.441 E1025.60349
G1 X121.389 Y103.393 E1025.61036
G1 X122.137 Y100.603 E1025.71076
G1 X123.94 Y100.604 E1025.77343
G1 X125.192 Y101.856 E1025.83497
G1 X125.191 Y102.37 E1025.85283
G1 X121.378 Y103.392 E1025.99004
G1 X119.437 Y103.393 E1026.0575
G1 X120.184 Y100.604 E1026.15786
G1 X121.273 Y100.604 E1026.19571
G1 X123.225 Y102.556 E1026.29165
G1 X123.448 Y103.392 E1026.32173
G1 X123.843 Y103.392 E1026.33545
G1 X123.592 Y102.457 E1026.3691
G1 X124.435 Y100.62 E1026.43935
G1 X114.091 Y103.392 E1026.81156
G1 X113.392 Y103.392 E1026.83586
G1 X110.604 Y100.604 E1026.9729
G1 X110.422 Y100.603 E1026.97923
G1 X109.674 Y103.393 E1027.07962
G1 X108.057 Y103.392 E1027.13582
G1 X105.27 Y100.604 E1027.27284
G1 X104.564 Y100.603 E1027.29738
G1 X103.816 Y103.393 E1027.39777
G1 X102.723 Y103.392 E1027.43576
G1 X99.935 Y100.604 E1027.5728
G1 X98.706 Y100.603 E1027.61552
G1 X97.959 Y103.393 E1027.71591
G1 X99.911 Y103.393 E1027.78375
G1 X100.659 Y100.603 E1027.88415
G1 X102.603 Y100.604 E1027.95171
G1 X105.39 Y103.392 E1028.08873
G1 X105.769 Y103.393 E1028.1019
G1 X106.516 Y100.603 E1028.20229
G1 X107.937 Y100.604 E1028.25168
G1 X110.724 Y103.392 E1028.3887
G1 X111.627 Y103.392 E1028.42008
G1 X112.374 Y100.603 E1028.52043
G1 X113.271 Y100.604 E1028.55161
G1 X115.376 Y102.709 E1028.65508
G1 X115.559 Y103.393 E1028.67969
G1 X115.951 Y103.392 E1028.69331
G1 X115.742 Y102.609 E1028.72148
G1 X116.744 Y100.603 E1028.79942
G1 X117.21 Y100.604 E1028.81561
G1 X107.716 Y103.416 E1029.15977
G1 X108.469 Y100.604 E1029.26095
G1 X109.923 Y100.604 E1029.31148
G1 X99.517 Y103.392 E1029.68592
G1 X99.411 Y103.42
G1 F2400 E1029.18592
G0 F15000 X96.303 Y102.306
G1 F2400 E1029.68592
G1 F15000 X97.388 Y103.392 E1029.73927
G1 X96.721 Y103.392 E1029.76246
G1 X96.304 Y103.532 E1029.77775
G1 X96.304 Y102.301 E1029.82053
G1 X102.342 Y100.604 E1030.03852
G1 X102.611 Y100.604 E1030.04787
G1 X101.864 Y103.392 E1030.14819
G1 X100.056 Y103.392 E1030.21103
G1 X97.268 Y100.604 E1030.34807
G1 X96.754 Y100.604 E1030.36594
G1 X96.304 Y102.281 E1030.42629
G1 X96.303 Y100.465 E1030.48941
G1 X96.303 Y100.355
G1 F2400 E1029.98941
;MESH:Pin 5mm - AKM.STL(5)
G0 F15000 X136.615 Y94.272
;TYPE:WALL-OUTER
G1 F2400 E1030.48941
G1 F9000 X136.748 Y94.228 E1030.49428
G1 X165.244 Y94.228 E1031.48471
G1 F8703.3 X165.746 Y94.213 E1031.50276
G1 F8148.1 X166.248 Y94.197 E1031.52204
G1 F7857.1 X167.091 Y94.195 E1031.5556
G1 F8016.2 X167.252 Y94.207 E1031.5619
G1 F8590 X167.596 Y94.227 E1031.57445
G1 F9000 X168.528 Y94.228 E1031.60684
G1 X168.528 Y89.768 E1031.76186
G1 X167.649 Y89.768 E1031.79241
G1 F8665.2 X167.379 Y89.785 E1031.80218
G1 F7983.9 X167.142 Y89.807 E1031.8115
G1 F7764.7 X166.979 Y89.8 E1031.81807
G1 F7841.6 X166.161 Y89.801 E1031.85071
G1 F8372.1 X165.244 Y89.768 E1031.88499
G1 F9000 X136.748 Y89.768 E1032.87542
G1 X136.615 Y89.724 E1032.88029
G1 X136.531 Y89.586 E1032.88591
G1 X136.528 Y88.484 E1032.92421
G1 X135.468 Y88.484 E1032.96105
G1 X135.468 Y95.516 E1033.20546
G1 X136.528 Y95.516 E1033.2423
G1 X136.528 Y94.448 E1033.27942
G1 X136.615 Y94.272 E1033.28625
G1 F2400 E1032.78625
G0 F15000 X166.248 Y93.695
G1 F2400 E1033.28625
G1 F8407.6 X166.028 Y93.444 E1033.29866
G1 F9000 X166.028 Y90.552 E1033.39918
G1 F8372.1 X166.204 Y90.302 E1033.41061
G1 F7780 X167.043 Y90.304 E1033.44434
G1 F8032.5 X167.277 Y90.407 E1033.4543
G1 F8665.2 X167.356 Y90.476 E1033.45808
G1 F9000 X167.63 Y90.785 E1033.47244
G1 X167.716 Y91.093 E1033.48355
G1 X167.71 Y92.966 E1033.54865
G1 X167.638 Y93.196 E1033.55703
G1 X167.411 Y93.479 E1033.56964
G1 F8590 X167.116 Y93.657 E1033.58218
G1 F8016.2 X167.048 Y93.694 E1033.5852
G1 F7857.1 X166.248 Y93.695 E1033.61705
G1 F2400 E1033.11705
G0 F15000 X167.977 Y93.677
;TYPE:WALL-INNER
G1 F2400 E1033.61705
G1 F7368.4 X168.012 Y93.577 E1033.6223
G1 F8684.2 X168.072 Y93.334 E1033.63282
G1 F10744.2 X168.116 Y93.054 E1033.64245
G1 F11846.2 X168.119 Y92.026 E1033.67412
G1 F11755.7 X168.122 Y90.998 E1033.70603
G1 F10572.1 X168.068 Y90.647 E1033.71829
G1 F8091.1 X167.977 Y90.319 E1033.73364
G1 F2400 E1033.23364
G0 F15000 X136.748 Y93.788
G1 F2400 E1033.73364
G1 F10500 X165.932 Y93.788 E1034.74799
G1 X165.588 Y93.444 E1034.7649
G1 X165.588 Y90.552 E1034.86541
G1 X165.878 Y90.207 E1034.88108
G1 X136.748 Y90.208 E1035.89354
G1 X136.351 Y90.076 E1035.90809
G1 F8619.4 X136.003 Y89.678 E1035.93047
G1 X135.908 Y90.298 E1035.95703
G1 F10500 X135.908 Y93.698 E1036.0752
G1 F8717 X135.998 Y94.448 E1036.10683
G1 X136.351 Y93.92 E1036.13342
G1 F10500 X136.748 Y93.788 E1036.14796
G1 F2400 E1035.64796
G0 F15000 X135.998 Y94.448
G1 F2400 E1036.14796
G1 F7451.6 X135.998 Y94.986 E1036.17431
G1 F2400 E1035.67431
G0 F15000 X136.003 Y89.678
G1 F2400 E1036.17431
G1 F7380.2 X135.998 Y89.014 E1036.20714
G1 F2400 E1035.70714
G0 F15000 X136.303 Y90.465
;TYPE:FILL
G1 F2400 E1036.20714
G1 F15000 X136.303 Y92.284 E1036.27036
G1 X136.754 Y90.603 E1036.33086
G1 X137.268 Y90.604 E1036.34872
G1 X140.055 Y93.392 E1036.48574
G1 X141.864 Y93.392 E1036.54861
G1 X142.612 Y90.603 E1036.64898
G1 X142.355 Y90.591 E1036.65792
G1 X136.304 Y92.3 E1036.87646
G1 X136.304 Y93.532 E1036.91928
G1 X136.721 Y93.392 E1036.93457
G1 X137.388 Y93.392 E1036.95775
G1 X136.303 Y92.307 E1037.01108
G1 X136.226 Y92.23
G1 F2400 E1036.51108
G0 F15000 X139.515 Y93.392
G1 F2400 E1037.01108
G1 F15000 X149.92 Y90.604 E1037.38548
G1 X148.469 Y90.603 E1037.43592
G1 X147.716 Y93.415 E1037.5371
G1 X157.207 Y90.604 E1037.88114
G1 X156.743 Y90.604 E1037.89726
G1 X155.741 Y92.612 E1037.97526
G1 X155.951 Y93.392 E1038.00334
G1 X155.559 Y93.393 E1038.01696
G1 X155.375 Y92.708 E1038.04162
G1 X153.271 Y90.604 E1038.14504
G1 X152.374 Y90.604 E1038.17621
G1 X151.627 Y93.392 E1038.27653
G1 X150.724 Y93.392 E1038.30792
G1 X147.937 Y90.604 E1038.44493
G1 X146.517 Y90.604 E1038.49429
G1 X145.769 Y93.393 E1038.59465
G1 X145.39 Y93.392 E1038.60782
G1 X142.602 Y90.604 E1038.74486
G1 X140.659 Y90.603 E1038.8124
G1 X139.911 Y93.393 E1038.91279
G1 X137.959 Y93.393 E1038.98064
G1 X138.706 Y90.603 E1039.08102
G1 X139.935 Y90.604 E1039.12374
G1 X142.722 Y93.392 E1039.26076
G1 X143.817 Y93.393 E1039.29882
G1 X144.564 Y90.603 E1039.3992
G1 X145.269 Y90.604 E1039.42371
G1 X148.057 Y93.392 E1039.56075
G1 X149.674 Y93.393 E1039.61695
G1 X150.422 Y90.603 E1039.71734
G1 X150.604 Y90.604 E1039.72367
G1 X153.391 Y93.392 E1039.86069
G1 X154.088 Y93.392 E1039.88491
G1 X164.435 Y90.62 E1040.25722
G1 X163.592 Y92.457 E1040.32747
G1 X163.843 Y93.392 E1040.36112
G1 X163.448 Y93.392 E1040.37485
G1 X163.225 Y92.556 E1040.40492
G1 X161.273 Y90.604 E1040.50087
G1 X160.184 Y90.603 E1040.53872
G1 X159.437 Y93.393 E1040.63911
G1 X161.374 Y93.392 E1040.70643
G1 X165.192 Y92.37 E1040.84381
G1 X165.192 Y91.857 E1040.86164
G1 X163.94 Y90.604 E1040.9232
G1 X162.137 Y90.603 E1040.98587
G1 X161.389 Y93.393 E1041.08626
G1 X161.197 Y93.441 E1041.09314
G1 X158.605 Y90.604 E1041.22671
G1 X158.232 Y90.604 E1041.23967
G1 X157.484 Y93.392 E1041.34
G1 X158.726 Y93.392 E1041.38317
G1 X155.938 Y90.604 E1041.52021
G1 X154.327 Y90.603 E1041.5762
G1 X153.579 Y93.393 E1041.6766
G1 X153.551 Y93.499
G1 F2400 E1041.1766
;MESH:Pin 5mm - AKM.STL(3)
G0 F15000 X166.248 Y103.695
;TYPE:WALL-OUTER
G1 F2400 E1041.6766
G1 F8407.6 X166.028 Y103.444 E1041.68901
G1 F9000 X166.028 Y100.552 E1041.78953
G1 F8372.1 X166.204 Y100.302 E1041.80095
G1 F7780 X167.043 Y100.304 E1041.83469
G1 F8032.5 X167.277 Y100.407 E1041.84465
G1 F8665.2 X167.356 Y100.476 E1041.84843
G1 F9000 X167.63 Y100.785 E1041.86279
G1 X167.716 Y101.093 E1041.8739
G1 X167.71 Y102.966 E1041.939
G1 X167.638 Y103.196 E1041.94738
G1 X167.411 Y103.479 E1041.95999
G1 F8590 X167.116 Y103.657 E1041.97253
G1 F8016.2 X167.048 Y103.694 E1041.97555
G1 F7857.1 X166.248 Y103.695 E1042.0074
G1 F2400 E1041.5074
G0 F15000 X136.615 Y104.272
G1 F2400 E1042.0074
G1 F9000 X136.748 Y104.228 E1042.01227
G1 X165.244 Y104.228 E1043.0027
G1 F8703.3 X165.746 Y104.213 E1043.02075
G1 F8148.1 X166.248 Y104.197 E1043.04004
G1 F7857.1 X167.091 Y104.195 E1043.0736
G1 F8016.2 X167.252 Y104.207 E1043.0799
G1 F8590 X167.596 Y104.227 E1043.09245
G1 F9000 X168.528 Y104.228 E1043.12484
G1 X168.528 Y99.768 E1043.27986
G1 X167.649 Y99.768 E1043.31041
G1 F8665.2 X167.379 Y99.785 E1043.32017
G1 F7983.9 X167.142 Y99.807 E1043.3295
G1 F7764.7 X166.979 Y99.8 E1043.33607
G1 F7841.6 X166.161 Y99.801 E1043.3687
G1 F8372.1 X165.244 Y99.768 E1043.40299
G1 F9000 X136.748 Y99.768 E1044.39342
G1 X136.615 Y99.724 E1044.39829
G1 X136.531 Y99.586 E1044.4039
G1 X136.528 Y98.484 E1044.4422
G1 X135.468 Y98.484 E1044.47905
G1 X135.468 Y105.516 E1044.72346
G1 X136.528 Y105.516 E1044.7603
G1 X136.528 Y104.448 E1044.79742
G1 X136.615 Y104.272 E1044.80424
G0 F15000 X136.748 Y103.788
;TYPE:WALL-INNER
G1 F10500 X165.932 Y103.788 E1045.81859
G1 X165.588 Y103.444 E1045.8355
G1 X165.588 Y100.552 E1045.93601
G1 X165.878 Y100.207 E1045.95168
G1 X136.748 Y100.208 E1046.96414
G1 X136.351 Y100.076 E1046.97869
G1 F8619.4 X136.003 Y99.678 E1047.00107
G1 X135.908 Y100.298 E1047.02763
G1 F10500 X135.908 Y103.698 E1047.1458
G1 F8717 X135.998 Y104.448 E1047.17743
G1 X136.351 Y103.92 E1047.20402
G1 F10500 X136.748 Y103.788 E1047.21856
G1 F2400 E1046.71856
G0 F15000 X135.998 Y104.448
G1 F2400 E1047.21856
G1 F7451.6 X135.998 Y104.986 E1047.24491
G1 F2400 E1046.74491
G0 F15000 X136.003 Y99.678
G1 F2400 E1047.24491
G1 F7380.2 X135.998 Y99.014 E1047.27774
G1 F2400 E1046.77774
G0 F15000 X167.977 Y100.319
G1 F2400 E1047.27774
G1 F8091.1 X168.068 Y100.647 E1047.29309
G1 F10572.1 X168.122 Y100.998 E1047.30535
G1 F11755.7 X168.119 Y102.026 E1047.33727
G1 F11846.2 X168.116 Y103.054 E1047.36894
G1 F10744.2 X168.072 Y103.334 E1047.37856
G1 F8684.2 X168.012 Y103.577 E1047.38908
G1 F7368.4 X167.977 Y103.677 E1047.39433
G1 F2400 E1046.89433
G0 F15000 X153.579 Y103.392
;TYPE:FILL
G1 F2400 E1047.39433
G1 F15000 X154.326 Y100.604 E1047.49465
G1 X155.938 Y100.604 E1047.55068
G1 X158.726 Y103.392 E1047.68772
G1 X157.484 Y103.392 E1047.73089
G1 X158.232 Y100.603 E1047.83125
G1 X158.605 Y100.604 E1047.84421
G1 X161.204 Y103.43 E1047.97766
G1 X161.389 Y103.393 E1047.98422
G1 X162.137 Y100.603 E1048.08461
G1 X163.94 Y100.604 E1048.14728
G1 X165.192 Y101.857 E1048.20884
G1 X165.191 Y102.37 E1048.22667
G1 X161.374 Y103.392 E1048.36401
G1 X159.437 Y103.392 E1048.43134
G1 X160.184 Y100.604 E1048.53166
G1 X161.273 Y100.604 E1048.56951
G1 X163.225 Y102.556 E1048.66546
G1 X163.449 Y103.392 E1048.69554
G1 X163.843 Y103.392 E1048.70923
G1 X163.592 Y102.457 E1048.74288
G1 X164.437 Y100.619 E1048.81319
G1 X154.087 Y103.392 E1049.18561
G1 X153.392 Y103.392 E1049.20977
G1 X150.604 Y100.604 E1049.34681
G1 X150.421 Y100.604 E1049.35317
G1 X149.674 Y103.393 E1049.45352
G1 X148.058 Y103.392 E1049.50969
G1 X145.269 Y100.604 E1049.64675
G1 X144.564 Y100.604 E1049.67126
G1 X143.816 Y103.392 E1049.77159
G1 X142.723 Y103.392 E1049.80958
G1 X139.935 Y100.604 E1049.94662
G1 X138.706 Y100.604 E1049.98933
G1 X137.959 Y103.392 E1050.08965
G1 X139.911 Y103.393 E1050.1575
G1 X140.659 Y100.604 E1050.25786
G1 X142.602 Y100.604 E1050.32539
G1 X145.39 Y103.392 E1050.46243
G1 X145.769 Y103.393 E1050.47561
G1 X146.516 Y100.604 E1050.57596
G1 X147.937 Y100.604 E1050.62535
G1 X150.725 Y103.392 E1050.76239
G1 X151.627 Y103.392 E1050.79374
G1 X152.374 Y100.603 E1050.89409
G1 X153.271 Y100.604 E1050.92527
G1 X155.376 Y102.709 E1051.02874
G1 X155.559 Y103.393 E1051.05335
G1 X155.951 Y103.392 E1051.06697
G1 X155.742 Y102.61 E1051.09511
G1 X156.744 Y100.604 E1051.17304
G1 X157.207 Y100.604 E1051.18914
G1 X147.716 Y103.415 E1051.53318
G1 X148.469 Y100.604 E1051.63432
G1 X149.921 Y100.604 E1051.68479
G1 X139.515 Y103.392 E1052.05923
G1 X139.409 Y103.42
G1 F2400 E1051.55923
G0 F15000 X136.303 Y102.307
G1 F2400 E1052.05923
G1 F15000 X137.389 Y103.392 E1052.11258
G1 X136.721 Y103.392 E1052.1358
G1 X136.304 Y103.532 E1052.15109
G1 X136.305 Y102.3 E1052.19391
G1 X142.361 Y100.592 E1052.41261
G1 X142.611 Y100.603 E1052.42131
G1 X141.864 Y103.392 E1052.52166
G1 X140.056 Y103.392 E1052.5845
G1 X137.268 Y100.604 E1052.72154
G1 X136.753 Y100.604 E1052.73944
G1 X136.304 Y102.281 E1052.79978
G1 X136.303 Y100.465 E1052.8629
G1 X136.303 Y100.355
G1 F2400 E1052.3629
;MESH:Pin 5mm - AKM.STL(1)
G0 F15000 X136.615 Y114.272
;TYPE:WALL-OUTER
G1 F2400 E1052.8629
G1 F9000 X136.748 Y114.228 E1052.86777
G1 X165.244 Y114.228 E1053.8582
G1 F8703.3 X165.746 Y114.213 E1053.87625
G1 F8148.1 X166.248 Y114.197 E1053.89553
G1 F7857.1 X167.091 Y114.195 E1053.92909
G1 F8016.2 X167.252 Y114.207 E1053.93539
G1 F8590 X167.596 Y114.227 E1053.94794
G1 F9000 X168.528 Y114.228 E1053.98034
G1 X168.528 Y109.768 E1054.13535
G1 X167.649 Y109.768 E1054.1659
G1 F8665.2 X167.379 Y109.785 E1054.17567
G1 F7983.9 X167.142 Y109.807 E1054.18499
G1 F7764.7 X166.979 Y109.8 E1054.19157
G1 F7841.6 X166.161 Y109.801 E1054.2242
G1 F8372.1 X165.244 Y109.768 E1054.25848
G1 F9000 X136.748 Y109.768 E1055.24891
G1 X136.615 Y109.724 E1055.25378
G1 X136.531 Y109.586 E1055.2594
G1 X136.528 Y108.484 E1055.2977
G1 X135.468 Y108.484 E1055.33454
G1 X135.468 Y115.516 E1055.57895
G1 X136.528 Y115.516 E1055.61579
G1 X136.528 Y114.448 E1055.65291
G1 X136.615 Y114.272 E1055.65974
G1 F2400 E1055.15974
G0 F15000 X166.248 Y113.695
G1 F2400 E1055.65974
G1 F8407.6 X166.028 Y113.444 E1055.67216
G1 F9000 X166.028 Y110.552 E1055.77267
G1 F8372.1 X166.204 Y110.302 E1055.7841
G1 F7780 X167.043 Y110.304 E1055.81783
G1 F8032.5 X167.277 Y110.407 E1055.82779
G1 F8665.2 X167.356 Y110.476 E1055.83157
G1 F9000 X167.63 Y110.785 E1055.84593
G1 X167.716 Y111.093 E1055.85704
G1 X167.71 Y112.966 E1055.92214
G1 X167.638 Y113.196 E1055.93052
G1 X167.411 Y113.479 E1055.94313
G1 F8590 X167.116 Y113.657 E1055.95568
G1 F8016.2 X167.048 Y113.694 E1055.9587
G1 F7857.1 X166.248 Y113.695 E1055.99055
G1 F2400 E1055.49055
G0 F15000 X167.977 Y113.677
;TYPE:WALL-INNER
G1 F2400 E1055.99055
G1 F7368.4 X168.012 Y113.577 E1055.99579
G1 F8684.2 X168.072 Y113.334 E1056.00631
G1 F10744.2 X168.116 Y113.054 E1056.01594
G1 F11846.2 X168.119 Y112.026 E1056.04761
G1 F11755.7 X168.122 Y110.998 E1056.07952
G1 F10572.1 X168.068 Y110.647 E1056.09178
G1 F8091.1 X167.977 Y110.319 E1056.10714
G1 F2400 E1055.60714
G0 F15000 X136.748 Y113.788
G1 F2400 E1056.10714
G1 F10500 X165.932 Y113.788 E1057.12148
G1 X165.588 Y113.444 E1057.13839
G1 X165.588 Y110.552 E1057.2389
G1 X165.878 Y110.207 E1057.25457
G1 X136.748 Y110.208 E1058.26704
G1 X136.351 Y110.076 E1058.28158
G1 F8619.4 X136.003 Y109.678 E1058.30396
G1 X135.908 Y110.298 E1058.33052
G1 F10500 X135.908 Y113.698 E1058.44869
G1 F8717 X135.998 Y114.448 E1058.48032
G1 X136.351 Y113.92 E1058.50691
G1 F10500 X136.748 Y113.788 E1058.52145
G1 F2400 E1058.02145
G0 F15000 X135.998 Y114.448
G1 F2400 E1058.52145
G1 F7451.6 X135.998 Y114.986 E1058.5478
G1 F2400 E1058.0478
G0 F15000 X136.003 Y109.678
G1 F2400 E1058.5478
G1 F7380.2 X135.998 Y109.014 E1058.58063
G1 F2400 E1058.08063
G0 F15000 X136.303 Y110.465
;TYPE:FILL
G1 F2400 E1058.58063
G1 F15000 X136.304 Y112.281 E1058.64375
G1 X136.753 Y110.604 E1058.70409
G1 X137.268 Y110.604 E1058.72199
G1 X140.056 Y113.392 E1058.85903
G1 X141.864 Y113.392 E1058.92187
G1 X142.611 Y110.603 E1059.02223
G1 X142.36 Y110.593 E1059.03096
G1 X136.304 Y112.3 E1059.24965
G1 X136.304 Y113.532 E1059.29247
G1 X136.721 Y113.392 E1059.30775
G1 X137.389 Y113.392 E1059.33097
G1 X136.303 Y112.307 E1059.38433
G1 X136.226 Y112.23
G1 F2400 E1058.88433
G0 F15000 X139.517 Y113.392
G1 F2400 E1059.38433
G1 F15000 X149.923 Y110.604 E1059.75876
G1 X148.469 Y110.603 E1059.8093
G1 X147.716 Y113.416 E1059.91051
G1 X157.21 Y110.604 E1060.25467
G1 X156.744 Y110.604 E1060.27086
G1 X155.741 Y112.611 E1060.34885
G1 X155.951 Y113.392 E1060.37695
G1 X155.559 Y113.392 E1060.39058
G1 X155.375 Y112.708 E1060.4152
G1 X153.271 Y110.604 E1060.51862
G1 X152.374 Y110.604 E1060.54979
G1 X151.627 Y113.392 E1060.65011
G1 X150.725 Y113.392 E1060.68146
G1 X147.937 Y110.604 E1060.81851
G1 X146.516 Y110.604 E1060.86789
G1 X145.769 Y113.393 E1060.96825
G1 X145.39 Y113.392 E1060.98142
G1 X142.602 Y110.604 E1061.11846
G1 X140.658 Y110.604 E1061.18603
G1 X139.911 Y113.392 E1061.28635
G1 X137.959 Y113.392 E1061.35419
G1 X138.706 Y110.603 E1061.45455
G1 X139.935 Y110.604 E1061.49726
G1 X142.723 Y113.392 E1061.6343
G1 X143.816 Y113.392 E1061.67229
G1 X144.564 Y110.604 E1061.77262
G1 X145.269 Y110.604 E1061.79713
G1 X148.058 Y113.392 E1061.93419
G1 X149.674 Y113.392 E1061.99036
G1 X150.421 Y110.604 E1062.09068
G1 X150.604 Y110.604 E1062.09704
G1 X153.392 Y113.392 E1062.23408
G1 X154.092 Y113.392 E1062.25841
G1 X164.435 Y110.62 E1062.63059
G1 X163.592 Y112.457 E1062.70084
G1 X163.843 Y113.392 E1062.73448
G1 X163.449 Y113.392 E1062.74818
G1 X163.225 Y112.556 E1062.77826
G1 X161.273 Y110.604 E1062.87421
G1 X160.184 Y110.603 E1062.91206
G1 X159.437 Y113.392 E1063.01241
G1 X161.378 Y113.392 E1063.07987
G1 X165.191 Y112.37 E1063.21708
G1 X165.192 Y111.857 E1063.23491
G1 X163.94 Y110.604 E1063.29647
G1 X162.136 Y110.604 E1063.35918
G1 X161.389 Y113.392 E1063.4595
G1 X161.197 Y113.392 E1063.46617
G1 X158.605 Y110.604 E1063.59848
G1 X158.231 Y110.603 E1063.61148
G1 X157.484 Y113.392 E1063.71183
G1 X158.726 Y113.392 E1063.755
G1 X155.938 Y110.604 E1063.89204
G1 X154.326 Y110.603 E1063.94807
G1 X153.579 Y113.392 E1064.04842
G1 X153.551 Y113.498
G1 F2400 E1063.54842
;MESH:Pin 5mm - AKM.STL(7)
G0 F15000 X166.248 Y123.695
;TYPE:WALL-OUTER
G1 F2400 E1064.04842
G1 F8407.6 X166.028 Y123.444 E1064.06084
G1 F9000 X166.028 Y120.552 E1064.16136
G1 F8372.1 X166.204 Y120.302 E1064.17278
G1 F7780 X167.043 Y120.304 E1064.20652
G1 F8032.5 X167.277 Y120.407 E1064.21647
G1 F8665.2 X167.356 Y120.476 E1064.22026
G1 F9000 X167.63 Y120.785 E1064.23461
G1 X167.716 Y121.093 E1064.24573
G1 X167.71 Y122.966 E1064.31083
G1 X167.638 Y123.196 E1064.3192
G1 X167.411 Y123.479 E1064.33181
G1 F8590 X167.116 Y123.657 E1064.34436
G1 F8016.2 X167.048 Y123.694 E1064.34738
G1 F7857.1 X166.248 Y123.695 E1064.37923
G1 F2400 E1063.87923
G0 F15000 X136.615 Y124.272
G1 F2400 E1064.37923
G1 F9000 X136.748 Y124.228 E1064.3841
G1 X165.244 Y124.228 E1065.37453
G1 F8703.3 X165.746 Y124.213 E1065.39258
G1 F8148.1 X166.248 Y124.197 E1065.41186
G1 F7857.1 X167.091 Y124.195 E1065.44543
G1 F8016.2 X167.252 Y124.207 E1065.45173
G1 F8590 X167.596 Y124.227 E1065.46427
G1 F9000 X168.528 Y124.228 E1065.49667
G1 X168.528 Y119.768 E1065.65168
G1 X167.649 Y119.768 E1065.68223
G1 F8665.2 X167.379 Y119.785 E1065.692
G1 F7983.9 X167.142 Y119.807 E1065.70133
G1 F7764.7 X166.979 Y119.8 E1065.7079
G1 F7841.6 X166.161 Y119.801 E1065.74053
G1 F8372.1 X165.244 Y119.768 E1065.77481
G1 F9000 X136.748 Y119.768 E1066.76524
G1 X136.615 Y119.724 E1066.77011
G1 X136.531 Y119.586 E1066.77573
G1 X136.528 Y118.484 E1066.81403
G1 X135.468 Y118.484 E1066.85087
G1 X135.468 Y125.516 E1067.09528
G1 X136.528 Y125.516 E1067.13213
G1 X136.528 Y124.448 E1067.16925
G1 X136.615 Y124.272 E1067.17607
G0 F15000 X136.748 Y123.788
;TYPE:WALL-INNER
G1 F10500 X165.932 Y123.788 E1068.19041
G1 X165.588 Y123.444 E1068.20732
G1 X165.588 Y120.552 E1068.30784
G1 X165.878 Y120.207 E1068.3235
G1 X136.748 Y120.208 E1069.33597
G1 X136.351 Y120.076 E1069.35051
G1 F8619.4 X136.003 Y119.678 E1069.3729
G1 X135.908 Y120.298 E1069.39945
G1 F10500 X135.908 Y123.698 E1069.51763
G1 F8717 X135.998 Y124.448 E1069.54925
G1 X136.351 Y123.92 E1069.57584
G1 F10500 X136.748 Y123.788 E1069.59038
G1 F2400 E1069.09038
G0 F15000 X135.998 Y124.448
G1 F2400 E1069.59038
G1 F7451.6 X135.998 Y124.986 E1069.61673
G1 F2400 E1069.11673
G0 F15000 X136.003 Y119.678
G1 F2400 E1069.61673
G1 F7380.2 X135.998 Y119.014 E1069.64957
G1 F2400 E1069.14957
G0 F15000 X167.977 Y120.319
G1 F2400 E1069.64957
G1 F8091.1 X168.068 Y120.647 E1069.66492
G1 F10572.1 X168.122 Y120.998 E1069.67718
G1 F11755.7 X168.119 Y122.026 E1069.70909
G1 F11846.2 X168.116 Y123.054 E1069.74076
G1 F10744.2 X168.072 Y123.334 E1069.75039
G1 F8684.2 X168.012 Y123.577 E1069.76091
G1 F7368.4 X167.977 Y123.677 E1069.76616
G1 F2400 E1069.26616
G0 F15000 X153.579 Y123.393
;TYPE:FILL
G1 F2400 E1069.76616
G1 F15000 X154.326 Y120.604 E1069.86651
G1 X155.938 Y120.604 E1069.92254
G1 X158.726 Y123.392 E1070.05958
G1 X157.484 Y123.392 E1070.10275
G1 X158.231 Y120.604 E1070.20307
G1 X158.605 Y120.604 E1070.21607
G1 X161.204 Y123.43 E1070.34951
G1 X161.389 Y123.393 E1070.35607
G1 X162.136 Y120.603 E1070.45646
G1 X163.94 Y120.604 E1070.51916
G1 X165.192 Y121.856 E1070.5807
G1 X165.191 Y122.37 E1070.59856
G1 X161.378 Y123.392 E1070.73577
G1 X159.436 Y123.393 E1070.80327
G1 X160.184 Y120.604 E1070.90363
G1 X161.273 Y120.604 E1070.94148
G1 X163.224 Y122.555 E1071.03738
G1 X163.448 Y123.392 E1071.06749
G1 X163.843 Y123.392 E1071.08122
G1 X163.592 Y122.457 E1071.11487
G1 X164.435 Y120.62 E1071.18512
G1 X154.09 Y123.392 E1071.55736
G1 X153.392 Y123.392 E1071.58163
G1 X150.604 Y120.604 E1071.71867
G1 X150.421 Y120.603 E1071.72503
G1 X149.674 Y123.393 E1071.82541
G1 X148.058 Y123.392 E1071.88158
G1 X145.269 Y120.604 E1072.01865
G1 X144.563 Y120.603 E1072.04318
G1 X143.816 Y123.393 E1072.14357
G1 X142.723 Y123.392 E1072.18156
G1 X139.935 Y120.604 E1072.3186
G1 X138.706 Y120.603 E1072.36132
G1 X137.958 Y123.393 E1072.46171
G1 X139.911 Y123.393 E1072.52959
G1 X140.658 Y120.604 E1072.62995
G1 X142.602 Y120.604 E1072.69751
G1 X145.39 Y123.392 E1072.83455
G1 X145.768 Y123.393 E1072.84769
G1 X146.516 Y120.604 E1072.94805
G1 X147.937 Y120.604 E1072.99744
G1 X150.725 Y123.392 E1073.13448
G1 X151.626 Y123.393 E1073.1658
G1 X152.373 Y120.604 E1073.26615
G1 X153.271 Y120.604 E1073.29737
G1 X155.374 Y122.707 E1073.40074
G1 X155.558 Y123.393 E1073.42542
G1 X155.952 Y123.392 E1073.43912
G1 X155.741 Y122.608 E1073.46733
G1 X156.744 Y120.603 E1073.54526
G1 X157.21 Y120.603 E1073.56145
G1 X147.715 Y123.416 E1073.90565
G1 X148.468 Y120.604 E1074.00683
G1 X149.923 Y120.604 E1074.0574
G1 X139.514 Y123.393 E1074.43194
G1 X139.408 Y123.421
G1 F2400 E1073.93194
G0 F15000 X136.303 Y122.307
G1 F2400 E1074.43194
G1 F15000 X137.389 Y123.392 E1074.4853
G1 X136.721 Y123.392 E1074.50852
G1 X136.304 Y123.532 E1074.52381
G1 X136.304 Y122.3 E1074.56663
G1 X142.342 Y120.604 E1074.78461
G1 X142.611 Y120.604 E1074.79396
G1 X141.863 Y123.393 E1074.89432
G1 X140.056 Y123.392 E1074.95713
G1 X137.268 Y120.604 E1075.09417
G1 X136.753 Y120.604 E1075.11207
G1 X136.304 Y122.282 E1075.17244
G1 X136.303 Y120.465 E1075.23559
G1 X136.303 Y120.355
G1 F2400 E1074.73559
;MESH:Pin 5mm - AKM.STL(6)
G0 F15000 X176.615 Y104.272
;TYPE:WALL-OUTER
G1 F2400 E1075.23559
G1 F9000 X176.748 Y104.228 E1075.24046
G1 X205.244 Y104.228 E1076.23089
G1 F8703.3 X205.746 Y104.213 E1076.24894
G1 F8148.1 X206.248 Y104.197 E1076.26823
G1 F7857.1 X207.091 Y104.195 E1076.30179
G1 F8016.2 X207.252 Y104.207 E1076.30809
G1 F8590 X207.596 Y104.227 E1076.32064
G1 F9000 X208.528 Y104.228 E1076.35303
G1 X208.528 Y99.768 E1076.50805
G1 X207.649 Y99.768 E1076.5386
G1 F8665.2 X207.379 Y99.785 E1076.54836
G1 F7983.9 X207.142 Y99.807 E1076.55769
G1 F7764.7 X206.979 Y99.8 E1076.56426
G1 F7841.6 X206.161 Y99.801 E1076.59689
G1 F8372.1 X205.244 Y99.768 E1076.63118
G1 F9000 X176.748 Y99.768 E1077.62161
G1 X176.615 Y99.724 E1077.62648
G1 X176.531 Y99.586 E1077.63209
G1 X176.528 Y98.484 E1077.67039
G1 X175.468 Y98.484 E1077.70724
G1 X175.468 Y105.516 E1077.95165
G1 X176.528 Y105.516 E1077.98849
G1 X176.528 Y104.448 E1078.02561
G1 X176.615 Y104.272 E1078.03243
G1 F2400 E1077.53243
G0 F15000 X206.248 Y103.695
G1 F2400 E1078.03243
G1 F8407.6 X206.028 Y103.444 E1078.04485
G1 F9000 X206.028 Y100.552 E1078.14537
G1 F8372.1 X206.204 Y100.302 E1078.15679
G1 F7780 X207.043 Y100.304 E1078.19053
G1 F8032.5 X207.277 Y100.407 E1078.20048
G1 F8665.2 X207.356 Y100.476 E1078.20427
G1 F9000 X207.63 Y100.785 E1078.21862
G1 X207.716 Y101.093 E1078.22974
G1 X207.71 Y102.966 E1078.29484
G1 X207.638 Y103.196 E1078.30321
G1 X207.411 Y103.479 E1078.31582
G1 F8590 X207.116 Y103.657 E1078.32837
G1 F8016.2 X207.048 Y103.694 E1078.33139
G1 F7857.1 X206.248 Y103.695 E1078.36324
G1 F2400 E1077.86324
G0 F15000 X207.977 Y103.677
;TYPE:WALL-INNER
G1 F2400 E1078.36324
G1 F7368.4 X208.012 Y103.577 E1078.36849
G1 F8684.2 X208.072 Y103.334 E1078.37901
G1 F10744.2 X208.116 Y103.054 E1078.38863
G1 F11846.2 X208.119 Y102.026 E1078.4203
G1 F11755.7 X208.122 Y100.998 E1078.45222
G1 F10572.1 X208.068 Y100.647 E1078.46448
G1 F8091.1 X207.977 Y100.319 E1078.47983
G1 F2400 E1077.97983
G0 F15000 X176.748 Y103.788
G1 F2400 E1078.47983
G1 F10500 X205.932 Y103.788 E1079.49417
G1 X205.588 Y103.444 E1079.51108
G1 X205.588 Y100.552 E1079.6116
G1 X205.878 Y100.207 E1079.62726
G1 X176.748 Y100.208 E1080.63973
G1 X176.351 Y100.076 E1080.65427
G1 F8619.4 X176.003 Y99.678 E1080.67666
G1 X175.908 Y100.298 E1080.70321
G1 F10500 X175.908 Y103.698 E1080.82139
G1 F8717 X175.998 Y104.448 E1080.85301
G1 X176.351 Y103.92 E1080.8796
G1 F10500 X176.748 Y103.788 E1080.89414
G1 F2400 E1080.39414
G0 F15000 X175.998 Y104.448
G1 F2400 E1080.89414
G1 F7451.6 X175.998 Y104.986 E1080.92049
G1 F2400 E1080.42049
G0 F15000 X176.003 Y99.678
G1 F2400 E1080.92049
G1 F7380.2 X175.998 Y99.014 E1080.95333
G1 F2400 E1080.45333
G0 F15000 X176.303 Y100.465
;TYPE:FILL
G1 F2400 E1080.95333
G1 F15000 X176.304 Y102.281 E1081.01645
G1 X176.753 Y100.604 E1081.07679
G1 X177.267 Y100.604 E1081.09465
G1 X180.056 Y103.392 E1081.23172
G1 X181.864 Y103.392 E1081.29456
G1 X182.611 Y100.603 E1081.39491
G1 X182.361 Y100.592 E1081.40361
G1 X176.305 Y102.3 E1081.62231
G1 X176.304 Y103.532 E1081.66513
G1 X176.721 Y103.392 E1081.68042
G1 X177.388 Y103.392 E1081.7036
G1 X176.304 Y102.308 E1081.75688
G1 X176.227 Y102.231
G1 F2400 E1081.25688
G0 F15000 X179.515 Y103.392
G1 F2400 E1081.75688
G1 F15000 X189.921 Y100.604 E1082.13132
G1 X188.469 Y100.603 E1082.18178
G1 X187.716 Y103.415 E1082.28296
G1 X197.207 Y100.604 E1082.62701
G1 X196.744 Y100.604 E1082.6431
G1 X195.741 Y102.611 E1082.72108
G1 X195.951 Y103.392 E1082.74919
G1 X195.559 Y103.392 E1082.76281
G1 X195.375 Y102.708 E1082.78743
G1 X193.271 Y100.604 E1082.89085
G1 X192.374 Y100.603 E1082.92203
G1 X191.627 Y103.392 E1083.02238
G1 X190.724 Y103.392 E1083.05377
G1 X187.936 Y100.604 E1083.19081
G1 X186.516 Y100.604 E1083.24016
G1 X185.769 Y103.393 E1083.34052
G1 X185.39 Y103.392 E1083.35369
G1 X182.602 Y100.604 E1083.49073
G1 X180.659 Y100.604 E1083.55826
G1 X179.911 Y103.393 E1083.65863
G1 X177.959 Y103.392 E1083.72647
G1 X178.706 Y100.604 E1083.82679
G1 X179.935 Y100.604 E1083.86951
G1 X182.723 Y103.392 E1084.00655
G1 X183.817 Y103.392 E1084.04457
G1 X184.564 Y100.604 E1084.14489
G1 X185.269 Y100.604 E1084.16939
G1 X188.057 Y103.392 E1084.30643
G1 X189.674 Y103.392 E1084.36264
G1 X190.421 Y100.604 E1084.46296
G1 X190.603 Y100.604 E1084.46928
G1 X193.392 Y103.392 E1084.60635
G1 X194.087 Y103.393 E1084.6305
G1 X204.437 Y100.619 E1085.00293
G1 X203.592 Y102.457 E1085.07324
G1 X203.843 Y103.392 E1085.10689
G1 X203.448 Y103.392 E1085.12062
G1 X203.225 Y102.557 E1085.15066
G1 X201.272 Y100.604 E1085.24666
G1 X200.184 Y100.603 E1085.28447
G1 X199.437 Y103.392 E1085.38483
G1 X201.374 Y103.393 E1085.45215
G1 X205.191 Y102.37 E1085.5895
G1 X205.192 Y101.857 E1085.60733
G1 X203.939 Y100.604 E1085.66892
G1 X202.137 Y100.603 E1085.73155
G1 X201.389 Y103.392 E1085.83191
G1 X201.188 Y103.392 E1085.8389
G1 X198.605 Y100.604 E1085.971
G1 X198.232 Y100.603 E1085.98396
G1 X197.484 Y103.392 E1086.08432
G1 X198.726 Y103.392 E1086.12749
G1 X195.938 Y100.604 E1086.26453
G1 X194.326 Y100.603 E1086.32056
G1 X193.579 Y103.392 E1086.42091
G1 X193.551 Y103.498
G1 F2400 E1085.92091
;MESH:NONMESH
G0 F600 X193.551 Y103.498 Z2.6
G0 F15000 X56.615 Y114.24
;TIME_ELAPSED:462.997761
;LAYER:12
;TYPE:WALL-OUTER
;MESH:Pin 5mm - AKM.STL(4)
G1 F2400 E1086.42091
G1 F9000 X56.748 Y114.196 E1086.42578
G1 X85.276 Y114.196 E1087.41733
G1 F8552.9 X86.248 Y114.173 E1087.45289
G1 F8114.8 X87.004 Y114.171 E1087.48203
G1 F8319.3 X87.236 Y114.185 E1087.49077
G1 F8780.5 X87.478 Y114.196 E1087.4994
G1 F9000 X88.528 Y114.196 E1087.53589
G1 X88.528 Y109.8 E1087.68868
G1 F8959.3 X87.374 Y109.802 E1087.72898
G1 F8665.2 X87.137 Y109.815 E1087.73754
G1 F8267.2 X86.979 Y109.824 E1087.74353
G1 F8098.2 X86.164 Y109.825 E1087.77501
G1 F8516.1 X85.276 Y109.8 E1087.80764
G1 F9000 X56.748 Y109.8 E1088.79919
G1 X56.615 Y109.756 E1088.80406
G1 X56.531 Y109.618 E1088.80967
G1 X56.528 Y108.504 E1088.84839
G1 X55.468 Y108.504 E1088.88523
G1 X55.468 Y115.492 E1089.12811
G1 X56.528 Y115.492 E1089.16496
G1 X56.528 Y114.416 E1089.20236
G1 X56.615 Y114.24 E1089.20918
G1 F2400 E1088.70918
G0 F15000 X86.248 Y113.687
G1 F2400 E1089.20918
G1 F8552.9 X86.028 Y113.444 E1089.22117
G1 F9000 X86.028 Y110.552 E1089.32168
G1 F8516.1 X86.206 Y110.31 E1089.33272
G1 F8164.9 X87 Y110.312 E1089.36314
G1 F8571.4 X87.272 Y110.421 E1089.37383
G1 F8959.3 X87.607 Y110.751 E1089.39025
G1 F9000 X87.72 Y111.13 E1089.404
G1 X87.71 Y113.01 E1089.46934
G1 X87.555 Y113.342 E1089.48208
G1 F8780.5 X87.179 Y113.627 E1089.49888
G1 F8319.3 X86.962 Y113.686 E1089.50734
G1 F8114.8 X86.248 Y113.687 E1089.53486
G1 F2400 E1089.03486
G0 F15000 X87.99 Y113.658
;TYPE:WALL-INNER
G1 F2400 E1089.53486
G1 F7700 X88.026 Y113.526 E1089.54135
G1 F9184.9 X88.087 Y113.26 E1089.55219
G1 F11186.4 X88.116 Y113.081 E1089.55811
G1 F12031.2 X88.124 Y111.053 E1089.61962
G1 F11159.4 X88.086 Y110.742 E1089.62987
G1 F8684.2 X87.998 Y110.395 E1089.64491
G1 F7241.4 X87.98 Y110.348 E1089.64745
G1 F2400 E1089.14745
G0 F15000 X56.748 Y113.756
G1 F2400 E1089.64745
G1 F10500 X85.9 Y113.756 E1090.66068
G1 X85.588 Y113.444 E1090.67602
G1 X85.588 Y110.552 E1090.77653
G1 X85.85 Y110.24 E1090.79069
G1 X56.748 Y110.24 E1091.80219
G1 X56.351 Y110.108 E1091.81673
G1 F8619.4 X56.003 Y109.71 E1091.83911
G1 X55.908 Y110.33 E1091.86567
G1 F10500 X55.908 Y113.666 E1091.98162
G1 F8717 X55.998 Y114.416 E1092.01325
G1 X56.351 Y113.888 E1092.03984
G1 F10500 X56.748 Y113.756 E1092.05438
G1 F2400 E1091.55438
G0 F15000 X55.998 Y114.416
G1 F2400 E1092.05438
G1 F7451.6 X55.998 Y114.962 E1092.08112
G1 F2400 E1091.58112
G0 F15000 X56.003 Y109.71
G1 F2400 E1092.08112
G1 F7380.2 X55.998 Y109.034 E1092.11455
G1 F2400 E1091.61455
G0 F15000 X56.305 Y112.3
;TYPE:FILL
G1 F2400 E1092.11455
G1 F15000 X62.516 Y110.636 E1092.33803
G1 X60.65 Y110.635 E1092.40289
G1 X59.92 Y113.361 E1092.50098
G1 X60.125 Y113.362 E1092.5081
G1 X69.802 Y110.636 E1092.85753
G1 X68.46 Y110.636 E1092.90418
G1 X67.73 Y113.36 E1093.0022
G1 X67.828 Y113.36 E1093.0056
G1 X77.089 Y110.636 E1093.34112
G1 X76.711 Y110.636 E1093.35426
G1 X75.54 Y113.361 E1093.45735
G1 X74.207 Y113.36 E1093.50368
G1 X84.415 Y110.626 E1093.87098
G1 X83.592 Y112.458 E1093.94078
G1 X83.834 Y113.36 E1093.97324
G1 X83.44 Y113.36 E1093.98694
G1 X83.223 Y112.554 E1094.01595
G1 X81.305 Y110.636 E1094.11023
G1 X80.175 Y110.636 E1094.1495
G1 X79.445 Y113.361 E1094.24755
G1 X78.695 Y113.36 E1094.27362
G1 X75.971 Y110.636 E1094.40751
G1 X74.318 Y110.636 E1094.46497
G1 X73.588 Y113.361 E1094.56302
G1 X73.36 Y113.36 E1094.57094
G1 X70.636 Y110.636 E1094.70484
G1 X70.413 Y110.636 E1094.71259
G1 X69.682 Y113.361 E1094.81065
G1 X68.026 Y113.36 E1094.86821
G1 X65.302 Y110.636 E1095.0021
G1 X64.555 Y110.636 E1095.02807
G1 X63.825 Y113.361 E1095.12612
G1 X62.691 Y113.36 E1095.16553
G1 X59.968 Y110.636 E1095.2994
G1 X58.698 Y110.635 E1095.34354
G1 X57.967 Y113.361 E1095.44164
G1 X57.357 Y113.36 E1095.46284
G1 X56.303 Y112.306 E1095.51465
G1 X56.745 Y110.635 E1095.57472
G1 X57.3 Y110.636 E1095.59401
G1 X60.024 Y113.36 E1095.72791
G1 X61.872 Y113.36 E1095.79214
G1 X62.61 Y110.611 E1095.89107
G1 X65.359 Y113.36 E1096.02619
G1 X65.778 Y113.36 E1096.04075
G1 X66.508 Y110.635 E1096.13881
G1 X67.969 Y110.636 E1096.18959
G1 X70.693 Y113.36 E1096.32348
G1 X71.635 Y113.36 E1096.35622
G1 X72.365 Y110.635 E1096.45427
G1 X73.304 Y110.636 E1096.48691
G1 X76.027 Y113.36 E1096.62078
G1 X77.493 Y113.36 E1096.67173
G1 X78.223 Y110.635 E1096.76979
G1 X78.638 Y110.636 E1096.78421
G1 X81.362 Y113.36 E1096.9181
G1 X81.494 Y113.361 E1096.92269
G1 X85.191 Y112.37 E1097.05572
G1 X85.192 Y111.855 E1097.07362
G1 X83.972 Y110.636 E1097.13357
G1 X82.128 Y110.636 E1097.19766
G1 X81.398 Y113.361 E1097.29571
G1 X81.37 Y113.467
G1 F2400 E1096.79571
;MESH:Pin 5mm - AKM.STL
G0 F15000 X96.615 Y114.24
;TYPE:WALL-OUTER
G1 F2400 E1097.29571
G1 F9000 X96.748 Y114.196 E1097.30058
G1 X125.276 Y114.196 E1098.29212
G1 F8552.9 X126.248 Y114.173 E1098.32768
G1 F8114.8 X127.004 Y114.171 E1098.35683
G1 F8319.3 X127.236 Y114.185 E1098.36556
G1 F8780.5 X127.478 Y114.196 E1098.3742
G1 F9000 X128.528 Y114.196 E1098.41069
G1 X128.528 Y109.8 E1098.56348
G1 F8959.3 X127.374 Y109.802 E1098.60377
G1 F8665.2 X127.137 Y109.815 E1098.61234
G1 F8267.2 X126.979 Y109.824 E1098.61833
G1 F8098.2 X126.164 Y109.825 E1098.64981
G1 F8516.1 X125.276 Y109.8 E1098.68244
G1 F9000 X96.748 Y109.8 E1099.67398
G1 X96.615 Y109.756 E1099.67885
G1 X96.531 Y109.618 E1099.68447
G1 X96.528 Y108.504 E1099.72319
G1 X95.468 Y108.504 E1099.76003
G1 X95.468 Y115.492 E1100.00291
G1 X96.528 Y115.492 E1100.03975
G1 X96.528 Y114.416 E1100.07715
G1 X96.615 Y114.24 E1100.08398
G1 F2400 E1099.58398
G0 F15000 X126.248 Y113.687
G1 F2400 E1100.08398
G1 F8552.9 X126.028 Y113.444 E1100.09596
G1 F9000 X126.028 Y110.552 E1100.19648
G1 F8516.1 X126.206 Y110.31 E1100.20752
G1 F8164.9 X127 Y110.312 E1100.23793
G1 F8571.4 X127.272 Y110.421 E1100.24863
G1 F8959.3 X127.607 Y110.751 E1100.26505
G1 F9000 X127.72 Y111.13 E1100.27879
G1 X127.71 Y113.01 E1100.34414
G1 X127.555 Y113.342 E1100.35687
G1 F8780.5 X127.179 Y113.627 E1100.37368
G1 F8319.3 X126.962 Y113.686 E1100.38214
G1 F8114.8 X126.248 Y113.687 E1100.40966
G1 F2400 E1099.90966
G0 F15000 X127.99 Y113.658
;TYPE:WALL-INNER
G1 F2400 E1100.40966
G1 F7700 X128.026 Y113.526 E1100.41614
G1 F9184.9 X128.087 Y113.26 E1100.42699
G1 F11186.4 X128.116 Y113.081 E1100.4329
G1 F12031.2 X128.124 Y111.053 E1100.49442
G1 F11159.4 X128.086 Y110.742 E1100.50467
G1 F8684.2 X127.998 Y110.395 E1100.51971
G1 F7241.4 X127.98 Y110.348 E1100.52225
G1 F2400 E1100.02225
G0 F15000 X96.748 Y113.756
G1 F2400 E1100.52225
G1 F10500 X125.9 Y113.756 E1101.53548
G1 X125.588 Y113.444 E1101.55081
G1 X125.588 Y110.552 E1101.65133
G1 X125.85 Y110.24 E1101.66549
G1 X96.748 Y110.24 E1102.67698
G1 X96.351 Y110.108 E1102.69153
G1 F8619.4 X96.003 Y109.71 E1102.71391
G1 X95.908 Y110.33 E1102.74047
G1 F10500 X95.908 Y113.666 E1102.85642
G1 F8717 X95.998 Y114.416 E1102.88804
G1 X96.351 Y113.888 E1102.91463
G1 F10500 X96.748 Y113.756 E1102.92917
G1 F2400 E1102.42917
G0 F15000 X95.998 Y114.416
G1 F2400 E1102.92917
G1 F7451.6 X95.998 Y114.962 E1102.95591
G1 F2400 E1102.45591
G0 F15000 X96.003 Y109.71
G1 F2400 E1102.95591
G1 F7380.2 X95.998 Y109.034 E1102.98934
G1 F2400 E1102.48934
G0 F15000 X96.305 Y112.3
;TYPE:FILL
G1 F2400 E1102.98934
G1 F15000 X102.516 Y110.636 E1103.21283
G1 X100.65 Y110.635 E1103.27769
G1 X99.92 Y113.361 E1103.37577
G1 X100.126 Y113.362 E1103.38293
G1 X109.802 Y110.636 E1103.73233
G1 X108.46 Y110.635 E1103.77897
G1 X107.73 Y113.36 E1103.87703
G1 X107.827 Y113.36 E1103.8804
G1 X117.089 Y110.636 E1104.21595
G1 X116.711 Y110.636 E1104.22909
G1 X115.54 Y113.361 E1104.33218
G1 X114.209 Y113.36 E1104.37844
G1 X124.415 Y110.626 E1104.74567
G1 X123.592 Y112.458 E1104.81548
G1 X123.834 Y113.361 E1104.84797
G1 X123.439 Y113.36 E1104.8617
G1 X123.223 Y112.555 E1104.89067
G1 X121.305 Y110.636 E1104.98497
G1 X120.175 Y110.635 E1105.02424
G1 X119.445 Y113.36 E1105.1223
G1 X118.695 Y113.361 E1105.14836
G1 X115.97 Y110.636 E1105.28231
G1 X114.318 Y110.635 E1105.33973
G1 X113.588 Y113.36 E1105.43778
G1 X113.361 Y113.361 E1105.44567
G1 X110.636 Y110.636 E1105.57961
G1 X110.413 Y110.636 E1105.58736
G1 X109.682 Y113.361 E1105.68542
G1 X108.026 Y113.361 E1105.74298
G1 X105.302 Y110.636 E1105.8769
G1 X104.555 Y110.636 E1105.90286
G1 X103.825 Y113.361 E1106.00091
G1 X102.692 Y113.361 E1106.04029
G1 X99.967 Y110.636 E1106.17424
G1 X98.698 Y110.635 E1106.21834
G1 X97.967 Y113.36 E1106.31641
G1 X97.357 Y113.361 E1106.33761
G1 X96.298 Y112.301 E1106.38969
G1 X96.745 Y110.635 E1106.44964
G1 X97.3 Y110.636 E1106.46893
G1 X100.024 Y113.361 E1106.60285
G1 X101.872 Y113.36 E1106.66708
G1 X102.609 Y110.611 E1106.766
G1 X105.359 Y113.361 E1106.90117
G1 X105.778 Y113.36 E1106.91573
G1 X106.508 Y110.635 E1107.01379
G1 X107.969 Y110.636 E1107.06457
G1 X110.693 Y113.361 E1107.19848
G1 X111.635 Y113.36 E1107.23123
G1 X112.365 Y110.635 E1107.32928
G1 X113.303 Y110.636 E1107.36188
G1 X116.028 Y113.361 E1107.49582
G1 X117.493 Y113.36 E1107.54674
G1 X118.223 Y110.635 E1107.64479
G1 X118.638 Y110.636 E1107.65922
G1 X121.362 Y113.361 E1107.79314
G1 X121.497 Y113.36 E1107.79783
G1 X125.191 Y112.37 E1107.93075
G1 X125.193 Y111.857 E1107.94858
G1 X123.972 Y110.636 E1108.0086
G1 X122.128 Y110.636 E1108.07269
G1 X121.398 Y113.361 E1108.17074
G1 X121.37 Y113.467
G1 F2400 E1107.67074
;MESH:Pin 5mm - AKM.STL(2)
G0 F15000 X126.248 Y103.687
;TYPE:WALL-OUTER
G1 F2400 E1108.17074
G1 F8552.9 X126.028 Y103.444 E1108.18273
G1 F9000 X126.028 Y100.552 E1108.28325
G1 F8516.1 X126.206 Y100.31 E1108.29428
G1 F8164.9 X127 Y100.312 E1108.3247
G1 F8571.4 X127.272 Y100.421 E1108.3354
G1 F8959.3 X127.607 Y100.751 E1108.35181
G1 F9000 X127.72 Y101.13 E1108.36556
G1 X127.71 Y103.01 E1108.4309
G1 X127.555 Y103.342 E1108.44364
G1 F8780.5 X127.179 Y103.627 E1108.46045
G1 F8319.3 X126.962 Y103.686 E1108.4689
G1 F8114.8 X126.248 Y103.687 E1108.49643
G1 F2400 E1107.99643
G0 F15000 X96.615 Y104.24
G1 F2400 E1108.49643
G1 F9000 X96.748 Y104.196 E1108.5013
G1 X125.276 Y104.196 E1109.49284
G1 F8552.9 X126.248 Y104.173 E1109.5284
G1 F8114.8 X127.004 Y104.171 E1109.55754
G1 F8319.3 X127.236 Y104.185 E1109.56628
G1 F8780.5 X127.478 Y104.196 E1109.57491
G1 F9000 X128.528 Y104.196 E1109.61141
G1 X128.528 Y99.8 E1109.7642
G1 F8959.3 X127.374 Y99.802 E1109.80449
G1 F8665.2 X127.137 Y99.815 E1109.81306
G1 F8267.2 X126.979 Y99.824 E1109.81904
G1 F8098.2 X126.164 Y99.825 E1109.85053
G1 F8516.1 X125.276 Y99.8 E1109.88316
G1 F9000 X96.748 Y99.8 E1110.8747
G1 X96.615 Y99.756 E1110.87957
G1 X96.531 Y99.618 E1110.88518
G1 X96.528 Y98.504 E1110.9239
G1 X95.468 Y98.504 E1110.96075
G1 X95.468 Y105.492 E1111.20363
G1 X96.528 Y105.492 E1111.24047
G1 X96.528 Y104.416 E1111.27787
G1 X96.615 Y104.24 E1111.28469
G0 F15000 X96.748 Y103.756
;TYPE:WALL-INNER
G1 F10500 X125.9 Y103.756 E1112.29792
G1 X125.588 Y103.444 E1112.31326
G1 X125.588 Y100.552 E1112.41378
G1 X125.85 Y100.24 E1112.42794
G1 X96.748 Y100.24 E1113.43943
G1 X96.351 Y100.108 E1113.45397
G1 F8619.4 X96.003 Y99.71 E1113.47636
G1 X95.908 Y100.33 E1113.50291
G1 F10500 X95.908 Y103.666 E1113.61886
G1 F8717 X95.998 Y104.416 E1113.65049
G1 X96.351 Y103.888 E1113.67708
G1 F10500 X96.748 Y103.756 E1113.69162
G1 F2400 E1113.19162
G0 F15000 X95.998 Y104.416
G1 F2400 E1113.69162
G1 F7451.6 X95.998 Y104.962 E1113.71836
G1 F2400 E1113.21836
G0 F15000 X96.003 Y99.71
G1 F2400 E1113.71836
G1 F7380.2 X95.998 Y99.034 E1113.75179
G1 F2400 E1113.25179
G0 F15000 X127.98 Y100.348
G1 F2400 E1113.75179
G1 F7241.4 X127.998 Y100.395 E1113.75432
G1 F8684.2 X128.086 Y100.742 E1113.76937
G1 F11159.4 X128.124 Y101.053 E1113.77961
G1 F12031.2 X128.116 Y103.081 E1113.84113
G1 F11186.4 X128.087 Y103.26 E1113.84705
G1 F9184.9 X128.026 Y103.526 E1113.85789
G1 F7700 X127.99 Y103.658 E1113.86437
G1 F2400 E1113.36437
G0 F15000 X121.398 Y103.361
;TYPE:FILL
G1 F2400 E1113.86437
G1 F15000 X122.128 Y100.636 E1113.96243
G1 X123.972 Y100.636 E1114.02652
G1 X125.193 Y101.857 E1114.08653
G1 X125.192 Y102.37 E1114.10436
G1 X121.498 Y103.36 E1114.23729
G1 X121.361 Y103.36 E1114.24205
G1 X118.638 Y100.636 E1114.37592
G1 X118.223 Y100.635 E1114.39034
G1 X117.493 Y103.36 E1114.4884
G1 X116.027 Y103.36 E1114.53935
G1 X113.303 Y100.636 E1114.67324
G1 X112.365 Y100.635 E1114.70585
G1 X111.635 Y103.36 E1114.8039
G1 X110.693 Y103.36 E1114.83664
G1 X107.969 Y100.636 E1114.97053
G1 X106.508 Y100.635 E1115.02131
G1 X105.778 Y103.36 E1115.11936
G1 X105.358 Y103.36 E1115.13396
G1 X102.61 Y100.612 E1115.26904
G1 X101.873 Y103.36 E1115.36792
G1 X100.024 Y103.36 E1115.43219
G1 X97.3 Y100.636 E1115.56608
G1 X96.745 Y100.636 E1115.58537
G1 X96.299 Y102.302 E1115.64532
G1 X97.357 Y103.36 E1115.69732
G1 X97.967 Y103.361 E1115.71852
G1 X98.698 Y100.635 E1115.81662
G1 X99.967 Y100.636 E1115.86072
G1 X102.691 Y103.36 E1115.99462
G1 X103.825 Y103.361 E1116.03403
G1 X104.555 Y100.636 E1116.13209
G1 X105.302 Y100.636 E1116.15805
G1 X108.025 Y103.36 E1116.29192
G1 X109.683 Y103.361 E1116.34955
G1 X110.413 Y100.636 E1116.4476
G1 X110.636 Y100.636 E1116.45535
G1 X113.36 Y103.36 E1116.58924
G1 X113.588 Y103.361 E1116.59717
G1 X114.318 Y100.636 E1116.69522
G1 X115.97 Y100.636 E1116.75264
G1 X118.694 Y103.36 E1116.88653
G1 X119.445 Y103.361 E1116.91263
G1 X120.175 Y100.636 E1117.01069
G1 X121.305 Y100.636 E1117.04996
G1 X123.226 Y102.557 E1117.14439
G1 X123.441 Y103.36 E1117.17328
G1 X123.833 Y103.36 E1117.1869
G1 X123.592 Y102.458 E1117.21935
G1 X124.416 Y100.626 E1117.28917
G1 X114.211 Y103.36 E1117.65637
G1 X115.54 Y103.361 E1117.70257
G1 X116.711 Y100.636 E1117.80565
G1 X117.09 Y100.636 E1117.81883
G1 X107.829 Y103.361 E1118.15435
G1 X107.73 Y103.361 E1118.1578
G1 X108.46 Y100.636 E1118.25585
G1 X109.803 Y100.636 E1118.30253
G1 X100.127 Y103.362 E1118.65192
G1 X99.92 Y103.361 E1118.65912
G1 X100.65 Y100.635 E1118.7572
G1 X102.516 Y100.636 E1118.82206
G1 X96.305 Y102.3 E1119.04555
G1 X96.199 Y102.328
G1 F2400 E1118.54555
;MESH:Pin 5mm - AKM.STL(5)
G0 F15000 X136.615 Y94.24
;TYPE:WALL-OUTER
G1 F2400 E1119.04555
G1 F9000 X136.748 Y94.196 E1119.05042
G1 X165.276 Y94.196 E1120.04196
G1 F8552.9 X166.248 Y94.173 E1120.07752
G1 F8114.8 X167.004 Y94.171 E1120.10666
G1 F8319.3 X167.236 Y94.185 E1120.1154
G1 F8780.5 X167.478 Y94.196 E1120.12403
G1 F9000 X168.528 Y94.196 E1120.16053
G1 X168.528 Y89.8 E1120.31332
G1 F8959.3 X167.374 Y89.802 E1120.35361
G1 F8665.2 X167.137 Y89.815 E1120.36218
G1 F8267.2 X166.979 Y89.824 E1120.36817
G1 F8098.2 X166.164 Y89.825 E1120.39965
G1 F8516.1 X165.276 Y89.8 E1120.43228
G1 F9000 X136.748 Y89.8 E1121.42382
G1 X136.615 Y89.756 E1121.42869
G1 X136.531 Y89.618 E1121.43431
G1 X136.528 Y88.504 E1121.47303
G1 X135.468 Y88.504 E1121.50987
G1 X135.468 Y95.492 E1121.75275
G1 X136.528 Y95.492 E1121.78959
G1 X136.528 Y94.416 E1121.82699
G1 X136.615 Y94.24 E1121.83381
G1 F2400 E1121.33381
G0 F15000 X166.248 Y93.687
G1 F2400 E1121.83381
G1 F8552.9 X166.028 Y93.444 E1121.8458
G1 F9000 X166.028 Y90.552 E1121.94632
G1 F8516.1 X166.206 Y90.31 E1121.95735
G1 F8164.9 X167 Y90.312 E1121.98777
G1 F8571.4 X167.272 Y90.421 E1121.99847
G1 F8959.3 X167.607 Y90.751 E1122.01489
G1 F9000 X167.72 Y91.13 E1122.02863
G1 X167.71 Y93.01 E1122.09397
G1 X167.555 Y93.342 E1122.10671
G1 F8780.5 X167.179 Y93.627 E1122.12352
G1 F8319.3 X166.962 Y93.686 E1122.13197
G1 F8114.8 X166.248 Y93.687 E1122.1595
G1 F2400 E1121.6595
G0 F15000 X167.99 Y93.658
;TYPE:WALL-INNER
G1 F2400 E1122.1595
G1 F7700 X168.026 Y93.526 E1122.16598
G1 F9184.9 X168.087 Y93.26 E1122.17683
G1 F11186.4 X168.116 Y93.081 E1122.18274
G1 F12031.2 X168.124 Y91.053 E1122.24426
G1 F11159.4 X168.086 Y90.742 E1122.2545
G1 F8684.2 X167.998 Y90.395 E1122.26955
G1 F7241.4 X167.98 Y90.348 E1122.27208
G1 F2400 E1121.77208
G0 F15000 X136.748 Y93.756
G1 F2400 E1122.27208
G1 F10500 X165.9 Y93.756 E1123.28532
G1 X165.588 Y93.444 E1123.30065
G1 X165.588 Y90.552 E1123.40117
G1 X165.85 Y90.24 E1123.41533
G1 X136.748 Y90.24 E1124.42682
G1 X136.351 Y90.108 E1124.44136
G1 F8619.4 X136.003 Y89.71 E1124.46375
G1 X135.908 Y90.33 E1124.49031
G1 F10500 X135.908 Y93.666 E1124.60625
G1 F8717 X135.998 Y94.416 E1124.63788
G1 X136.351 Y93.888 E1124.66447
G1 F10500 X136.748 Y93.756 E1124.67901
G1 F2400 E1124.17901
G0 F15000 X135.998 Y94.416
G1 F2400 E1124.67901
G1 F7451.6 X135.998 Y94.962 E1124.70575
G1 F2400 E1124.20575
G0 F15000 X136.003 Y89.71
G1 F2400 E1124.70575
G1 F7380.2 X135.998 Y89.034 E1124.73918
G1 F2400 E1124.23918
G0 F15000 X136.304 Y92.3
;TYPE:FILL
G1 F2400 E1124.73918
G1 F15000 X142.515 Y90.636 E1124.96267
G1 X140.65 Y90.635 E1125.02749
G1 X139.92 Y93.361 E1125.12558
G1 X140.125 Y93.362 E1125.1327
G1 X149.803 Y90.636 E1125.48217
G1 X148.46 Y90.636 E1125.52884
G1 X147.73 Y93.361 E1125.6269
G1 X147.826 Y93.361 E1125.63023
G1 X157.09 Y90.635 E1125.96587
G1 X156.711 Y90.635 E1125.97904
G1 X155.54 Y93.361 E1126.08216
G1 X154.207 Y93.36 E1126.12849
G1 X164.419 Y90.624 E1126.49595
G1 X163.593 Y92.459 E1126.56589
G1 X163.834 Y93.36 E1126.59831
G1 X163.44 Y93.36 E1126.612
G1 X163.225 Y92.557 E1126.6409
G1 X161.304 Y90.636 E1126.73532
G1 X160.176 Y90.636 E1126.77453
G1 X159.445 Y93.361 E1126.87259
G1 X158.694 Y93.36 E1126.89869
G1 X155.97 Y90.636 E1127.03258
G1 X154.318 Y90.636 E1127.09
G1 X153.588 Y93.361 E1127.18805
G1 X153.359 Y93.36 E1127.19601
G1 X150.636 Y90.636 E1127.32988
G1 X150.413 Y90.636 E1127.33763
G1 X149.683 Y93.361 E1127.43569
G1 X148.025 Y93.36 E1127.49331
G1 X145.301 Y90.636 E1127.62721
G1 X144.555 Y90.636 E1127.65314
G1 X143.825 Y93.361 E1127.75119
G1 X142.691 Y93.36 E1127.7906
G1 X139.967 Y90.636 E1127.9245
G1 X138.698 Y90.635 E1127.9686
G1 X137.968 Y93.361 E1128.06669
G1 X137.356 Y93.36 E1128.08796
G1 X136.303 Y92.307 E1128.13972
G1 X136.745 Y90.636 E1128.19979
G1 X137.3 Y90.636 E1128.21908
G1 X140.023 Y93.36 E1128.35295
G1 X141.873 Y93.361 E1128.41725
G1 X142.61 Y90.612 E1128.51618
G1 X145.358 Y93.36 E1128.65125
G1 X145.778 Y93.36 E1128.66585
G1 X146.508 Y90.635 E1128.7639
G1 X147.968 Y90.636 E1128.81464
G1 X150.692 Y93.36 E1128.94854
G1 X151.635 Y93.36 E1128.98131
G1 X152.366 Y90.635 E1129.07938
G1 X153.303 Y90.636 E1129.11194
G1 X156.027 Y93.36 E1129.24584
G1 X157.493 Y93.36 E1129.29679
G1 X158.223 Y90.635 E1129.39484
G1 X158.637 Y90.636 E1129.40923
G1 X161.361 Y93.36 E1129.54313
G1 X161.494 Y93.36 E1129.54775
G1 X165.192 Y92.37 E1129.68081
G1 X165.192 Y91.857 E1129.69864
G1 X163.972 Y90.636 E1129.75863
G1 X162.128 Y90.636 E1129.82272
G1 X161.398 Y93.361 E1129.92077
G1 X161.37 Y93.467
G1 F2400 E1129.42077
;MESH:Pin 5mm - AKM.STL(3)
G0 F15000 X166.248 Y103.687
;TYPE:WALL-OUTER
G1 F2400 E1129.92077
G1 F8552.9 X166.028 Y103.444 E1129.93276
G1 F9000 X166.028 Y100.552 E1130.03328
G1 F8516.1 X166.206 Y100.31 E1130.04431
G1 F8164.9 X167 Y100.312 E1130.07473
G1 F8571.4 X167.272 Y100.421 E1130.08543
G1 F8959.3 X167.607 Y100.751 E1130.10184
G1 F9000 X167.72 Y101.13 E1130.11559
G1 X167.71 Y103.01 E1130.18093
G1 X167.555 Y103.342 E1130.19367
G1 F8780.5 X167.179 Y103.627 E1130.21048
G1 F8319.3 X166.962 Y103.686 E1130.21893
G1 F8114.8 X166.248 Y103.687 E1130.24646
G1 F2400 E1129.74646
G0 F15000 X136.615 Y104.24
G1 F2400 E1130.24646
G1 F9000 X136.748 Y104.196 E1130.25132
G1 X165.276 Y104.196 E1131.24287
G1 F8552.9 X166.248 Y104.173 E1131.27843
G1 F8114.8 X167.004 Y104.171 E1131.30757
G1 F8319.3 X167.236 Y104.185 E1131.31631
G1 F8780.5 X167.478 Y104.196 E1131.32494
G1 F9000 X168.528 Y104.196 E1131.36143
G1 X168.528 Y99.8 E1131.51423
G1 F8959.3 X167.374 Y99.802 E1131.55452
G1 F8665.2 X167.137 Y99.815 E1131.56309
G1 F8267.2 X166.979 Y99.824 E1131.56907
G1 F8098.2 X166.164 Y99.825 E1131.60056
G1 F8516.1 X165.276 Y99.8 E1131.63319
G1 F9000 X136.748 Y99.8 E1132.62473
G1 X136.615 Y99.756 E1132.6296
G1 X136.531 Y99.618 E1132.63521
G1 X136.528 Y98.504 E1132.67393
G1 X135.468 Y98.504 E1132.71077
G1 X135.468 Y105.492 E1132.95366
G1 X136.528 Y105.492 E1132.9905
G1 X136.528 Y104.416 E1133.0279
G1 X136.615 Y104.24 E1133.03472
G0 F15000 X136.748 Y103.756
;TYPE:WALL-INNER
G1 F10500 X165.9 Y103.756 E1134.04795
G1 X165.588 Y103.444 E1134.06329
G1 X165.588 Y100.552 E1134.1638
G1 X165.85 Y100.24 E1134.17796
G1 X136.748 Y100.24 E1135.18946
G1 X136.351 Y100.108 E1135.204
G1 F8619.4 X136.003 Y99.71 E1135.22638
G1 X135.908 Y100.33 E1135.25294
G1 F10500 X135.908 Y103.666 E1135.36889
G1 F8717 X135.998 Y104.416 E1135.40052
G1 X136.351 Y103.888 E1135.42711
G1 F10500 X136.748 Y103.756 E1135.44165
G1 F2400 E1134.94165
G0 F15000 X135.998 Y104.416
G1 F2400 E1135.44165
G1 F7451.6 X135.998 Y104.962 E1135.46839
G1 F2400 E1134.96839
G0 F15000 X136.003 Y99.71
G1 F2400 E1135.46839
G1 F7380.2 X135.998 Y99.034 E1135.50182
G1 F2400 E1135.00182
G0 F15000 X167.98 Y100.348
G1 F2400 E1135.50182
G1 F7241.4 X167.998 Y100.395 E1135.50435
G1 F8684.2 X168.086 Y100.742 E1135.5194
G1 F11159.4 X168.124 Y101.053 E1135.52964
G1 F12031.2 X168.116 Y103.081 E1135.59116
G1 F11186.4 X168.087 Y103.26 E1135.59708
G1 F9184.9 X168.026 Y103.526 E1135.60792
G1 F7700 X167.99 Y103.658 E1135.6144
G1 F2400 E1135.1144
G0 F15000 X161.398 Y103.361
;TYPE:FILL
G1 F2400 E1135.6144
G1 F15000 X162.128 Y100.636 E1135.71246
G1 X163.972 Y100.636 E1135.77655
G1 X165.192 Y101.857 E1135.83654
G1 X165.192 Y102.369 E1135.85433
G1 X161.494 Y103.36 E1135.9874
G1 X161.361 Y103.36 E1135.99202
G1 X158.637 Y100.636 E1136.12592
G1 X158.223 Y100.635 E1136.14031
G1 X157.493 Y103.36 E1136.23836
G1 X156.027 Y103.36 E1136.28931
G1 X153.303 Y100.636 E1136.42321
G1 X152.365 Y100.635 E1136.45581
G1 X151.635 Y103.36 E1136.55386
G1 X150.692 Y103.36 E1136.58664
G1 X147.968 Y100.636 E1136.72053
G1 X146.508 Y100.635 E1136.77128
G1 X145.778 Y103.36 E1136.86933
G1 X145.358 Y103.36 E1136.88393
G1 X142.609 Y100.611 E1137.01905
G1 X141.873 Y103.36 E1137.11796
G1 X140.023 Y103.36 E1137.18226
G1 X137.3 Y100.636 E1137.31613
G1 X136.745 Y100.635 E1137.33542
G1 X136.303 Y102.307 E1137.39553
G1 X137.356 Y103.36 E1137.44729
G1 X137.967 Y103.361 E1137.46853
G1 X138.698 Y100.635 E1137.56662
G1 X139.967 Y100.636 E1137.61073
G1 X142.691 Y103.36 E1137.74462
G1 X143.825 Y103.361 E1137.78404
G1 X144.555 Y100.636 E1137.88209
G1 X145.301 Y100.636 E1137.90802
G1 X148.025 Y103.36 E1138.04191
G1 X149.683 Y103.361 E1138.09954
G1 X150.413 Y100.636 E1138.19759
G1 X150.636 Y100.636 E1138.20534
G1 X153.359 Y103.36 E1138.33921
G1 X153.588 Y103.36 E1138.34717
G1 X154.318 Y100.635 E1138.44522
G1 X155.97 Y100.636 E1138.50264
G1 X158.694 Y103.36 E1138.63653
G1 X159.445 Y103.36 E1138.66264
G1 X160.175 Y100.636 E1138.76065
G1 X161.304 Y100.636 E1138.7999
G1 X163.225 Y102.557 E1138.89432
G1 X163.44 Y103.36 E1138.92321
G1 X163.833 Y103.36 E1138.93687
G1 X163.591 Y102.46 E1138.96926
G1 X164.417 Y100.624 E1139.03924
G1 X154.207 Y103.36 E1139.40663
G1 X155.54 Y103.361 E1139.45296
G1 X156.71 Y100.636 E1139.55603
G1 X157.087 Y100.636 E1139.56913
G1 X147.827 Y103.36 E1139.90462
G1 X147.73 Y103.36 E1139.90799
G1 X148.46 Y100.635 E1140.00604
G1 X149.801 Y100.636 E1140.05265
G1 X140.125 Y103.362 E1140.40205
G1 X139.92 Y103.361 E1140.40918
G1 X140.65 Y100.635 E1140.50726
G1 X142.514 Y100.636 E1140.57205
G1 X136.305 Y102.3 E1140.79547
G1 X136.199 Y102.328
G1 F2400 E1140.29547
;MESH:Pin 5mm - AKM.STL(1)
G0 F15000 X136.615 Y114.24
;TYPE:WALL-OUTER
G1 F2400 E1140.79547
G1 F9000 X136.748 Y114.196 E1140.80034
G1 X165.276 Y114.196 E1141.79188
G1 F8552.9 X166.248 Y114.173 E1141.82744
G1 F8114.8 X167.004 Y114.171 E1141.85658
G1 F8319.3 X167.236 Y114.185 E1141.86532
G1 F8780.5 X167.478 Y114.196 E1141.87395
G1 F9000 X168.528 Y114.196 E1141.91045
G1 X168.528 Y109.8 E1142.06324
G1 F8959.3 X167.374 Y109.802 E1142.10353
G1 F8665.2 X167.137 Y109.815 E1142.1121
G1 F8267.2 X166.979 Y109.824 E1142.11809
G1 F8098.2 X166.164 Y109.825 E1142.14957
G1 F8516.1 X165.276 Y109.8 E1142.1822
G1 F9000 X136.748 Y109.8 E1143.17374
G1 X136.615 Y109.756 E1143.17861
G1 X136.531 Y109.618 E1143.18423
G1 X136.528 Y108.504 E1143.22294
G1 X135.468 Y108.504 E1143.25979
G1 X135.468 Y115.492 E1143.50267
G1 X136.528 Y115.492 E1143.53951
G1 X136.528 Y114.416 E1143.57691
G1 X136.615 Y114.24 E1143.58373
G1 F2400 E1143.08373
G0 F15000 X166.248 Y113.687
G1 F2400 E1143.58373
G1 F8552.9 X166.028 Y113.444 E1143.59572
G1 F9000 X166.028 Y110.552 E1143.69624
G1 F8516.1 X166.206 Y110.31 E1143.70727
G1 F8164.9 X167 Y110.312 E1143.73769
G1 F8571.4 X167.272 Y110.421 E1143.74839
G1 F8959.3 X167.607 Y110.751 E1143.7648
G1 F9000 X167.72 Y111.13 E1143.77855
G1 X167.71 Y113.01 E1143.84389
G1 X167.555 Y113.342 E1143.85663
G1 F8780.5 X167.179 Y113.627 E1143.87344
G1 F8319.3 X166.962 Y113.686 E1143.88189
G1 F8114.8 X166.248 Y113.687 E1143.90942
G1 F2400 E1143.40942
G0 F15000 X167.99 Y113.658
;TYPE:WALL-INNER
G1 F2400 E1143.90942
G1 F7700 X168.026 Y113.526 E1143.9159
G1 F9184.9 X168.087 Y113.26 E1143.92674
G1 F11186.4 X168.116 Y113.081 E1143.93266
G1 F12031.2 X168.124 Y111.053 E1143.99418
G1 F11159.4 X168.086 Y110.742 E1144.00442
G1 F8684.2 X167.998 Y110.395 E1144.01947
G1 F7241.4 X167.98 Y110.348 E1144.022
G1 F2400 E1143.522
G0 F15000 X136.748 Y113.756
G1 F2400 E1144.022
G1 F10500 X165.9 Y113.756 E1145.03523
G1 X165.588 Y113.444 E1145.05057
G1 X165.588 Y110.552 E1145.15109
G1 X165.85 Y110.24 E1145.16525
G1 X136.748 Y110.24 E1146.17674
G1 X136.351 Y110.108 E1146.19128
G1 F8619.4 X136.003 Y109.71 E1146.21367
G1 X135.908 Y110.33 E1146.24022
G1 F10500 X135.908 Y113.666 E1146.35617
G1 F8717 X135.998 Y114.416 E1146.3878
G1 X136.351 Y113.888 E1146.41439
G1 F10500 X136.748 Y113.756 E1146.42893
G1 F2400 E1145.92893
G0 F15000 X135.998 Y114.416
G1 F2400 E1146.42893
G1 F7451.6 X135.998 Y114.962 E1146.45567
G1 F2400 E1145.95567
G0 F15000 X136.003 Y109.71
G1 F2400 E1146.45567
G1 F7380.2 X135.998 Y109.034 E1146.4891
G1 F2400 E1145.9891
G0 F15000 X136.305 Y112.3
;TYPE:FILL
G1 F2400 E1146.4891
G1 F15000 X142.516 Y110.636 E1146.71259
G1 X140.65 Y110.636 E1146.77744
G1 X139.92 Y113.361 E1146.8755
G1 X140.127 Y113.362 E1146.88269
G1 X149.803 Y110.636 E1147.23209
G1 X148.46 Y110.635 E1147.27877
G1 X147.73 Y113.36 E1147.37682
G1 X147.827 Y113.36 E1147.38019
G1 X157.09 Y110.636 E1147.71578
G1 X156.711 Y110.636 E1147.72895
G1 X155.54 Y113.36 E1147.832
G1 X154.211 Y113.36 E1147.8782
G1 X164.414 Y110.626 E1148.24533
G1 X163.591 Y112.46 E1148.3152
G1 X163.833 Y113.36 E1148.34759
G1 X163.441 Y113.361 E1148.36122
G1 X163.225 Y112.557 E1148.39015
G1 X161.304 Y110.636 E1148.48458
G1 X160.175 Y110.635 E1148.52382
G1 X159.445 Y113.361 E1148.6219
G1 X158.694 Y113.36 E1148.648
G1 X155.97 Y110.636 E1148.7819
G1 X154.318 Y110.635 E1148.83932
G1 X153.587 Y113.361 E1148.93741
G1 X153.359 Y113.36 E1148.94534
G1 X150.636 Y110.636 E1149.07921
G1 X150.413 Y110.635 E1149.08696
G1 X149.682 Y113.36 E1149.18502
G1 X148.025 Y113.36 E1149.24261
G1 X145.301 Y110.636 E1149.3765
G1 X144.555 Y110.635 E1149.40243
G1 X143.825 Y113.36 E1149.50048
G1 X142.691 Y113.36 E1149.5399
G1 X139.967 Y110.636 E1149.67379
G1 X138.697 Y110.635 E1149.71793
G1 X137.967 Y113.36 E1149.81599
G1 X137.356 Y113.36 E1149.83722
G1 X136.303 Y112.307 E1149.88898
G1 X136.745 Y110.636 E1149.94906
G1 X137.3 Y110.636 E1149.96835
G1 X140.023 Y113.36 E1150.10222
G1 X141.872 Y113.36 E1150.16648
G1 X142.609 Y110.611 E1150.2654
G1 X145.358 Y113.36 E1150.40053
G1 X145.777 Y113.361 E1150.41509
G1 X146.507 Y110.636 E1150.51314
G1 X147.968 Y110.636 E1150.56392
G1 X150.692 Y113.36 E1150.69782
G1 X151.635 Y113.361 E1150.73059
G1 X152.365 Y110.636 E1150.82864
G1 X153.303 Y110.636 E1150.86125
G1 X156.027 Y113.36 E1150.99514
G1 X157.493 Y113.361 E1151.04609
G1 X158.223 Y110.635 E1151.14418
G1 X158.637 Y110.636 E1151.15857
G1 X161.361 Y113.36 E1151.29246
G1 X161.498 Y113.36 E1151.29723
G1 X165.191 Y112.37 E1151.43011
G1 X165.192 Y111.857 E1151.44794
G1 X163.972 Y110.636 E1151.50794
G1 X162.128 Y110.636 E1151.57203
G1 X161.398 Y113.36 E1151.67005
G1 X161.37 Y113.466
G1 F2400 E1151.17005
;MESH:Pin 5mm - AKM.STL(7)
G0 F15000 X166.248 Y123.687
;TYPE:WALL-OUTER
G1 F2400 E1151.67005
G1 F8552.9 X166.028 Y123.444 E1151.68204
G1 F9000 X166.028 Y120.552 E1151.78255
G1 F8516.1 X166.206 Y120.31 E1151.79359
G1 F8164.9 X167 Y120.312 E1151.82401
G1 F8571.4 X167.272 Y120.421 E1151.8347
G1 F8959.3 X167.607 Y120.751 E1151.85112
G1 F9000 X167.72 Y121.13 E1151.86486
G1 X167.71 Y123.01 E1151.93021
G1 X167.555 Y123.342 E1151.94294
G1 F8780.5 X167.179 Y123.627 E1151.95975
G1 F8319.3 X166.962 Y123.686 E1151.96821
G1 F8114.8 X166.248 Y123.687 E1151.99573
G1 F2400 E1151.49573
G0 F15000 X136.615 Y124.24
G1 F2400 E1151.99573
G1 F9000 X136.748 Y124.196 E1152.0006
G1 X165.276 Y124.196 E1152.99214
G1 F8552.9 X166.248 Y124.173 E1153.0277
G1 F8114.8 X167.004 Y124.171 E1153.05685
G1 F8319.3 X167.236 Y124.185 E1153.06558
G1 F8780.5 X167.478 Y124.196 E1153.07421
G1 F9000 X168.528 Y124.196 E1153.11071
G1 X168.528 Y119.8 E1153.2635
G1 F8959.3 X167.374 Y119.802 E1153.30379
G1 F8665.2 X167.137 Y119.815 E1153.31236
G1 F8267.2 X166.979 Y119.824 E1153.31835
G1 F8098.2 X166.164 Y119.825 E1153.34983
G1 F8516.1 X165.276 Y119.8 E1153.38246
G1 F9000 X136.748 Y119.8 E1154.374
G1 X136.615 Y119.756 E1154.37887
G1 X136.531 Y119.618 E1154.38449
G1 X136.528 Y118.504 E1154.42321
G1 X135.468 Y118.504 E1154.46005
G1 X135.468 Y125.492 E1154.70293
G1 X136.528 Y125.492 E1154.73977
G1 X136.528 Y124.416 E1154.77717
G1 X136.615 Y124.24 E1154.784
G0 F15000 X136.748 Y123.756
;TYPE:WALL-INNER
G1 F10500 X165.9 Y123.756 E1155.79723
G1 X165.588 Y123.444 E1155.81256
G1 X165.588 Y120.552 E1155.91308
G1 X165.85 Y120.24 E1155.92724
G1 X136.748 Y120.24 E1156.93873
G1 X136.351 Y120.108 E1156.95327
G1 F8619.4 X136.003 Y119.71 E1156.97566
G1 X135.908 Y120.33 E1157.00222
G1 F10500 X135.908 Y123.666 E1157.11817
G1 F8717 X135.998 Y124.416 E1157.14979
G1 X136.351 Y123.888 E1157.17638
G1 F10500 X136.748 Y123.756 E1157.19092
G1 F2400 E1156.69092
G0 F15000 X135.998 Y124.416
G1 F2400 E1157.19092
G1 F7451.6 X135.998 Y124.962 E1157.21766
G1 F2400 E1156.71766
G0 F15000 X136.003 Y119.71
G1 F2400 E1157.21766
G1 F7380.2 X135.998 Y119.034 E1157.25109
G1 F2400 E1156.75109
G0 F15000 X167.98 Y120.348
G1 F2400 E1157.25109
G1 F7241.4 X167.998 Y120.395 E1157.25363
G1 F8684.2 X168.086 Y120.742 E1157.26867
G1 F11159.4 X168.124 Y121.053 E1157.27892
G1 F12031.2 X168.116 Y123.081 E1157.34043
G1 F11186.4 X168.087 Y123.26 E1157.34635
G1 F9184.9 X168.026 Y123.526 E1157.35719
G1 F7700 X167.99 Y123.658 E1157.36368
G1 F2400 E1156.86368
G0 F15000 X161.397 Y123.361
;TYPE:FILL
G1 F2400 E1157.36368
G1 F15000 X162.127 Y120.636 E1157.46173
G1 X163.972 Y120.636 E1157.52586
G1 X165.192 Y121.856 E1157.58582
G1 X165.191 Y122.37 E1157.60369
G1 X161.497 Y123.36 E1157.73661
G1 X161.361 Y123.36 E1157.74134
G1 X158.637 Y120.636 E1157.87523
G1 X158.223 Y120.636 E1157.88962
G1 X157.492 Y123.36 E1157.98765
G1 X156.027 Y123.36 E1158.03857
G1 X153.303 Y120.636 E1158.17246
G1 X152.365 Y120.636 E1158.20507
G1 X151.635 Y123.36 E1158.30308
G1 X150.692 Y123.36 E1158.33586
G1 X147.968 Y120.636 E1158.46975
G1 X146.507 Y120.635 E1158.52053
G1 X145.777 Y123.36 E1158.61859
G1 X145.358 Y123.36 E1158.63315
G1 X142.609 Y120.611 E1158.76827
G1 X141.872 Y123.361 E1158.86723
G1 X140.023 Y123.36 E1158.93149
G1 X137.3 Y120.636 E1159.06536
G1 X136.745 Y120.636 E1159.08465
G1 X136.303 Y122.307 E1159.14473
G1 X137.356 Y123.36 E1159.19649
G1 X137.967 Y123.361 E1159.21772
G1 X138.697 Y120.635 E1159.31581
G1 X139.967 Y120.636 E1159.35995
G1 X142.691 Y123.36 E1159.49384
G1 X143.825 Y123.361 E1159.53326
G1 X144.555 Y120.636 E1159.63131
G1 X145.301 Y120.636 E1159.65724
G1 X148.025 Y123.36 E1159.79113
G1 X149.682 Y123.361 E1159.84873
G1 X150.412 Y120.636 E1159.94678
G1 X150.636 Y120.636 E1159.95456
G1 X153.359 Y123.36 E1160.08843
G1 X153.587 Y123.361 E1160.09636
G1 X154.317 Y120.636 E1160.19441
G1 X155.97 Y120.636 E1160.25186
G1 X158.694 Y123.36 E1160.38576
G1 X159.445 Y123.361 E1160.41186
G1 X160.175 Y120.636 E1160.50991
G1 X161.304 Y120.636 E1160.54915
G1 X163.225 Y122.557 E1160.64358
G1 X163.44 Y123.36 E1160.67247
G1 X163.833 Y123.36 E1160.68613
G1 X163.591 Y122.46 E1160.71852
G1 X164.416 Y120.626 E1160.78842
G1 X154.209 Y123.36 E1161.15569
G1 X155.54 Y123.361 E1161.20195
G1 X156.711 Y120.636 E1161.30503
G1 X157.09 Y120.636 E1161.31821
G1 X147.826 Y123.361 E1161.65384
G1 X147.73 Y123.361 E1161.65717
G1 X148.46 Y120.636 E1161.75522
G1 X149.802 Y120.636 E1161.80187
G1 X140.125 Y123.362 E1162.1513
G1 X139.919 Y123.361 E1162.15846
G1 X140.65 Y120.635 E1162.25655
G1 X142.516 Y120.636 E1162.32141
G1 X136.304 Y122.3 E1162.54493
G1 X136.198 Y122.328
G1 F2400 E1162.04493
;MESH:Pin 5mm - AKM.STL(6)
G0 F15000 X176.615 Y104.24
;TYPE:WALL-OUTER
G1 F2400 E1162.54493
G1 F9000 X176.748 Y104.196 E1162.5498
G1 X205.276 Y104.196 E1163.54134
G1 F8552.9 X206.248 Y104.173 E1163.5769
G1 F8114.8 X207.004 Y104.171 E1163.60605
G1 F8319.3 X207.236 Y104.185 E1163.61479
G1 F8780.5 X207.478 Y104.196 E1163.62342
G1 F9000 X208.528 Y104.196 E1163.65991
G1 X208.528 Y99.8 E1163.8127
G1 F8959.3 X207.374 Y99.802 E1163.85299
G1 F8665.2 X207.137 Y99.815 E1163.86156
G1 F8267.2 X206.979 Y99.824 E1163.86755
G1 F8098.2 X206.164 Y99.825 E1163.89903
G1 F8516.1 X205.276 Y99.8 E1163.93166
G1 F9000 X176.748 Y99.8 E1164.92321
G1 X176.615 Y99.756 E1164.92807
G1 X176.531 Y99.618 E1164.93369
G1 X176.528 Y98.504 E1164.97241
G1 X175.468 Y98.504 E1165.00925
G1 X175.468 Y105.492 E1165.25213
G1 X176.528 Y105.492 E1165.28897
G1 X176.528 Y104.416 E1165.32637
G1 X176.615 Y104.24 E1165.3332
G1 F2400 E1164.8332
G0 F15000 X206.248 Y103.687
G1 F2400 E1165.3332
G1 F8552.9 X206.028 Y103.444 E1165.34519
G1 F9000 X206.028 Y100.552 E1165.4457
G1 F8516.1 X206.206 Y100.31 E1165.45674
G1 F8164.9 X207 Y100.312 E1165.48716
G1 F8571.4 X207.272 Y100.421 E1165.49785
G1 F8959.3 X207.607 Y100.751 E1165.51427
G1 F9000 X207.72 Y101.13 E1165.52801
G1 X207.71 Y103.01 E1165.59336
G1 X207.555 Y103.342 E1165.60609
G1 F8780.5 X207.179 Y103.627 E1165.6229
G1 F8319.3 X206.962 Y103.686 E1165.63136
G1 F8114.8 X206.248 Y103.687 E1165.65888
G1 F2400 E1165.15888
G0 F15000 X207.99 Y103.658
;TYPE:WALL-INNER
G1 F2400 E1165.65888
G1 F7700 X208.026 Y103.526 E1165.66537
G1 F9184.9 X208.087 Y103.26 E1165.67621
G1 F11186.4 X208.116 Y103.081 E1165.68212
G1 F12031.2 X208.124 Y101.053 E1165.74364
G1 F11159.4 X208.086 Y100.742 E1165.75389
G1 F8684.2 X207.998 Y100.395 E1165.76893
G1 F7241.4 X207.98 Y100.348 E1165.77147
G1 F2400 E1165.27147
G0 F15000 X176.748 Y103.756
G1 F2400 E1165.77147
G1 F10500 X205.9 Y103.756 E1166.7847
G1 X205.588 Y103.444 E1166.80004
G1 X205.588 Y100.552 E1166.90055
G1 X205.85 Y100.24 E1166.91471
G1 X176.748 Y100.24 E1167.92621
G1 X176.351 Y100.108 E1167.94075
G1 F8619.4 X176.003 Y99.71 E1167.96313
G1 X175.908 Y100.33 E1167.98969
G1 F10500 X175.908 Y103.666 E1168.10564
G1 F8717 X175.998 Y104.416 E1168.13726
G1 X176.351 Y103.888 E1168.16385
G1 F10500 X176.748 Y103.756 E1168.17839
G1 F2400 E1167.67839
G0 F15000 X175.998 Y104.416
G1 F2400 E1168.17839
G1 F7451.6 X175.998 Y104.962 E1168.20514
G1 F2400 E1167.70514
G0 F15000 X176.003 Y99.71
G1 F2400 E1168.20514
G1 F7380.2 X175.998 Y99.034 E1168.23856
G1 F2400 E1167.73856
G0 F15000 X176.305 Y102.3
;TYPE:FILL
G1 F2400 E1168.23856
G1 F15000 X182.515 Y100.636 E1168.46202
G1 X180.65 Y100.636 E1168.52684
G1 X179.92 Y103.361 E1168.62489
G1 X180.125 Y103.362 E1168.63202
G1 X189.801 Y100.636 E1168.98142
G1 X188.46 Y100.635 E1169.02802
G1 X187.73 Y103.36 E1169.12608
G1 X187.827 Y103.36 E1169.12945
G1 X197.087 Y100.636 E1169.46493
G1 X196.71 Y100.636 E1169.47804
G1 X195.54 Y103.36 E1169.58108
G1 X194.207 Y103.36 E1169.62741
G1 X204.417 Y100.624 E1169.9948
G1 X203.591 Y102.46 E1170.06477
G1 X203.833 Y103.36 E1170.09716
G1 X203.44 Y103.36 E1170.11082
G1 X203.225 Y102.557 E1170.13972
G1 X201.304 Y100.636 E1170.23414
G1 X200.175 Y100.635 E1170.27338
G1 X199.445 Y103.36 E1170.37143
G1 X198.693 Y103.36 E1170.39757
G1 X195.97 Y100.636 E1170.53144
G1 X194.318 Y100.635 E1170.58886
G1 X193.588 Y103.36 E1170.68691
G1 X193.359 Y103.36 E1170.69487
G1 X190.635 Y100.636 E1170.82876
G1 X190.413 Y100.636 E1170.83648
G1 X189.683 Y103.36 E1170.9345
G1 X188.025 Y103.36 E1170.99212
G1 X185.301 Y100.636 E1171.12602
G1 X184.555 Y100.635 E1171.15195
G1 X183.825 Y103.36 E1171.25
G1 X182.69 Y103.36 E1171.28945
G1 X179.966 Y100.636 E1171.42334
G1 X178.698 Y100.635 E1171.46741
G1 X177.967 Y103.36 E1171.56548
G1 X177.356 Y103.36 E1171.58671
G1 X176.303 Y102.307 E1171.63847
G1 X176.745 Y100.636 E1171.69855
G1 X177.299 Y100.636 E1171.7178
G1 X180.023 Y103.36 E1171.8517
G1 X181.873 Y103.36 E1171.916
G1 X182.609 Y100.611 E1172.01491
G1 X185.357 Y103.36 E1172.15001
G1 X185.778 Y103.36 E1172.16464
G1 X186.508 Y100.636 E1172.26266
G1 X187.968 Y100.636 E1172.3134
G1 X190.692 Y103.36 E1172.4473
G1 X191.635 Y103.36 E1172.48007
G1 X192.365 Y100.636 E1172.57809
G1 X193.302 Y100.636 E1172.61066
G1 X196.026 Y103.36 E1172.74455
G1 X197.493 Y103.36 E1172.79554
G1 X198.223 Y100.635 E1172.89359
G1 X198.637 Y100.636 E1172.90798
G1 X201.361 Y103.36 E1173.04188
G1 X201.494 Y103.36 E1173.0465
G1 X205.192 Y102.37 E1173.17956
G1 X205.192 Y101.857 E1173.19739
G1 X203.971 Y100.636 E1173.2574
G1 X202.128 Y100.636 E1173.32146
G1 X201.398 Y103.361 E1173.41951
G1 X201.37 Y103.467
G1 F2400 E1172.91951
;MESH:NONMESH
G0 F600 X201.37 Y103.467 Z2.8
G0 F15000 X56.615 Y114.188
;TIME_ELAPSED:495.049491
;LAYER:13
;TYPE:WALL-OUTER
;MESH:Pin 5mm - AKM.STL(4)
G1 F2400 E1173.41951
G1 F9000 X56.748 Y114.144 E1173.42438
G1 X85.328 Y114.144 E1174.41773
G1 F8800 X86.248 Y114.134 E1174.45044
G1 F8571.4 X87.004 Y114.132 E1174.47803
G1 F8665.2 X87.231 Y114.139 E1174.48623
G1 F8839.3 X87.88 Y114.141 E1174.50919
G1 F8959.3 X88.529 Y114.144 E1174.53185
G1 F9000 X88.528 Y109.852 E1174.68103
G1 X87.385 Y109.852 E1174.72076
G1 F8800 X86.992 Y109.862 E1174.73473
G1 F8571.4 X86.168 Y109.864 E1174.7648
G1 F8761.1 X85.328 Y109.852 E1174.7948
G1 F9000 X56.748 Y109.852 E1175.78815
G1 X56.615 Y109.808 E1175.79302
G1 X56.531 Y109.67 E1175.79863
G1 X56.528 Y108.536 E1175.83805
G1 X55.468 Y108.536 E1175.87489
G1 X55.468 Y115.46 E1176.11555
G1 X56.528 Y115.46 E1176.15239
G1 X56.528 Y114.364 E1176.19048
G1 X56.615 Y114.188 E1176.19731
G1 F2400 E1175.69731
G0 F15000 X86.248 Y113.674
G1 F2400 E1176.19731
G1 F8800 X86.028 Y113.444 E1176.20862
G1 F9000 X86.028 Y110.552 E1176.30914
G1 F8761.1 X86.208 Y110.323 E1176.31954
G1 F8571.4 X86.992 Y110.322 E1176.34815
G1 F8800 X87.34 Y110.465 E1176.36152
G1 F9000 X87.558 Y110.664 E1176.37178
G1 X87.72 Y111.038 E1176.38595
G1 X87.71 Y112.962 E1176.45282
G1 X87.591 Y113.288 E1176.46488
G1 X87.448 Y113.451 E1176.47242
G1 F8898.9 X87.176 Y113.62 E1176.48367
G1 F8665.2 X86.964 Y113.673 E1176.49156
G1 F8571.4 X86.248 Y113.674 E1176.51769
G1 F2400 E1176.01769
G0 F15000 X88.001 Y113.617
;TYPE:WALL-INNER
G1 F2400 E1176.51769
G1 F8446.1 X88.068 Y113.356 E1176.52934
G1 F10669.7 X88.116 Y113.052 E1176.53986
G1 F12031.2 X88.117 Y112.549 E1176.55512
G1 F12190 X88.119 Y112.046 E1176.57018
G1 F12320 X88.121 Y111.543 E1176.58508
G1 F12486.5 X88.123 Y111.04 E1176.59978
G1 F11435.6 X88.088 Y110.737 E1176.60952
G1 F9112.4 X88.021 Y110.455 E1176.62112
G1 F7777.8 X88.001 Y110.379 E1176.62481
G1 F2400 E1176.12481
G0 F15000 X56.748 Y113.704
G1 F2400 E1176.62481
G1 F10500 X85.848 Y113.704 E1177.63624
G1 X85.588 Y113.444 E1177.64902
G1 X85.588 Y110.552 E1177.74953
G1 X85.806 Y110.292 E1177.76133
G1 X56.748 Y110.292 E1178.77129
G1 X56.351 Y110.16 E1178.78583
G1 F8619.4 X56.003 Y109.762 E1178.80822
G1 X55.908 Y110.382 E1178.83477
G1 F10500 X55.908 Y113.614 E1178.94711
G1 F8717 X55.998 Y114.364 E1178.97873
G1 X56.351 Y113.836 E1179.00532
G1 F10500 X56.748 Y113.704 E1179.01986
G1 F2400 E1178.51986
G0 F15000 X55.998 Y114.364
G1 F2400 E1179.01986
G1 F7451.6 X55.998 Y114.93 E1179.04758
G1 F2400 E1178.54758
G0 F15000 X56.003 Y109.762
G1 F2400 E1179.04758
G1 F7380.2 X55.998 Y109.066 E1179.082
G1 F2400 E1178.582
G0 F15000 X56.304 Y112.3
;TYPE:FILL
G1 F2400 E1179.082
G1 F15000 X62.322 Y110.688 E1179.29854
G1 X60.636 Y110.687 E1179.35714
G1 X59.934 Y113.309 E1179.45148
G1 X60.178 Y113.309 E1179.45997
G1 X69.608 Y110.688 E1179.80015
G1 X68.446 Y110.687 E1179.84053
G1 X67.744 Y113.308 E1179.93484
G1 X67.88 Y113.308 E1179.93957
G1 X76.894 Y110.688 E1180.26583
G1 X76.66 Y110.688 E1180.27397
G1 X75.554 Y113.309 E1180.37284
G1 X74.402 Y113.308 E1180.41288
G1 X84.181 Y110.688 E1180.76476
G1 X84.361 Y110.688 E1180.77101
G1 X83.593 Y112.455 E1180.83798
G1 X83.82 Y113.308 E1180.86866
G1 X83.426 Y113.308 E1180.88235
G1 X83.225 Y112.556 E1180.90941
G1 X81.358 Y110.688 E1181.0012
G1 X80.162 Y110.687 E1181.04277
G1 X79.459 Y113.308 E1181.13709
G1 X78.643 Y113.308 E1181.16545
G1 X76.023 Y110.688 E1181.29423
G1 X74.304 Y110.687 E1181.35398
G1 X73.602 Y113.308 E1181.44829
G1 X73.309 Y113.308 E1181.45847
G1 X70.689 Y110.688 E1181.58725
G1 X70.399 Y110.687 E1181.59733
G1 X69.696 Y113.309 E1181.69169
G1 X67.974 Y113.308 E1181.75154
G1 X65.354 Y110.688 E1181.88032
G1 X64.541 Y110.687 E1181.90858
G1 X63.839 Y113.309 E1182.00292
G1 X62.64 Y113.308 E1182.04459
G1 X60.02 Y110.688 E1182.17337
G1 X58.684 Y110.687 E1182.21981
G1 X57.981 Y113.309 E1182.31416
G1 X57.305 Y113.308 E1182.33766
G1 X56.303 Y112.306 E1182.38691
G1 X56.731 Y110.688 E1182.44508
G1 X57.353 Y110.688 E1182.4667
G1 X59.973 Y113.308 E1182.59548
G1 X61.886 Y113.309 E1182.66197
G1 X62.589 Y110.688 E1182.75629
G1 X62.687 Y110.688 E1182.75969
G1 X65.307 Y113.308 E1182.88848
G1 X65.791 Y113.309 E1182.9053
G1 X66.494 Y110.687 E1182.99965
G1 X68.022 Y110.688 E1183.05276
G1 X70.641 Y113.308 E1183.18152
G1 X71.649 Y113.309 E1183.21655
G1 X72.351 Y110.687 E1183.31089
G1 X73.356 Y110.688 E1183.34582
G1 X75.976 Y113.308 E1183.47461
G1 X77.506 Y113.309 E1183.52778
G1 X78.209 Y110.688 E1183.6221
G1 X78.69 Y110.688 E1183.63882
G1 X81.31 Y113.308 E1183.7676
G1 X81.691 Y113.308 E1183.78084
G1 X85.191 Y112.37 E1183.90679
G1 X85.192 Y111.856 E1183.92465
G1 X84.025 Y110.688 E1183.98204
G1 X82.114 Y110.687 E1184.04846
G1 X81.412 Y113.309 E1184.1428
G1 X81.384 Y113.415
G1 F2400 E1183.6428
;MESH:Pin 5mm - AKM.STL
G0 F15000 X96.615 Y114.188
;TYPE:WALL-OUTER
G1 F2400 E1184.1428
G1 F9000 X96.748 Y114.144 E1184.14767
G1 X125.328 Y114.144 E1185.14102
G1 F8800 X126.248 Y114.134 E1185.17373
G1 F8571.4 X127.004 Y114.132 E1185.20132
G1 F8665.2 X127.231 Y114.139 E1185.20951
G1 F8839.3 X127.88 Y114.141 E1185.23248
G1 F8959.3 X128.529 Y114.144 E1185.25514
G1 F9000 X128.528 Y109.852 E1185.40432
G1 X127.385 Y109.852 E1185.44404
G1 F8800 X126.992 Y109.862 E1185.45802
G1 F8571.4 X126.168 Y109.864 E1185.48809
G1 F8761.1 X125.328 Y109.852 E1185.51809
G1 F9000 X96.748 Y109.852 E1186.51144
G1 X96.615 Y109.808 E1186.51631
G1 X96.531 Y109.67 E1186.52192
G1 X96.528 Y108.536 E1186.56134
G1 X95.468 Y108.536 E1186.59818
G1 X95.468 Y115.46 E1186.83883
G1 X96.528 Y115.46 E1186.87568
G1 X96.528 Y114.364 E1186.91377
G1 X96.615 Y114.188 E1186.92059
G1 F2400 E1186.42059
G0 F15000 X126.248 Y113.674
G1 F2400 E1186.92059
G1 F8800 X126.028 Y113.444 E1186.93191
G1 F9000 X126.028 Y110.552 E1187.03242
G1 F8761.1 X126.208 Y110.323 E1187.04282
G1 F8571.4 X126.992 Y110.322 E1187.07144
G1 F8800 X127.34 Y110.465 E1187.08481
G1 F9000 X127.558 Y110.664 E1187.09507
G1 X127.72 Y111.038 E1187.10923
G1 X127.71 Y112.962 E1187.17611
G1 X127.591 Y113.288 E1187.18817
G1 X127.448 Y113.451 E1187.19571
G1 F8898.9 X127.176 Y113.62 E1187.20696
G1 F8665.2 X126.964 Y113.673 E1187.21485
G1 F8571.4 X126.248 Y113.674 E1187.24098
G1 F2400 E1186.74098
G0 F15000 X128.001 Y113.617
;TYPE:WALL-INNER
G1 F2400 E1187.24098
G1 F8446.1 X128.068 Y113.356 E1187.25263
G1 F10669.7 X128.116 Y113.052 E1187.26315
G1 F12031.2 X128.117 Y112.549 E1187.27841
G1 F12190 X128.119 Y112.046 E1187.29347
G1 F12320 X128.121 Y111.543 E1187.30837
G1 F12486.5 X128.123 Y111.04 E1187.32307
G1 F11435.6 X128.088 Y110.737 E1187.3328
G1 F9112.4 X128.021 Y110.455 E1187.34441
G1 F7777.8 X128.001 Y110.379 E1187.3481
G1 F2400 E1186.8481
G0 F15000 X96.748 Y113.704
G1 F2400 E1187.3481
G1 F10500 X125.848 Y113.704 E1188.35952
G1 X125.588 Y113.444 E1188.3723
G1 X125.588 Y110.552 E1188.47282
G1 X125.806 Y110.292 E1188.48461
G1 X96.748 Y110.292 E1189.49458
G1 X96.351 Y110.16 E1189.50912
G1 F8619.4 X96.003 Y109.762 E1189.5315
G1 X95.908 Y110.382 E1189.55806
G1 F10500 X95.908 Y113.614 E1189.6704
G1 F8717 X95.998 Y114.364 E1189.70202
G1 X96.351 Y113.836 E1189.72861
G1 F10500 X96.748 Y113.704 E1189.74315
G1 F2400 E1189.24315
G0 F15000 X95.998 Y114.364
G1 F2400 E1189.74315
G1 F7451.6 X95.998 Y114.93 E1189.77087
G1 F2400 E1189.27087
G0 F15000 X96.003 Y109.762
G1 F2400 E1189.77087
G1 F7380.2 X95.998 Y109.066 E1189.80529
G1 F2400 E1189.30529
G0 F15000 X96.304 Y112.3
;TYPE:FILL
G1 F2400 E1189.80529
G1 F15000 X102.322 Y110.688 E1190.02183
G1 X100.636 Y110.688 E1190.08043
G1 X99.934 Y113.309 E1190.17474
G1 X100.175 Y113.311 E1190.18312
G1 X109.609 Y110.688 E1190.52345
G1 X108.446 Y110.688 E1190.56387
G1 X107.744 Y113.308 E1190.65815
G1 X107.879 Y113.308 E1190.66284
G1 X116.896 Y110.688 E1190.9892
G1 X116.66 Y110.688 E1190.99741
G1 X115.554 Y113.308 E1191.09625
G1 X114.404 Y113.308 E1191.13622
G1 X124.183 Y110.688 E1191.4881
G1 X124.355 Y110.689 E1191.49407
G1 X123.592 Y112.458 E1191.56103
G1 X123.82 Y113.308 E1191.59162
G1 X123.426 Y113.308 E1191.60532
G1 X123.223 Y112.554 E1191.63246
G1 X121.357 Y110.688 E1191.72418
G1 X120.161 Y110.688 E1191.76575
G1 X119.459 Y113.308 E1191.86002
G1 X118.643 Y113.308 E1191.88838
G1 X116.023 Y110.688 E1192.01716
G1 X114.304 Y110.688 E1192.07691
G1 X113.602 Y113.308 E1192.17119
G1 X113.308 Y113.308 E1192.1814
G1 X110.688 Y110.688 E1192.31019
G1 X110.399 Y110.688 E1192.32023
G1 X109.696 Y113.308 E1192.41452
G1 X107.974 Y113.308 E1192.47437
G1 X105.354 Y110.688 E1192.60315
G1 X104.541 Y110.688 E1192.63141
G1 X103.839 Y113.308 E1192.72568
G1 X102.639 Y113.308 E1192.76739
G1 X100.02 Y110.688 E1192.89615
G1 X98.683 Y110.688 E1192.94262
G1 X97.981 Y113.308 E1193.03689
G1 X97.305 Y113.308 E1193.06039
G1 X96.303 Y112.306 E1193.10964
G1 X96.731 Y110.688 E1193.16781
G1 X97.352 Y110.688 E1193.1894
G1 X99.972 Y113.308 E1193.31818
G1 X101.886 Y113.309 E1193.3847
G1 X102.589 Y110.687 E1193.47905
G1 X102.687 Y110.688 E1193.48246
G1 X105.307 Y113.308 E1193.61124
G1 X105.791 Y113.309 E1193.62806
G1 X106.494 Y110.687 E1193.72242
G1 X108.021 Y110.688 E1193.77549
G1 X110.641 Y113.308 E1193.90427
G1 X111.649 Y113.309 E1193.93931
G1 X112.351 Y110.687 E1194.03365
G1 X113.356 Y110.688 E1194.06858
G1 X115.975 Y113.308 E1194.19734
G1 X117.506 Y113.309 E1194.25055
G1 X118.209 Y110.687 E1194.3449
G1 X118.69 Y110.688 E1194.36162
G1 X121.31 Y113.308 E1194.4904
G1 X121.691 Y113.308 E1194.50364
G1 X125.191 Y112.37 E1194.62959
G1 X125.192 Y111.856 E1194.64745
G1 X124.024 Y110.688 E1194.70486
G1 X122.114 Y110.687 E1194.77125
G1 X121.412 Y113.309 E1194.86559
G1 X121.384 Y113.415
G1 F2400 E1194.36559
;MESH:Pin 5mm - AKM.STL(2)
G0 F15000 X126.248 Y103.674
;TYPE:WALL-OUTER
G1 F2400 E1194.86559
G1 F8800 X126.028 Y103.444 E1194.8769
G1 F9000 X126.028 Y100.552 E1194.97742
G1 F8761.1 X126.208 Y100.323 E1194.98782
G1 F8571.4 X126.992 Y100.322 E1195.01643
G1 F8800 X127.34 Y100.465 E1195.02981
G1 F9000 X127.558 Y100.664 E1195.04007
G1 X127.72 Y101.038 E1195.05423
G1 X127.71 Y102.962 E1195.1211
G1 X127.591 Y103.288 E1195.13317
G1 X127.448 Y103.451 E1195.1407
G1 F8898.9 X127.176 Y103.62 E1195.15196
G1 F8665.2 X126.964 Y103.673 E1195.15985
G1 F8571.4 X126.248 Y103.674 E1195.18598
G1 F2400 E1194.68598
G0 F15000 X96.615 Y104.188
G1 F2400 E1195.18598
G1 F9000 X96.748 Y104.144 E1195.19085
G1 X125.328 Y104.144 E1196.1842
G1 F8800 X126.248 Y104.134 E1196.2169
G1 F8571.4 X127.004 Y104.132 E1196.24449
G1 F8665.2 X127.231 Y104.139 E1196.25269
G1 F8839.3 X127.88 Y104.141 E1196.27566
G1 F8959.3 X128.529 Y104.144 E1196.29832
G1 F9000 X128.528 Y99.852 E1196.4475
G1 X127.385 Y99.852 E1196.48722
G1 F8800 X126.992 Y99.862 E1196.5012
G1 F8571.4 X126.168 Y99.864 E1196.53127
G1 F8761.1 X125.328 Y99.852 E1196.56126
G1 F9000 X96.748 Y99.852 E1197.55461
G1 X96.615 Y99.808 E1197.55948
G1 X96.531 Y99.67 E1197.5651
G1 X96.528 Y98.536 E1197.60451
G1 X95.468 Y98.536 E1197.64136
G1 X95.468 Y105.46 E1197.88201
G1 X96.528 Y105.46 E1197.91885
G1 X96.528 Y104.364 E1197.95695
G1 X96.615 Y104.188 E1197.96377
G0 F15000 X96.748 Y103.704
;TYPE:WALL-INNER
G1 F10500 X125.848 Y103.704 E1198.9752
G1 X125.588 Y103.444 E1198.98798
G1 X125.588 Y100.552 E1199.08849
G1 X125.806 Y100.292 E1199.10029
G1 X96.748 Y100.292 E1200.11025
G1 X96.351 Y100.16 E1200.12479
G1 F8619.4 X96.003 Y99.762 E1200.14718
G1 X95.908 Y100.382 E1200.17373
G1 F10500 X95.908 Y103.614 E1200.28607
G1 F8717 X95.998 Y104.364 E1200.31769
G1 X96.351 Y103.836 E1200.34428
G1 F10500 X96.748 Y103.704 E1200.35882
G1 F2400 E1199.85882
G0 F15000 X95.998 Y104.364
G1 F2400 E1200.35882
G1 F7451.6 X95.998 Y104.93 E1200.38654
G1 F2400 E1199.88654
G0 F15000 X96.003 Y99.762
G1 F2400 E1200.38654
G1 F7380.2 X95.998 Y99.066 E1200.42096
G1 F2400 E1199.92096
G0 F15000 X128.001 Y100.379
G1 F2400 E1200.42096
G1 F7777.8 X128.021 Y100.455 E1200.42465
G1 F9112.4 X128.088 Y100.737 E1200.43626
G1 F11435.6 X128.124 Y101.039 E1200.44596
G1 F12486.5 X128.123 Y101.542 E1200.46066
G1 F12320 X128.121 Y102.045 E1200.47556
G1 F12190 X128.119 Y102.548 E1200.49062
G1 F12031.2 X128.117 Y103.051 E1200.50588
G1 F10669.7 X128.068 Y103.356 E1200.51645
G1 F8446.1 X128.001 Y103.617 E1200.52809
G1 F2400 E1200.02809
G0 F15000 X121.412 Y103.309
;TYPE:FILL
G1 F2400 E1200.52809
G1 F15000 X122.114 Y100.687 E1200.62243
G1 X124.024 Y100.688 E1200.68882
G1 X125.192 Y101.856 E1200.74623
G1 X125.191 Y102.37 E1200.76409
G1 X121.691 Y103.308 E1200.89004
G1 X121.31 Y103.308 E1200.90328
G1 X118.69 Y100.688 E1201.03206
G1 X118.209 Y100.688 E1201.04878
G1 X117.507 Y103.309 E1201.14309
G1 X115.975 Y103.308 E1201.19634
G1 X113.356 Y100.688 E1201.32509
G1 X112.351 Y100.688 E1201.36002
G1 X111.649 Y103.309 E1201.45433
G1 X110.641 Y103.308 E1201.48937
G1 X108.021 Y100.688 E1201.61815
G1 X106.494 Y100.687 E1201.67122
G1 X105.791 Y103.309 E1201.76557
G1 X105.307 Y103.308 E1201.7824
G1 X102.687 Y100.688 E1201.91118
G1 X102.589 Y100.687 E1201.91459
G1 X101.887 Y103.308 E1202.00889
G1 X99.972 Y103.308 E1202.07545
G1 X97.352 Y100.688 E1202.20424
G1 X96.731 Y100.687 E1202.22582
G1 X96.303 Y102.306 E1202.28402
G1 X97.305 Y103.308 E1202.33328
G1 X97.981 Y103.309 E1202.35677
G1 X98.684 Y100.687 E1202.45112
G1 X100.02 Y100.688 E1202.49756
G1 X102.639 Y103.308 E1202.62632
G1 X103.839 Y103.309 E1202.66802
G1 X104.541 Y100.687 E1202.76237
G1 X105.354 Y100.688 E1202.79062
G1 X107.974 Y103.308 E1202.91941
G1 X109.697 Y103.309 E1202.97929
G1 X110.399 Y100.687 E1203.07363
G1 X110.688 Y100.688 E1203.08368
G1 X113.308 Y103.308 E1203.21246
G1 X113.602 Y103.308 E1203.22268
G1 X114.304 Y100.687 E1203.31699
G1 X116.023 Y100.688 E1203.37674
G1 X118.643 Y103.308 E1203.50552
G1 X119.459 Y103.308 E1203.53388
G1 X120.162 Y100.687 E1203.6282
G1 X121.357 Y100.688 E1203.66973
G1 X123.225 Y102.556 E1203.76155
G1 X123.426 Y103.308 E1203.78861
G1 X123.82 Y103.308 E1203.8023
G1 X123.593 Y102.456 E1203.83295
G1 X124.361 Y100.688 E1203.89994
G1 X124.183 Y100.688 E1203.90613
G1 X114.404 Y103.308 E1204.258
G1 X115.554 Y103.309 E1204.29797
G1 X116.661 Y100.688 E1204.39686
G1 X116.896 Y100.688 E1204.40503
G1 X107.88 Y103.308 E1204.73136
G1 X107.744 Y103.308 E1204.73609
G1 X108.447 Y100.687 E1204.83041
G1 X109.609 Y100.688 E1204.8708
G1 X100.175 Y103.311 E1205.21113
G1 X99.934 Y103.309 E1205.21951
G1 X100.636 Y100.687 E1205.31385
G1 X102.322 Y100.688 E1205.37245
G1 X96.304 Y102.301 E1205.589
G1 X96.198 Y102.329
G1 F2400 E1205.089
;MESH:Pin 5mm - AKM.STL(5)
G0 F15000 X136.615 Y94.188
;TYPE:WALL-OUTER
G1 F2400 E1205.589
G1 F9000 X136.748 Y94.144 E1205.59387
G1 X165.328 Y94.144 E1206.58722
G1 F8800 X166.248 Y94.134 E1206.61992
G1 F8571.4 X167.004 Y94.132 E1206.64751
G1 F8665.2 X167.231 Y94.139 E1206.65571
G1 F8839.3 X167.88 Y94.141 E1206.67868
G1 F8959.3 X168.529 Y94.144 E1206.70134
G1 F9000 X168.528 Y89.852 E1206.85051
G1 X167.385 Y89.852 E1206.89024
G1 F8800 X166.992 Y89.862 E1206.90422
G1 F8571.4 X166.168 Y89.864 E1206.93429
G1 F8761.1 X165.328 Y89.852 E1206.96428
G1 F9000 X136.748 Y89.852 E1207.95763
G1 X136.615 Y89.808 E1207.9625
G1 X136.531 Y89.67 E1207.96812
G1 X136.528 Y88.536 E1208.00753
G1 X135.468 Y88.536 E1208.04437
G1 X135.468 Y95.46 E1208.28503
G1 X136.528 Y95.46 E1208.32187
G1 X136.528 Y94.364 E1208.35997
G1 X136.615 Y94.188 E1208.36679
G1 F2400 E1207.86679
G0 F15000 X166.248 Y93.674
G1 F2400 E1208.36679
G1 F8800 X166.028 Y93.444 E1208.3781
G1 F9000 X166.028 Y90.552 E1208.47862
G1 F8761.1 X166.208 Y90.323 E1208.48902
G1 F8571.4 X166.992 Y90.322 E1208.51763
G1 F8800 X167.34 Y90.465 E1208.53101
G1 F9000 X167.558 Y90.664 E1208.54127
G1 X167.72 Y91.038 E1208.55543
G1 X167.71 Y92.962 E1208.6223
G1 X167.591 Y93.288 E1208.63437
G1 X167.448 Y93.451 E1208.6419
G1 F8898.9 X167.176 Y93.62 E1208.65316
G1 F8665.2 X166.964 Y93.673 E1208.66105
G1 F8571.4 X166.248 Y93.674 E1208.68718
G1 F2400 E1208.18718
G0 F15000 X168.001 Y93.617
;TYPE:WALL-INNER
G1 F2400 E1208.68718
G1 F8446.1 X168.068 Y93.356 E1208.69882
G1 F10669.7 X168.116 Y93.052 E1208.70935
G1 F12031.2 X168.117 Y92.549 E1208.72461
G1 F12190 X168.119 Y92.046 E1208.73967
G1 F12320 X168.121 Y91.543 E1208.75457
G1 F12486.5 X168.123 Y91.04 E1208.76927
G1 F11435.6 X168.088 Y90.737 E1208.779
G1 F9112.4 X168.021 Y90.455 E1208.79061
G1 F7777.8 X168.001 Y90.379 E1208.7943
G1 F2400 E1208.2943
G0 F15000 X136.748 Y93.704
G1 F2400 E1208.7943
G1 F10500 X165.848 Y93.704 E1209.80572
G1 X165.588 Y93.444 E1209.8185
G1 X165.588 Y90.552 E1209.91902
G1 X165.806 Y90.292 E1209.93081
G1 X136.748 Y90.292 E1210.94077
G1 X136.351 Y90.16 E1210.95532
G1 F8619.4 X136.003 Y89.762 E1210.9777
G1 X135.908 Y90.382 E1211.00426
G1 F10500 X135.908 Y93.614 E1211.11659
G1 F8717 X135.998 Y94.364 E1211.14822
G1 X136.351 Y93.836 E1211.17481
G1 F10500 X136.748 Y93.704 E1211.18935
G1 F2400 E1210.68935
G0 F15000 X135.998 Y94.364
G1 F2400 E1211.18935
G1 F7451.6 X135.998 Y94.93 E1211.21707
G1 F2400 E1210.71707
G0 F15000 X136.003 Y89.762
G1 F2400 E1211.21707
G1 F7380.2 X135.998 Y89.066 E1211.25149
G1 F2400 E1210.75149
G0 F15000 X136.303 Y92.3
;TYPE:FILL
G1 F2400 E1211.25149
G1 F15000 X142.321 Y90.688 E1211.46803
G1 X140.636 Y90.687 E1211.52659
G1 X139.934 Y93.309 E1211.62093
G1 X140.178 Y93.309 E1211.62942
G1 X149.607 Y90.688 E1211.96956
G1 X148.447 Y90.687 E1212.00988
G1 X147.744 Y93.308 E1212.1042
G1 X147.88 Y93.308 E1212.10893
G1 X156.894 Y90.688 E1212.43519
G1 X156.66 Y90.688 E1212.44332
G1 X155.554 Y93.309 E1212.5422
G1 X154.402 Y93.308 E1212.58224
G1 X164.18 Y90.688 E1212.93408
G1 X164.361 Y90.688 E1212.94037
G1 X163.592 Y92.46 E1213.00751
G1 X163.819 Y93.308 E1213.03802
G1 X163.427 Y93.308 E1213.05165
G1 X163.226 Y92.558 E1213.07863
G1 X161.356 Y90.688 E1213.17055
G1 X160.162 Y90.687 E1213.21205
G1 X159.459 Y93.309 E1213.3064
G1 X158.642 Y93.308 E1213.3348
G1 X156.022 Y90.688 E1213.46358
G1 X154.304 Y90.687 E1213.52329
G1 X153.602 Y93.308 E1213.6176
G1 X153.307 Y93.308 E1213.62785
G1 X150.687 Y90.688 E1213.75664
G1 X150.399 Y90.687 E1213.76665
G1 X149.697 Y93.309 E1213.86099
G1 X147.973 Y93.308 E1213.92091
G1 X145.353 Y90.688 E1214.04969
G1 X144.542 Y90.687 E1214.07788
G1 X143.839 Y93.309 E1214.17223
G1 X142.638 Y93.308 E1214.21397
G1 X140.018 Y90.688 E1214.34276
G1 X138.684 Y90.687 E1214.38912
G1 X137.982 Y93.309 E1214.48346
G1 X137.304 Y93.308 E1214.50703
G1 X136.303 Y92.307 E1214.55623
G1 X136.732 Y90.687 E1214.61448
G1 X137.351 Y90.688 E1214.63599
G1 X139.971 Y93.308 E1214.76478
G1 X141.887 Y93.308 E1214.83137
G1 X142.589 Y90.687 E1214.92568
G1 X142.686 Y90.688 E1214.92905
G1 X145.305 Y93.308 E1215.05781
G1 X145.792 Y93.309 E1215.07474
G1 X146.494 Y90.688 E1215.16904
G1 X148.02 Y90.688 E1215.22208
G1 X150.64 Y93.308 E1215.35087
G1 X151.649 Y93.309 E1215.38593
G1 X152.352 Y90.688 E1215.48025
G1 X153.354 Y90.688 E1215.51508
G1 X155.974 Y93.308 E1215.64386
G1 X157.507 Y93.309 E1215.69714
G1 X158.209 Y90.688 E1215.79145
G1 X158.689 Y90.688 E1215.80814
G1 X161.309 Y93.308 E1215.93692
G1 X161.69 Y93.308 E1215.95016
G1 X165.191 Y92.37 E1216.07614
G1 X165.192 Y91.857 E1216.09397
G1 X164.023 Y90.688 E1216.15143
G1 X162.114 Y90.687 E1216.21778
G1 X161.412 Y93.309 E1216.31212
G1 X161.384 Y93.415
G1 F2400 E1215.81212
;MESH:Pin 5mm - AKM.STL(3)
G0 F15000 X166.248 Y103.674
;TYPE:WALL-OUTER
G1 F2400 E1216.31212
G1 F8800 X166.028 Y103.444 E1216.32343
G1 F9000 X166.028 Y100.552 E1216.42395
G1 F8761.1 X166.208 Y100.323 E1216.43435
G1 F8571.4 X166.992 Y100.322 E1216.46296
G1 F8800 X167.34 Y100.465 E1216.47634
G1 F9000 X167.558 Y100.664 E1216.48659
G1 X167.72 Y101.038 E1216.50076
G1 X167.71 Y102.962 E1216.56763
G1 X167.591 Y103.288 E1216.5797
G1 X167.448 Y103.451 E1216.58723
G1 F8898.9 X167.176 Y103.62 E1216.59849
G1 F8665.2 X166.964 Y103.673 E1216.60638
G1 F8571.4 X166.248 Y103.674 E1216.63251
G1 F2400 E1216.13251
G0 F15000 X136.615 Y104.188
G1 F2400 E1216.63251
G1 F9000 X136.748 Y104.144 E1216.63738
G1 X165.328 Y104.144 E1217.63073
G1 F8800 X166.248 Y104.134 E1217.66343
G1 F8571.4 X167.004 Y104.132 E1217.69102
G1 F8665.2 X167.231 Y104.139 E1217.69922
G1 F8839.3 X167.88 Y104.141 E1217.72219
G1 F8959.3 X168.529 Y104.144 E1217.74485
G1 F9000 X168.528 Y99.852 E1217.89402
G1 X167.385 Y99.852 E1217.93375
G1 F8800 X166.992 Y99.862 E1217.94773
G1 F8571.4 X166.168 Y99.864 E1217.9778
G1 F8761.1 X165.328 Y99.852 E1218.00779
G1 F9000 X136.748 Y99.852 E1219.00114
G1 X136.615 Y99.808 E1219.00601
G1 X136.531 Y99.67 E1219.01163
G1 X136.528 Y98.536 E1219.05104
G1 X135.468 Y98.536 E1219.08788
G1 X135.468 Y105.46 E1219.32854
G1 X136.528 Y105.46 E1219.36538
G1 X136.528 Y104.364 E1219.40348
G1 X136.615 Y104.188 E1219.4103
G0 F15000 X136.748 Y103.704
;TYPE:WALL-INNER
G1 F10500 X165.848 Y103.704 E1220.42172
G1 X165.588 Y103.444 E1220.4345
G1 X165.588 Y100.552 E1220.53502
G1 X165.806 Y100.292 E1220.54681
G1 X136.748 Y100.292 E1221.55678
G1 X136.351 Y100.16 E1221.57132
G1 F8619.4 X136.003 Y99.762 E1221.5937
G1 X135.908 Y100.382 E1221.62026
G1 F10500 X135.908 Y103.614 E1221.7326
G1 F8717 X135.998 Y104.364 E1221.76422
G1 X136.351 Y103.836 E1221.79081
G1 F10500 X136.748 Y103.704 E1221.80535
G1 F2400 E1221.30535
G0 F15000 X135.998 Y104.364
G1 F2400 E1221.80535
G1 F7451.6 X135.998 Y104.93 E1221.83307
G1 F2400 E1221.33307
G0 F15000 X136.003 Y99.762
G1 F2400 E1221.83307
G1 F7380.2 X135.998 Y99.066 E1221.86749
G1 F2400 E1221.36749
G0 F15000 X168.001 Y100.379
G1 F2400 E1221.86749
G1 F7777.8 X168.021 Y100.455 E1221.87118
G1 F9112.4 X168.088 Y100.737 E1221.88279
G1 F11435.6 X168.124 Y101.039 E1221.89249
G1 F12486.5 X168.123 Y101.542 E1221.90719
G1 F12320 X168.121 Y102.045 E1221.92209
G1 F12190 X168.119 Y102.548 E1221.93715
G1 F12031.2 X168.117 Y103.051 E1221.95241
G1 F10669.7 X168.068 Y103.356 E1221.96298
G1 F8446.1 X168.001 Y103.617 E1221.97462
G1 F2400 E1221.47462
G0 F15000 X161.412 Y103.309
;TYPE:FILL
G1 F2400 E1221.97462
G1 F15000 X162.114 Y100.687 E1222.06896
G1 X164.024 Y100.688 E1222.13535
G1 X165.192 Y101.857 E1222.19278
G1 X165.191 Y102.37 E1222.21061
G1 X161.688 Y103.308 E1222.33666
G1 X161.309 Y103.308 E1222.34983
G1 X158.69 Y100.688 E1222.47859
G1 X158.209 Y100.687 E1222.4953
G1 X157.507 Y103.309 E1222.58965
G1 X155.974 Y103.308 E1222.64293
G1 X153.355 Y100.688 E1222.77169
G1 X152.351 Y100.687 E1222.80658
G1 X151.649 Y103.309 E1222.90093
G1 X150.64 Y103.308 E1222.93599
G1 X148.021 Y100.688 E1223.06475
G1 X146.494 Y100.687 E1223.11783
G1 X145.791 Y103.309 E1223.21218
G1 X145.305 Y103.308 E1223.22907
G1 X142.686 Y100.688 E1223.35783
G1 X142.589 Y100.688 E1223.3612
G1 X141.887 Y103.308 E1223.45547
G1 X139.971 Y103.308 E1223.52207
G1 X137.352 Y100.688 E1223.65083
G1 X136.731 Y100.687 E1223.67241
G1 X136.303 Y102.307 E1223.73065
G1 X137.304 Y103.308 E1223.77985
G1 X137.981 Y103.308 E1223.80338
G1 X138.684 Y100.688 E1223.89766
G1 X140.019 Y100.688 E1223.94407
G1 X142.638 Y103.308 E1224.07282
G1 X143.839 Y103.308 E1224.11457
G1 X144.541 Y100.688 E1224.20884
G1 X145.354 Y100.688 E1224.2371
G1 X147.973 Y103.308 E1224.36586
G1 X149.697 Y103.308 E1224.42578
G1 X150.399 Y100.688 E1224.52005
G1 X150.688 Y100.688 E1224.5301
G1 X153.307 Y103.308 E1224.65885
G1 X153.602 Y103.308 E1224.66911
G1 X154.304 Y100.688 E1224.76338
G1 X156.022 Y100.688 E1224.8231
G1 X158.642 Y103.308 E1224.95188
G1 X159.459 Y103.308 E1224.98027
G1 X160.161 Y100.688 E1225.07455
G1 X161.357 Y100.688 E1225.11612
G1 X163.223 Y102.555 E1225.20786
G1 X163.426 Y103.308 E1225.23497
G1 X163.82 Y103.308 E1225.24866
G1 X163.592 Y102.459 E1225.27922
G1 X164.357 Y100.69 E1225.34621
G1 X164.18 Y100.688 E1225.35236
G1 X154.4 Y103.308 E1225.70427
G1 X155.554 Y103.309 E1225.74438
G1 X156.66 Y100.688 E1225.84325
G1 X156.893 Y100.688 E1225.85135
G1 X147.879 Y103.308 E1226.17761
G1 X147.744 Y103.308 E1226.18231
G1 X148.446 Y100.688 E1226.27658
G1 X149.606 Y100.688 E1226.3169
G1 X140.181 Y103.311 E1226.65693
G1 X139.934 Y103.309 E1226.66552
G1 X140.636 Y100.687 E1226.75986
G1 X142.318 Y100.688 E1226.81832
G1 X136.305 Y102.3 E1227.03469
G1 X136.199 Y102.328
G1 F2400 E1226.53469
;MESH:Pin 5mm - AKM.STL(1)
G0 F15000 X136.615 Y114.188
;TYPE:WALL-OUTER
G1 F2400 E1227.03469
G1 F9000 X136.748 Y114.144 E1227.03956
G1 X165.328 Y114.144 E1228.03291
G1 F8800 X166.248 Y114.134 E1228.06562
G1 F8571.4 X167.004 Y114.132 E1228.09321
G1 F8665.2 X167.231 Y114.139 E1228.10141
G1 F8839.3 X167.88 Y114.141 E1228.12437
G1 F8959.3 X168.529 Y114.144 E1228.14703
G1 F9000 X168.528 Y109.852 E1228.29621
G1 X167.385 Y109.852 E1228.33594
G1 F8800 X166.992 Y109.862 E1228.34991
G1 F8571.4 X166.168 Y109.864 E1228.37998
G1 F8761.1 X165.328 Y109.852 E1228.40998
G1 F9000 X136.748 Y109.852 E1229.40333
G1 X136.615 Y109.808 E1229.4082
G1 X136.531 Y109.67 E1229.41381
G1 X136.528 Y108.536 E1229.45323
G1 X135.468 Y108.536 E1229.49007
G1 X135.468 Y115.46 E1229.73073
G1 X136.528 Y115.46 E1229.76757
G1 X136.528 Y114.364 E1229.80566
G1 X136.615 Y114.188 E1229.81249
G1 F2400 E1229.31249
G0 F15000 X166.248 Y113.674
G1 F2400 E1229.81249
G1 F8800 X166.028 Y113.444 E1229.8238
G1 F9000 X166.028 Y110.552 E1229.92432
G1 F8761.1 X166.208 Y110.323 E1229.93472
G1 F8571.4 X166.992 Y110.322 E1229.96333
G1 F8800 X167.34 Y110.465 E1229.9767
G1 F9000 X167.558 Y110.664 E1229.98696
G1 X167.72 Y111.038 E1230.00113
G1 X167.71 Y112.962 E1230.068
G1 X167.591 Y113.288 E1230.08006
G1 X167.448 Y113.451 E1230.0876
G1 F8898.9 X167.176 Y113.62 E1230.09886
G1 F8665.2 X166.964 Y113.673 E1230.10674
G1 F8571.4 X166.248 Y113.674 E1230.13287
G1 F2400 E1229.63287
G0 F15000 X168.001 Y113.617
;TYPE:WALL-INNER
G1 F2400 E1230.13287
G1 F8446.1 X168.068 Y113.356 E1230.14452
G1 F10669.7 X168.116 Y113.052 E1230.15504
G1 F12031.2 X168.117 Y112.549 E1230.1703
G1 F12190 X168.119 Y112.046 E1230.18536
G1 F12320 X168.121 Y111.543 E1230.20026
G1 F12486.5 X168.123 Y111.04 E1230.21496
G1 F11435.6 X168.088 Y110.737 E1230.2247
G1 F9112.4 X168.021 Y110.455 E1230.2363
G1 F7777.8 X168.001 Y110.379 E1230.23999
G1 F2400 E1229.73999
G0 F15000 X136.748 Y113.704
G1 F2400 E1230.23999
G1 F10500 X165.848 Y113.704 E1231.25142
G1 X165.588 Y113.444 E1231.2642
G1 X165.588 Y110.552 E1231.36471
G1 X165.806 Y110.292 E1231.37651
G1 X136.748 Y110.292 E1232.38647
G1 X136.351 Y110.16 E1232.40101
G1 F8619.4 X136.003 Y109.762 E1232.4234
G1 X135.908 Y110.382 E1232.44995
G1 F10500 X135.908 Y113.614 E1232.56229
G1 F8717 X135.998 Y114.364 E1232.59391
G1 X136.351 Y113.836 E1232.6205
G1 F10500 X136.748 Y113.704 E1232.63504
G1 F2400 E1232.13504
G0 F15000 X135.998 Y114.364
G1 F2400 E1232.63504
G1 F7451.6 X135.998 Y114.93 E1232.66276
G1 F2400 E1232.16276
G0 F15000 X136.003 Y109.762
G1 F2400 E1232.66276
G1 F7380.2 X135.998 Y109.066 E1232.69718
G1 F2400 E1232.19718
G0 F15000 X136.304 Y112.3
;TYPE:FILL
G1 F2400 E1232.69718
G1 F15000 X142.322 Y110.688 E1232.91372
G1 X140.636 Y110.688 E1232.97232
G1 X139.934 Y113.308 E1233.0666
G1 X140.181 Y113.308 E1233.07518
G1 X149.609 Y110.688 E1233.41529
G1 X148.446 Y110.687 E1233.45571
G1 X147.744 Y113.308 E1233.55002
G1 X147.879 Y113.308 E1233.55471
G1 X156.896 Y110.688 E1233.88107
G1 X156.66 Y110.688 E1233.88928
G1 X155.554 Y113.308 E1233.98812
G1 X154.404 Y113.308 E1234.02809
G1 X164.184 Y110.688 E1234.38
G1 X164.359 Y110.688 E1234.38608
G1 X163.592 Y112.456 E1234.45307
G1 X163.82 Y113.307 E1234.48369
G1 X163.426 Y113.308 E1234.49738
G1 X163.225 Y112.556 E1234.52444
G1 X161.357 Y110.688 E1234.61626
G1 X160.161 Y110.687 E1234.65782
G1 X159.459 Y113.308 E1234.75213
G1 X158.642 Y113.307 E1234.78053
G1 X156.022 Y110.688 E1234.90929
G1 X154.304 Y110.687 E1234.969
G1 X153.602 Y113.308 E1235.06331
G1 X153.307 Y113.307 E1235.07356
G1 X150.688 Y110.688 E1235.20229
G1 X150.399 Y110.688 E1235.21234
G1 X149.696 Y113.308 E1235.30662
G1 X147.973 Y113.307 E1235.36651
G1 X145.354 Y110.688 E1235.49524
G1 X144.541 Y110.688 E1235.5235
G1 X143.839 Y113.308 E1235.61778
G1 X142.638 Y113.307 E1235.65952
G1 X140.019 Y110.688 E1235.78825
G1 X138.683 Y110.688 E1235.83469
G1 X137.981 Y113.308 E1235.92896
G1 X137.304 Y113.307 E1235.95249
G1 X136.303 Y112.307 E1236.00167
G1 X136.731 Y110.688 E1236.05987
G1 X137.352 Y110.688 E1236.08146
G1 X139.971 Y113.307 E1236.21019
G1 X141.886 Y113.309 E1236.27675
G1 X142.588 Y110.688 E1236.37106
G1 X142.686 Y110.688 E1236.37447
G1 X145.305 Y113.307 E1236.5032
G1 X145.791 Y113.308 E1236.52009
G1 X146.494 Y110.688 E1236.61438
G1 X148.021 Y110.688 E1236.66745
G1 X150.64 Y113.307 E1236.79618
G1 X151.649 Y113.309 E1236.83125
G1 X152.351 Y110.688 E1236.92556
G1 X153.355 Y110.688 E1236.96046
G1 X155.974 Y113.307 E1237.08919
G1 X157.506 Y113.309 E1237.14244
G1 X158.209 Y110.688 E1237.23675
G1 X158.69 Y110.688 E1237.25347
G1 X161.309 Y113.307 E1237.38221
G1 X161.691 Y113.308 E1237.39548
G1 X165.191 Y112.37 E1237.52143
G1 X165.192 Y111.857 E1237.53926
G1 X164.024 Y110.688 E1237.59669
G1 X162.114 Y110.688 E1237.66308
G1 X161.412 Y113.308 E1237.75735
G1 X161.384 Y113.414
G1 F2400 E1237.25735
;MESH:Pin 5mm - AKM.STL(7)
G0 F15000 X166.248 Y123.674
;TYPE:WALL-OUTER
G1 F2400 E1237.75735
G1 F8800 X166.028 Y123.444 E1237.76867
G1 F9000 X166.028 Y120.552 E1237.86918
G1 F8761.1 X166.208 Y120.323 E1237.87958
G1 F8571.4 X166.992 Y120.322 E1237.90819
G1 F8800 X167.34 Y120.465 E1237.92157
G1 F9000 X167.558 Y120.664 E1237.93183
G1 X167.72 Y121.038 E1237.94599
G1 X167.71 Y122.962 E1238.01287
G1 X167.591 Y123.288 E1238.02493
G1 X167.448 Y123.451 E1238.03247
G1 F8898.9 X167.176 Y123.62 E1238.04372
G1 F8665.2 X166.964 Y123.673 E1238.05161
G1 F8571.4 X166.248 Y123.674 E1238.07774
G1 F2400 E1237.57774
G0 F15000 X136.615 Y124.188
G1 F2400 E1238.07774
G1 F9000 X136.748 Y124.144 E1238.08261
G1 X165.328 Y124.144 E1239.07596
G1 F8800 X166.248 Y124.134 E1239.10867
G1 F8571.4 X167.004 Y124.132 E1239.13626
G1 F8665.2 X167.231 Y124.139 E1239.14445
G1 F8839.3 X167.88 Y124.141 E1239.16742
G1 F8959.3 X168.529 Y124.144 E1239.19008
G1 F9000 X168.528 Y119.852 E1239.33926
G1 X167.385 Y119.852 E1239.37898
G1 F8800 X166.992 Y119.862 E1239.39296
G1 F8571.4 X166.168 Y119.864 E1239.42303
G1 F8761.1 X165.328 Y119.852 E1239.45303
G1 F9000 X136.748 Y119.852 E1240.44638
G1 X136.615 Y119.808 E1240.45125
G1 X136.531 Y119.67 E1240.45686
G1 X136.528 Y118.536 E1240.49627
G1 X135.468 Y118.536 E1240.53312
G1 X135.468 Y125.46 E1240.77377
G1 X136.528 Y125.46 E1240.81062
G1 X136.528 Y124.364 E1240.84871
G1 X136.615 Y124.188 E1240.85553
G0 F15000 X136.748 Y123.704
;TYPE:WALL-INNER
G1 F10500 X165.848 Y123.704 E1241.86696
G1 X165.588 Y123.444 E1241.87974
G1 X165.588 Y120.552 E1241.98025
G1 X165.806 Y120.292 E1241.99205
G1 X136.748 Y120.292 E1243.00201
G1 X136.351 Y120.16 E1243.01655
G1 F8619.4 X136.003 Y119.762 E1243.03894
G1 X135.908 Y120.382 E1243.06549
G1 F10500 X135.908 Y123.614 E1243.17783
G1 F8717 X135.998 Y124.364 E1243.20945
G1 X136.351 Y123.836 E1243.23604
G1 F10500 X136.748 Y123.704 E1243.25058
G1 F2400 E1242.75058
G0 F15000 X135.998 Y124.364
G1 F2400 E1243.25058
G1 F7451.6 X135.998 Y124.93 E1243.27831
G1 F2400 E1242.77831
G0 F15000 X136.003 Y119.762
G1 F2400 E1243.27831
G1 F7380.2 X135.998 Y119.066 E1243.31272
G1 F2400 E1242.81272
G0 F15000 X168.001 Y120.379
G1 F2400 E1243.31272
G1 F7777.8 X168.021 Y120.455 E1243.31641
G1 F9112.4 X168.088 Y120.737 E1243.32802
G1 F11435.6 X168.124 Y121.039 E1243.33772
G1 F12486.5 X168.123 Y121.542 E1243.35243
G1 F12320 X168.121 Y122.045 E1243.36733
G1 F12190 X168.119 Y122.548 E1243.38239
G1 F12031.2 X168.117 Y123.051 E1243.39764
G1 F10669.7 X168.068 Y123.356 E1243.40821
G1 F8446.1 X168.001 Y123.617 E1243.41985
G1 F2400 E1242.91985
G0 F15000 X161.411 Y123.309
;TYPE:FILL
G1 F2400 E1243.41985
G1 F15000 X162.114 Y120.687 E1243.5142
G1 X164.024 Y120.688 E1243.58059
G1 X165.192 Y121.856 E1243.638
G1 X165.191 Y122.37 E1243.65587
G1 X161.691 Y123.308 E1243.78181
G1 X161.309 Y123.308 E1243.79508
G1 X158.69 Y120.688 E1243.92384
G1 X158.209 Y120.688 E1243.94056
G1 X157.506 Y123.309 E1244.03488
G1 X155.975 Y123.308 E1244.08809
G1 X153.355 Y120.688 E1244.21687
G1 X152.351 Y120.688 E1244.25177
G1 X151.649 Y123.308 E1244.34604
G1 X150.641 Y123.308 E1244.38108
G1 X148.021 Y120.688 E1244.50986
G1 X146.493 Y120.688 E1244.56297
G1 X145.791 Y123.308 E1244.65724
G1 X145.306 Y123.308 E1244.6741
G1 X142.686 Y120.688 E1244.80288
G1 X142.588 Y120.688 E1244.80629
G1 X141.886 Y123.308 E1244.90057
G1 X139.972 Y123.308 E1244.96709
G1 X137.352 Y120.688 E1245.09587
G1 X136.731 Y120.688 E1245.11746
G1 X136.298 Y122.302 E1245.17554
G1 X137.305 Y123.308 E1245.22501
G1 X137.981 Y123.308 E1245.24851
G1 X138.683 Y120.687 E1245.34281
G1 X140.019 Y120.688 E1245.38925
G1 X142.639 Y123.308 E1245.51803
G1 X143.839 Y123.309 E1245.55974
G1 X144.541 Y120.687 E1245.65408
G1 X145.354 Y120.688 E1245.68234
G1 X147.973 Y123.308 E1245.8111
G1 X149.696 Y123.309 E1245.87098
G1 X150.399 Y120.687 E1245.96534
G1 X150.688 Y120.688 E1245.97538
G1 X153.308 Y123.308 E1246.10416
G1 X153.601 Y123.309 E1246.11435
G1 X154.303 Y120.688 E1246.20865
G1 X156.022 Y120.688 E1246.2684
G1 X158.642 Y123.308 E1246.39718
G1 X159.459 Y123.309 E1246.42558
G1 X160.161 Y120.688 E1246.51989
G1 X161.357 Y120.688 E1246.56146
G1 X163.225 Y122.556 E1246.65328
G1 X163.426 Y123.309 E1246.68037
G1 X163.82 Y123.308 E1246.69406
G1 X163.592 Y122.456 E1246.72471
G1 X164.363 Y120.685 E1246.79185
G1 X164.184 Y120.687 E1246.79807
G1 X154.405 Y123.308 E1247.14995
G1 X155.554 Y123.309 E1247.18989
G1 X156.66 Y120.688 E1247.28877
G1 X156.896 Y120.688 E1247.29697
G1 X147.879 Y123.309 E1247.62334
G1 X147.744 Y123.309 E1247.62804
G1 X148.446 Y120.688 E1247.72234
G1 X149.609 Y120.688 E1247.76277
G1 X140.181 Y123.308 E1248.10287
G1 X139.934 Y123.308 E1248.11146
G1 X140.636 Y120.688 E1248.20573
G1 X142.322 Y120.688 E1248.26433
G1 X136.304 Y122.3 E1248.48087
G1 X136.198 Y122.328
G1 F2400 E1247.98087
;MESH:Pin 5mm - AKM.STL(6)
G0 F15000 X176.615 Y104.188
;TYPE:WALL-OUTER
G1 F2400 E1248.48087
G1 F9000 X176.748 Y104.144 E1248.48574
G1 X205.328 Y104.144 E1249.47909
G1 F8800 X206.248 Y104.134 E1249.5118
G1 F8571.4 X207.004 Y104.132 E1249.53939
G1 F8665.2 X207.231 Y104.139 E1249.54758
G1 F8839.3 X207.88 Y104.141 E1249.57055
G1 F8959.3 X208.529 Y104.144 E1249.59321
G1 F9000 X208.528 Y99.852 E1249.74239
G1 X207.385 Y99.852 E1249.78212
G1 F8800 X206.992 Y99.862 E1249.79609
G1 F8571.4 X206.168 Y99.864 E1249.82616
G1 F8761.1 X205.328 Y99.852 E1249.85616
G1 F9000 X176.748 Y99.852 E1250.84951
G1 X176.615 Y99.808 E1250.85438
G1 X176.531 Y99.67 E1250.85999
G1 X176.528 Y98.536 E1250.89941
G1 X175.468 Y98.536 E1250.93625
G1 X175.468 Y105.46 E1251.1769
G1 X176.528 Y105.46 E1251.21375
G1 X176.528 Y104.364 E1251.25184
G1 X176.615 Y104.188 E1251.25866
G1 F2400 E1250.75866
G0 F15000 X206.248 Y103.674
G1 F2400 E1251.25866
G1 F8800 X206.028 Y103.444 E1251.26998
G1 F9000 X206.028 Y100.552 E1251.37049
G1 F8761.1 X206.208 Y100.323 E1251.38089
G1 F8571.4 X206.992 Y100.322 E1251.40951
G1 F8800 X207.34 Y100.465 E1251.42288
G1 F9000 X207.558 Y100.664 E1251.43314
G1 X207.72 Y101.038 E1251.44731
G1 X207.71 Y102.962 E1251.51418
G1 X207.591 Y103.288 E1251.52624
G1 X207.448 Y103.451 E1251.53378
G1 F8898.9 X207.176 Y103.62 E1251.54503
G1 F8665.2 X206.964 Y103.673 E1251.55292
G1 F8571.4 X206.248 Y103.674 E1251.57905
G1 F2400 E1251.07905
G0 F15000 X208.001 Y103.617
;TYPE:WALL-INNER
G1 F2400 E1251.57905
G1 F8446.1 X208.068 Y103.356 E1251.5907
G1 F10669.7 X208.116 Y103.052 E1251.60122
G1 F12031.2 X208.117 Y102.549 E1251.61648
G1 F12190 X208.119 Y102.046 E1251.63154
G1 F12320 X208.121 Y101.543 E1251.64644
G1 F12486.5 X208.123 Y101.04 E1251.66114
G1 F11435.6 X208.088 Y100.737 E1251.67088
G1 F9112.4 X208.021 Y100.455 E1251.68248
G1 F7777.8 X208.001 Y100.379 E1251.68617
G1 F2400 E1251.18617
G0 F15000 X176.748 Y103.704
G1 F2400 E1251.68617
G1 F10500 X205.848 Y103.704 E1252.69759
G1 X205.588 Y103.444 E1252.71037
G1 X205.588 Y100.552 E1252.81089
G1 X205.806 Y100.292 E1252.82268
G1 X176.748 Y100.292 E1253.83265
G1 X176.351 Y100.16 E1253.84719
G1 F8619.4 X176.003 Y99.762 E1253.86957
G1 X175.908 Y100.382 E1253.89613
G1 F10500 X175.908 Y103.614 E1254.00847
G1 F8717 X175.998 Y104.364 E1254.04009
G1 X176.351 Y103.836 E1254.06668
G1 F10500 X176.748 Y103.704 E1254.08122
G1 F2400 E1253.58122
G0 F15000 X175.998 Y104.364
G1 F2400 E1254.08122
G1 F7451.6 X175.998 Y104.93 E1254.10894
G1 F2400 E1253.60894
G0 F15000 X176.003 Y99.762
G1 F2400 E1254.10894
G1 F7380.2 X175.998 Y99.066 E1254.14336
G1 F2400 E1253.64336
G0 F15000 X176.304 Y102.3
;TYPE:FILL
G1 F2400 E1254.14336
G1 F15000 X182.321 Y100.688 E1254.35987
G1 X180.636 Y100.688 E1254.41843
G1 X179.934 Y103.308 E1254.51271
G1 X180.183 Y103.306 E1254.52136
G1 X189.608 Y100.688 E1254.86135
G1 X188.446 Y100.687 E1254.90174
G1 X187.744 Y103.308 E1254.99604
G1 X187.88 Y103.308 E1255.00077
G1 X196.894 Y100.688 E1255.32704
G1 X196.658 Y100.688 E1255.33524
G1 X195.554 Y103.308 E1255.43406
G1 X194.402 Y103.308 E1255.4741
G1 X204.18 Y100.688 E1255.82594
G1 X204.36 Y100.688 E1255.83219
G1 X203.592 Y102.458 E1255.89925
G1 X203.82 Y103.308 E1255.92984
G1 X203.426 Y103.308 E1255.94354
G1 X203.223 Y102.555 E1255.97064
G1 X201.356 Y100.688 E1256.06241
G1 X200.162 Y100.687 E1256.10391
G1 X199.459 Y103.308 E1256.19823
G1 X198.641 Y103.308 E1256.22666
G1 X196.022 Y100.688 E1256.35542
G1 X194.304 Y100.687 E1256.41513
G1 X193.602 Y103.308 E1256.50944
G1 X193.307 Y103.308 E1256.51969
G1 X190.688 Y100.688 E1256.64845
G1 X190.399 Y100.688 E1256.65849
G1 X189.697 Y103.308 E1256.75277
G1 X187.972 Y103.308 E1256.81273
G1 X185.353 Y100.688 E1256.94148
G1 X184.541 Y100.688 E1256.96971
G1 X183.839 Y103.308 E1257.06398
G1 X182.638 Y103.308 E1257.10572
G1 X180.019 Y100.688 E1257.23448
G1 X178.684 Y100.688 E1257.28088
G1 X177.981 Y103.308 E1257.37517
G1 X177.303 Y103.308 E1257.39873
G1 X176.299 Y102.303 E1257.44811
G1 X176.731 Y100.687 E1257.50625
G1 X177.352 Y100.688 E1257.52783
G1 X179.971 Y103.308 E1257.65659
G1 X181.887 Y103.308 E1257.72318
G1 X182.589 Y100.687 E1257.81749
G1 X182.686 Y100.688 E1257.82086
G1 X185.305 Y103.308 E1257.94962
G1 X185.791 Y103.309 E1257.96651
G1 X186.494 Y100.688 E1258.06083
G1 X188.02 Y100.688 E1258.11387
G1 X190.64 Y103.308 E1258.24265
G1 X191.649 Y103.309 E1258.27772
G1 X192.351 Y100.688 E1258.37203
G1 X193.355 Y100.688 E1258.40692
G1 X195.974 Y103.308 E1258.53568
G1 X197.507 Y103.309 E1258.58896
G1 X198.209 Y100.688 E1258.68327
G1 X198.689 Y100.688 E1258.69996
G1 X201.308 Y103.308 E1258.82871
G1 X201.69 Y103.308 E1258.84199
G1 X205.191 Y102.37 E1258.96797
G1 X205.192 Y101.857 E1258.9858
G1 X204.024 Y100.688 E1259.04323
G1 X202.114 Y100.688 E1259.10962
G1 X201.412 Y103.308 E1259.20389
G1 X201.384 Y103.414
G1 F2400 E1258.70389
;MESH:NONMESH
G0 F600 X201.384 Y103.414 Z3
G0 F15000 X56.615 Y114.12
;TIME_ELAPSED:526.876409
;LAYER:14
;TYPE:WALL-OUTER
;MESH:Pin 5mm - AKM.STL(4)
G1 F2400 E1259.20389
G1 F9000 X56.748 Y114.076 E1259.20876
G1 X85.396 Y114.076 E1260.20448
G1 F9145.5 X86.248 Y114.083 E1260.23362
G1 F9274 X87.051 Y114.082 E1260.2607
G1 F9145.5 X87.395 Y114.077 E1260.27247
G1 F9020.5 X88.528 Y114.076 E1260.31176
G1 F9000 X88.528 Y109.92 E1260.45621
G1 F9020.5 X87.429 Y109.92 E1260.49432
G1 F9166.7 X86.948 Y109.913 E1260.51074
G1 F9274 X86.174 Y109.914 E1260.53685
G1 F9124.4 X85.396 Y109.92 E1260.56352
G1 F9000 X56.748 Y109.92 E1261.55923
G1 X56.615 Y109.876 E1261.5641
G1 X56.531 Y109.738 E1261.56972
G1 X56.528 Y108.58 E1261.60996
G1 X55.468 Y108.58 E1261.64681
G1 X55.468 Y115.416 E1261.8844
G1 X56.528 Y115.416 E1261.92125
G1 X56.528 Y114.296 E1261.96017
G1 X56.615 Y114.12 E1261.967
G1 F2400 E1261.467
G0 F15000 X86.248 Y113.657
G1 F2400 E1261.967
G1 F9145.5 X86.028 Y113.444 E1261.97747
G1 F9000 X86.028 Y110.552 E1262.07799
G1 F9124.4 X86.211 Y110.34 E1262.08759
G1 F9209.3 X87 Y110.342 E1262.11439
G1 F9103.4 X87.261 Y110.421 E1262.12376
G1 F9020.5 X87.569 Y110.677 E1262.13765
G1 F9000 X87.72 Y111.038 E1262.15125
G1 X87.71 Y112.962 E1262.21812
G1 X87.601 Y113.274 E1262.22961
G1 X87.445 Y113.457 E1262.23797
G1 F9020.5 X87.248 Y113.584 E1262.2461
G1 F9145.5 X86.985 Y113.656 E1262.25542
G1 F9274 X86.248 Y113.657 E1262.28028
G1 F2400 E1261.78028
G0 F15000 X88.018 Y113.566
;TYPE:WALL-INNER
G1 F2400 E1262.28028
G1 F8717 X88.068 Y113.356 E1262.28932
G1 F10669.7 X88.116 Y113.052 E1262.29985
G1 F12031.2 X88.117 Y112.549 E1262.3151
G1 F12190 X88.119 Y112.046 E1262.33016
G1 F12320 X88.121 Y111.543 E1262.34506
G1 F12486.5 X88.123 Y111.04 E1262.35976
G1 F11492.5 X88.09 Y110.746 E1262.36916
G1 F9221.6 X88.025 Y110.465 E1262.38057
G1 F8048.8 X88.017 Y110.431 E1262.38216
G1 F2400 E1261.88216
G0 F15000 X56.748 Y113.636
G1 F2400 E1262.38216
G1 F10500 X85.78 Y113.636 E1263.39122
G1 X85.588 Y113.444 E1263.40065
G1 X85.588 Y110.552 E1263.50117
G1 X85.749 Y110.36 E1263.50988
G1 X56.748 Y110.36 E1264.51786
G1 X56.351 Y110.228 E1264.5324
G1 F8619.4 X56.003 Y109.83 E1264.55479
G1 X55.908 Y110.45 E1264.58135
G1 F10500 X55.908 Y113.546 E1264.68895
G1 F8717 X55.998 Y114.296 E1264.72058
G1 X56.351 Y113.768 E1264.74717
G1 F10500 X56.748 Y113.636 E1264.76171
G1 F2400 E1264.26171
G0 F15000 X55.998 Y114.296
G1 F2400 E1264.76171
G1 F7451.6 X55.998 Y114.886 E1264.79061
G1 F2400 E1264.29061
G0 F15000 X56.003 Y109.83
G1 F2400 E1264.79061
G1 F7380.2 X55.998 Y109.11 E1264.82621
G1 F2400 E1264.32621
G0 F15000 X56.303 Y110.617
;TYPE:FILL
G1 F2400 E1264.82621
G1 F15000 X56.303 Y112.283 E1264.88412
G1 X56.713 Y110.754 E1264.93914
G1 X57.421 Y110.756 E1264.96374
G1 X59.905 Y113.24 E1265.08584
G1 X57.999 Y113.241 E1265.15209
G1 X58.665 Y110.756 E1265.24151
G1 X60.088 Y110.756 E1265.29097
G1 X62.572 Y113.24 E1265.41306
G1 X63.857 Y113.24 E1265.45773
G1 X64.523 Y110.756 E1265.54711
G1 X65.422 Y110.756 E1265.57836
G1 X67.906 Y113.24 E1265.70046
G1 X69.715 Y113.24 E1265.76333
G1 X70.38 Y110.756 E1265.85271
G1 X70.757 Y110.756 E1265.86581
G1 X73.241 Y113.24 E1265.98791
G1 X74.656 Y113.24 E1266.03709
G1 X83.928 Y110.756 E1266.37072
G1 X82.096 Y110.756 E1266.43439
G1 X81.43 Y113.24 E1266.52378
G1 X81.942 Y113.24 E1266.54157
G1 X85.191 Y112.37 E1266.65848
G1 X85.192 Y111.856 E1266.67634
G1 X84.093 Y110.756 E1266.73039
G1 X84.048 Y110.756 E1266.73195
G1 X83.592 Y112.456 E1266.79313
G1 X83.803 Y113.24 E1266.82135
G1 X83.409 Y113.241 E1266.83504
G1 X83.225 Y112.555 E1266.85973
G1 X81.425 Y110.756 E1266.94818
G1 X80.143 Y110.755 E1266.99274
G1 X79.477 Y113.241 E1267.08219
G1 X81.242 Y113.24 E1267.14353
G1 X78.758 Y110.756 E1267.26563
G1 X78.19 Y110.756 E1267.28537
G1 X77.525 Y113.24 E1267.37475
G1 X78.575 Y113.24 E1267.41124
G1 X76.091 Y110.756 E1267.53334
G1 X74.286 Y110.755 E1267.59608
G1 X73.62 Y113.241 E1267.68553
G1 X73.592 Y113.347
G1 F2400 E1267.18553
G0 F15000 X60.082 Y113.24
G1 F2400 E1267.68553
G1 F15000 X68.357 Y110.755 E1267.98583
G1 X68.428 Y110.755 E1267.9883
G1 X67.417 Y113.226 E1268.08109
G1 X76.055 Y110.756 E1268.39336
G1 X76.238 Y110.756 E1268.39972
G1 X75.911 Y113.24 E1268.4868
G1 X73.424 Y110.756 E1268.60897
G1 X72.333 Y110.756 E1268.64689
G1 X71.667 Y113.24 E1268.73627
G1 X70.573 Y113.24 E1268.7743
G1 X68.089 Y110.756 E1268.8964
G1 X66.476 Y110.755 E1268.95246
G1 X65.81 Y113.24 E1269.04188
G1 X65.239 Y113.24 E1269.06172
G1 X62.755 Y110.756 E1269.18382
G1 X62.57 Y110.755 E1269.19025
G1 X61.905 Y113.241 E1269.2797
G1 X59.952 Y113.24 E1269.34758
G1 X60.618 Y110.755 E1269.43699
G1 X62.068 Y110.756 E1269.48739
G1 X56.305 Y112.3 E1269.69476
G1 X56.304 Y113.38 E1269.7323
G1 X56.721 Y113.24 E1269.74759
G1 X57.237 Y113.24 E1269.76552
G1 X56.303 Y112.306 E1269.81143
G1 X56.226 Y112.229
G1 F2400 E1269.31143
;MESH:Pin 5mm - AKM.STL
G0 F15000 X96.615 Y114.12
;TYPE:WALL-OUTER
G1 F2400 E1269.81143
G1 F9000 X96.748 Y114.076 E1269.8163
G1 X125.396 Y114.076 E1270.81201
G1 F9145.5 X126.248 Y114.083 E1270.84116
G1 F9274 X127.051 Y114.082 E1270.86824
G1 F9145.5 X127.395 Y114.077 E1270.88001
G1 F9020.5 X128.528 Y114.076 E1270.9193
G1 F9000 X128.528 Y109.92 E1271.06375
G1 F9020.5 X127.429 Y109.92 E1271.10186
G1 F9166.7 X126.948 Y109.913 E1271.11827
G1 F9274 X126.174 Y109.914 E1271.14438
G1 F9124.4 X125.396 Y109.92 E1271.17105
G1 F9000 X96.748 Y109.92 E1272.16677
G1 X96.615 Y109.876 E1272.17164
G1 X96.531 Y109.738 E1272.17725
G1 X96.528 Y108.58 E1272.2175
G1 X95.468 Y108.58 E1272.25434
G1 X95.468 Y115.416 E1272.49194
G1 X96.528 Y115.416 E1272.52878
G1 X96.528 Y114.296 E1272.56771
G1 X96.615 Y114.12 E1272.57453
G1 F2400 E1272.07453
G0 F15000 X126.248 Y113.657
G1 F2400 E1272.57453
G1 F9145.5 X126.028 Y113.444 E1272.58501
G1 F9000 X126.028 Y110.552 E1272.68553
G1 F9124.4 X126.211 Y110.34 E1272.69513
G1 F9209.3 X127 Y110.342 E1272.72193
G1 F9103.4 X127.261 Y110.421 E1272.7313
G1 F9020.5 X127.569 Y110.677 E1272.74519
G1 F9000 X127.72 Y111.038 E1272.75879
G1 X127.71 Y112.962 E1272.82566
G1 X127.601 Y113.274 E1272.83715
G1 X127.445 Y113.457 E1272.8455
G1 F9020.5 X127.248 Y113.584 E1272.85363
G1 F9145.5 X126.985 Y113.656 E1272.86296
G1 F9274 X126.248 Y113.657 E1272.88782
G1 F2400 E1272.38782
G0 F15000 X128.018 Y113.566
;TYPE:WALL-INNER
G1 F2400 E1272.88782
G1 F8717 X128.068 Y113.356 E1272.89685
G1 F10669.7 X128.116 Y113.052 E1272.90738
G1 F12031.2 X128.117 Y112.549 E1272.92264
G1 F12190 X128.119 Y112.046 E1272.9377
G1 F12320 X128.121 Y111.543 E1272.9526
G1 F12486.5 X128.123 Y111.04 E1272.9673
G1 F11492.5 X128.09 Y110.746 E1272.97669
G1 F9221.6 X128.025 Y110.465 E1272.98811
G1 F8048.8 X128.017 Y110.431 E1272.98969
G1 F2400 E1272.48969
G0 F15000 X96.748 Y113.636
G1 F2400 E1272.98969
G1 F10500 X125.78 Y113.636 E1273.99875
G1 X125.588 Y113.444 E1274.00819
G1 X125.588 Y110.552 E1274.10871
G1 X125.749 Y110.36 E1274.11742
G1 X96.748 Y110.36 E1275.1254
G1 X96.351 Y110.228 E1275.13994
G1 F8619.4 X96.003 Y109.83 E1275.16233
G1 X95.908 Y110.45 E1275.18888
G1 F10500 X95.908 Y113.546 E1275.29649
G1 F8717 X95.998 Y114.296 E1275.32811
G1 X96.351 Y113.768 E1275.35471
G1 F10500 X96.748 Y113.636 E1275.36925
G1 F2400 E1274.86925
G0 F15000 X95.998 Y114.296
G1 F2400 E1275.36925
G1 F7451.6 X95.998 Y114.886 E1275.39814
G1 F2400 E1274.89814
G0 F15000 X96.003 Y109.83
G1 F2400 E1275.39814
G1 F7380.2 X95.998 Y109.11 E1275.43375
G1 F2400 E1274.93375
G0 F15000 X96.303 Y110.617
;TYPE:FILL
G1 F2400 E1275.43375
G1 F15000 X96.303 Y112.283 E1275.49165
G1 X96.713 Y110.754 E1275.54667
G1 X97.42 Y110.756 E1275.57125
G1 X99.904 Y113.24 E1275.69334
G1 X97.999 Y113.241 E1275.75955
G1 X98.665 Y110.755 E1275.84901
G1 X100.087 Y110.756 E1275.89843
G1 X102.571 Y113.24 E1276.02053
G1 X103.857 Y113.24 E1276.06523
G1 X104.523 Y110.755 E1276.15465
G1 X105.422 Y110.756 E1276.18589
G1 X107.906 Y113.24 E1276.30799
G1 X109.715 Y113.24 E1276.37086
G1 X110.38 Y110.755 E1276.46027
G1 X110.756 Y110.756 E1276.47334
G1 X113.24 Y113.24 E1276.59544
G1 X114.656 Y113.241 E1276.64466
G1 X123.928 Y110.756 E1276.97829
G1 X122.096 Y110.756 E1277.04197
G1 X121.43 Y113.24 E1277.13135
G1 X121.943 Y113.24 E1277.14919
G1 X125.191 Y112.37 E1277.26605
G1 X125.192 Y111.856 E1277.28392
G1 X124.092 Y110.756 E1277.33799
G1 X124.048 Y110.756 E1277.33952
G1 X123.591 Y112.46 E1277.40084
G1 X123.801 Y113.24 E1277.42891
G1 X123.409 Y113.24 E1277.44254
G1 X123.225 Y112.556 E1277.46716
G1 X121.425 Y110.756 E1277.55563
G1 X120.143 Y110.755 E1277.60019
G1 X119.477 Y113.241 E1277.68964
G1 X121.242 Y113.24 E1277.75099
G1 X118.758 Y110.756 E1277.87309
G1 X118.191 Y110.756 E1277.89279
G1 X117.525 Y113.24 E1277.98218
G1 X118.575 Y113.24 E1278.01867
G1 X116.091 Y110.756 E1278.14077
G1 X114.286 Y110.755 E1278.20351
G1 X113.62 Y113.241 E1278.29296
G1 X113.592 Y113.347
G1 F2400 E1277.79296
G0 F15000 X100.082 Y113.24
G1 F2400 E1278.29296
G1 F15000 X108.357 Y110.755 E1278.59326
G1 X108.428 Y110.755 E1278.59573
G1 X107.417 Y113.226 E1278.68852
G1 X116.055 Y110.756 E1279.00079
G1 X116.238 Y110.756 E1279.00715
G1 X115.911 Y113.24 E1279.09423
G1 X113.423 Y110.756 E1279.21642
G1 X112.333 Y110.756 E1279.25431
G1 X111.667 Y113.24 E1279.34369
G1 X110.573 Y113.24 E1279.38172
G1 X108.089 Y110.756 E1279.50382
G1 X106.476 Y110.755 E1279.55988
G1 X105.81 Y113.24 E1279.6493
G1 X105.239 Y113.24 E1279.66914
G1 X102.755 Y110.756 E1279.79124
G1 X102.57 Y110.755 E1279.79767
G1 X101.905 Y113.24 E1279.88708
G1 X99.952 Y113.24 E1279.95496
G1 X100.618 Y110.755 E1280.04438
G1 X102.068 Y110.756 E1280.09478
G1 X96.305 Y112.3 E1280.30215
G1 X96.304 Y113.38 E1280.33968
G1 X96.721 Y113.24 E1280.35497
G1 X97.237 Y113.24 E1280.37291
G1 X96.303 Y112.306 E1280.41882
G1 X96.226 Y112.229
G1 F2400 E1279.91882
;MESH:Pin 5mm - AKM.STL(2)
G0 F15000 X96.615 Y104.12
;TYPE:WALL-OUTER
G1 F2400 E1280.41882
G1 F9000 X96.748 Y104.076 E1280.42368
G1 X125.396 Y104.076 E1281.4194
G1 F9145.5 X126.248 Y104.083 E1281.44854
G1 F9274 X127.051 Y104.082 E1281.47563
G1 F9145.5 X127.395 Y104.077 E1281.48739
G1 F9020.5 X128.528 Y104.076 E1281.52668
G1 F9000 X128.528 Y99.92 E1281.67113
G1 F9020.5 X127.429 Y99.92 E1281.70924
G1 F9166.7 X126.948 Y99.913 E1281.72566
G1 F9274 X126.174 Y99.914 E1281.75177
G1 F9124.4 X125.396 Y99.92 E1281.77844
G1 F9000 X96.748 Y99.92 E1282.77415
G1 X96.615 Y99.876 E1282.77902
G1 X96.531 Y99.738 E1282.78464
G1 X96.528 Y98.58 E1282.82489
G1 X95.468 Y98.58 E1282.86173
G1 X95.468 Y105.416 E1283.09933
G1 X96.528 Y105.416 E1283.13617
G1 X96.528 Y104.296 E1283.1751
G1 X96.615 Y104.12 E1283.18192
G1 F2400 E1282.68192
G0 F15000 X126.248 Y103.657
G1 F2400 E1283.18192
G1 F9145.5 X126.028 Y103.444 E1283.19239
G1 F9000 X126.028 Y100.552 E1283.29291
G1 F9124.4 X126.211 Y100.34 E1283.30251
G1 F9209.3 X127 Y100.342 E1283.32931
G1 F9103.4 X127.261 Y100.421 E1283.33868
G1 F9020.5 X127.569 Y100.677 E1283.35257
G1 F9000 X127.72 Y101.038 E1283.36617
G1 X127.71 Y102.962 E1283.43304
G1 X127.601 Y103.274 E1283.44453
G1 X127.445 Y103.457 E1283.45289
G1 F9020.5 X127.248 Y103.584 E1283.46102
G1 F9145.5 X126.985 Y103.656 E1283.47034
G1 F9274 X126.248 Y103.657 E1283.4952
G1 F2400 E1282.9952
G0 F15000 X128.018 Y103.566
;TYPE:WALL-INNER
G1 F2400 E1283.4952
G1 F8717 X128.068 Y103.356 E1283.50424
G1 F10669.7 X128.116 Y103.052 E1283.51477
G1 F12031.2 X128.117 Y102.549 E1283.53003
G1 F12190 X128.119 Y102.046 E1283.54508
G1 F12320 X128.121 Y101.543 E1283.55998
G1 F12486.5 X128.123 Y101.04 E1283.57469
G1 F11492.5 X128.09 Y100.746 E1283.58408
G1 F9221.6 X128.025 Y100.465 E1283.59549
G1 F8048.8 X128.017 Y100.431 E1283.59708
G1 F2400 E1283.09708
G0 F15000 X96.748 Y103.636
G1 F2400 E1283.59708
G1 F10500 X125.78 Y103.636 E1284.60614
G1 X125.588 Y103.444 E1284.61558
G1 X125.588 Y100.552 E1284.71609
G1 X125.749 Y100.36 E1284.7248
G1 X96.748 Y100.36 E1285.73279
G1 X96.351 Y100.228 E1285.74733
G1 F8619.4 X96.003 Y99.83 E1285.76971
G1 X95.908 Y100.45 E1285.79627
G1 F10500 X95.908 Y103.546 E1285.90388
G1 F8717 X95.998 Y104.296 E1285.9355
G1 X96.351 Y103.768 E1285.96209
G1 F10500 X96.748 Y103.636 E1285.97663
G1 F2400 E1285.47663
G0 F15000 X95.998 Y104.296
G1 F2400 E1285.97663
G1 F7451.6 X95.998 Y104.886 E1286.00553
G1 F2400 E1285.50553
G0 F15000 X96.003 Y99.83
G1 F2400 E1286.00553
G1 F7380.2 X95.998 Y99.11 E1286.04113
G1 F2400 E1285.54113
G0 F15000 X96.303 Y100.617
;TYPE:FILL
G1 F2400 E1286.04113
G1 F15000 X96.304 Y102.283 E1286.09904
G1 X96.713 Y100.754 E1286.15405
G1 X97.42 Y100.756 E1286.17862
G1 X99.904 Y103.24 E1286.30072
G1 X98 Y103.241 E1286.3669
G1 X98.665 Y100.756 E1286.45631
G1 X100.087 Y100.756 E1286.50573
G1 X102.571 Y103.24 E1286.62783
G1 X103.857 Y103.24 E1286.67253
G1 X104.523 Y100.756 E1286.76191
G1 X105.422 Y100.756 E1286.79316
G1 X107.906 Y103.24 E1286.91526
G1 X109.715 Y103.24 E1286.97813
G1 X110.381 Y100.756 E1287.06752
G1 X110.756 Y100.756 E1287.08055
G1 X113.24 Y103.24 E1287.20265
G1 X114.659 Y103.24 E1287.25197
G1 X123.929 Y100.756 E1287.58553
G1 X122.096 Y100.756 E1287.64924
G1 X121.43 Y103.24 E1287.73862
G1 X121.947 Y103.24 E1287.75659
G1 X125.192 Y102.37 E1287.87336
G1 X125.192 Y101.856 E1287.89123
G1 X124.092 Y100.756 E1287.9453
G1 X124.048 Y100.756 E1287.94683
G1 X123.592 Y102.46 E1288.00814
G1 X123.802 Y103.24 E1288.03621
G1 X123.41 Y103.241 E1288.04984
G1 X123.226 Y102.557 E1288.07445
G1 X121.425 Y100.756 E1288.16298
G1 X120.143 Y100.756 E1288.20754
G1 X119.477 Y103.241 E1288.29696
G1 X121.242 Y103.24 E1288.3583
G1 X118.758 Y100.756 E1288.4804
G1 X118.191 Y100.756 E1288.50011
G1 X117.525 Y103.241 E1288.58953
G1 X118.575 Y103.24 E1288.62602
G1 X116.091 Y100.756 E1288.74812
G1 X114.286 Y100.755 E1288.81086
G1 X113.62 Y103.241 E1288.90031
G1 X113.592 Y103.347
G1 F2400 E1288.40031
G0 F15000 X100.086 Y103.24
G1 F2400 E1288.90031
G1 F15000 X108.357 Y100.755 E1289.20048
G1 X108.428 Y100.755 E1289.20294
G1 X107.417 Y103.227 E1289.29577
G1 X116.056 Y100.756 E1289.60808
G1 X116.238 Y100.756 E1289.6144
G1 X115.912 Y103.24 E1289.70148
G1 X113.423 Y100.756 E1289.8237
G1 X112.333 Y100.756 E1289.86158
G1 X111.667 Y103.24 E1289.95097
G1 X110.573 Y103.24 E1289.98899
G1 X108.089 Y100.756 E1290.11109
G1 X106.476 Y100.755 E1290.16715
G1 X105.81 Y103.24 E1290.25657
G1 X105.239 Y103.24 E1290.27642
G1 X102.755 Y100.756 E1290.39852
G1 X102.571 Y100.755 E1290.40491
G1 X101.905 Y103.241 E1290.49436
G1 X99.952 Y103.24 E1290.56224
G1 X100.618 Y100.755 E1290.65166
G1 X102.067 Y100.756 E1290.70203
G1 X96.305 Y102.3 E1290.90936
G1 X96.304 Y103.38 E1290.9469
G1 X96.721 Y103.24 E1290.96219
G1 X97.237 Y103.24 E1290.98012
G1 X96.304 Y102.307 E1291.02598
G1 X96.227 Y102.23
G1 F2400 E1290.52598
;MESH:Pin 5mm - AKM.STL(5)
G0 F15000 X136.615 Y94.12
;TYPE:WALL-OUTER
G1 F2400 E1291.02598
G1 F9000 X136.748 Y94.076 E1291.03085
G1 X165.396 Y94.076 E1292.02656
G1 F9145.5 X166.248 Y94.083 E1292.05571
G1 F9274 X167.051 Y94.082 E1292.08279
G1 F9145.5 X167.395 Y94.077 E1292.09456
G1 F9020.5 X168.528 Y94.076 E1292.13385
G1 F9000 X168.528 Y89.92 E1292.2783
G1 F9020.5 X167.429 Y89.92 E1292.31641
G1 F9166.7 X166.948 Y89.913 E1292.33283
G1 F9274 X166.174 Y89.914 E1292.35893
G1 F9124.4 X165.396 Y89.92 E1292.38561
G1 F9000 X136.748 Y89.92 E1293.38132
G1 X136.615 Y89.876 E1293.38619
G1 X136.531 Y89.738 E1293.3918
G1 X136.528 Y88.58 E1293.43205
G1 X135.468 Y88.58 E1293.46889
G1 X135.468 Y95.416 E1293.70649
G1 X136.528 Y95.416 E1293.74333
G1 X136.528 Y94.296 E1293.78226
G1 X136.615 Y94.12 E1293.78909
G1 F2400 E1293.28909
G0 F15000 X166.248 Y93.657
G1 F2400 E1293.78909
G1 F9145.5 X166.028 Y93.444 E1293.79956
G1 F9000 X166.028 Y90.552 E1293.90008
G1 F9124.4 X166.211 Y90.34 E1293.90968
G1 F9209.3 X167 Y90.342 E1293.93648
G1 F9103.4 X167.261 Y90.421 E1293.94585
G1 F9020.5 X167.569 Y90.677 E1293.95974
G1 F9000 X167.72 Y91.038 E1293.97334
G1 X167.71 Y92.962 E1294.04021
G1 X167.601 Y93.274 E1294.0517
G1 X167.445 Y93.457 E1294.06005
G1 F9020.5 X167.248 Y93.584 E1294.06818
G1 F9145.5 X166.985 Y93.656 E1294.07751
G1 F9274 X166.248 Y93.657 E1294.10237
G1 F2400 E1293.60237
G0 F15000 X168.018 Y93.566
;TYPE:WALL-INNER
G1 F2400 E1294.10237
G1 F8717 X168.068 Y93.356 E1294.11141
G1 F10669.7 X168.116 Y93.052 E1294.12193
G1 F12031.2 X168.117 Y92.549 E1294.13719
G1 F12190 X168.119 Y92.046 E1294.15225
G1 F12320 X168.121 Y91.543 E1294.16715
G1 F12486.5 X168.123 Y91.04 E1294.18185
G1 F11492.5 X168.09 Y90.746 E1294.19125
G1 F9221.6 X168.025 Y90.465 E1294.20266
G1 F8048.8 X168.017 Y90.431 E1294.20424
G1 F2400 E1293.70424
G0 F15000 X136.748 Y93.636
G1 F2400 E1294.20424
G1 F10500 X165.78 Y93.636 E1295.2133
G1 X165.588 Y93.444 E1295.22274
G1 X165.588 Y90.552 E1295.32326
G1 X165.749 Y90.36 E1295.33197
G1 X136.748 Y90.36 E1296.33995
G1 X136.351 Y90.228 E1296.35449
G1 F8619.4 X136.003 Y89.83 E1296.37688
G1 X135.908 Y90.45 E1296.40343
G1 F10500 X135.908 Y93.546 E1296.51104
G1 F8717 X135.998 Y94.296 E1296.54267
G1 X136.351 Y93.768 E1296.56926
G1 F10500 X136.748 Y93.636 E1296.5838
G1 F2400 E1296.0838
G0 F15000 X135.998 Y94.296
G1 F2400 E1296.5838
G1 F7451.6 X135.998 Y94.886 E1296.61269
G1 F2400 E1296.11269
G0 F15000 X136.003 Y89.83
G1 F2400 E1296.61269
G1 F7380.2 X135.998 Y89.11 E1296.6483
G1 F2400 E1296.1483
G0 F15000 X136.303 Y90.617
;TYPE:FILL
G1 F2400 E1296.6483
G1 F15000 X136.304 Y92.283 E1296.7062
G1 X136.713 Y90.754 E1296.76121
G1 X137.42 Y90.756 E1296.78579
G1 X139.903 Y93.24 E1296.90786
G1 X138 Y93.241 E1296.974
G1 X138.666 Y90.756 E1297.06342
G1 X140.087 Y90.756 E1297.11281
G1 X142.57 Y93.24 E1297.23488
G1 X143.858 Y93.24 E1297.27965
G1 X144.523 Y90.756 E1297.36903
G1 X145.421 Y90.756 E1297.40024
G1 X147.905 Y93.24 E1297.52234
G1 X149.715 Y93.24 E1297.58525
G1 X150.381 Y90.756 E1297.67463
G1 X150.756 Y90.756 E1297.68767
G1 X153.239 Y93.24 E1297.80974
G1 X154.655 Y93.24 E1297.85895
G1 X163.929 Y90.755 E1298.19266
G1 X162.096 Y90.756 E1298.25637
G1 X161.43 Y93.24 E1298.34575
G1 X161.942 Y93.24 E1298.36355
G1 X165.192 Y92.37 E1298.48049
G1 X165.192 Y91.857 E1298.49832
G1 X164.092 Y90.756 E1298.55241
G1 X164.048 Y90.756 E1298.55394
G1 X163.592 Y92.458 E1298.61518
G1 X163.802 Y93.24 E1298.64333
G1 X163.408 Y93.241 E1298.65702
G1 X163.224 Y92.556 E1298.68167
G1 X161.425 Y90.756 E1298.77012
G1 X160.143 Y90.756 E1298.81468
G1 X159.478 Y93.241 E1298.90409
G1 X161.241 Y93.24 E1298.96537
G1 X158.757 Y90.756 E1299.08747
G1 X158.191 Y90.756 E1299.10714
G1 X157.525 Y93.241 E1299.19656
G1 X158.574 Y93.24 E1299.23302
G1 X156.09 Y90.756 E1299.35512
G1 X154.286 Y90.756 E1299.41782
G1 X153.62 Y93.241 E1299.50724
G1 X153.592 Y93.347
G1 F2400 E1299.00724
G0 F15000 X140.082 Y93.24
G1 F2400 E1299.50724
G1 F15000 X148.356 Y90.755 E1299.8075
G1 X148.428 Y90.755 E1299.81001
G1 X147.415 Y93.227 E1299.90286
G1 X156.056 Y90.756 E1300.21523
G1 X156.238 Y90.756 E1300.22156
G1 X155.911 Y93.24 E1300.30864
G1 X153.423 Y90.756 E1300.43083
G1 X152.333 Y90.756 E1300.46872
G1 X151.668 Y93.241 E1300.55813
G1 X150.572 Y93.24 E1300.59622
G1 X148.089 Y90.756 E1300.7183
G1 X146.476 Y90.755 E1300.77436
G1 X145.81 Y93.24 E1300.86378
G1 X145.238 Y93.24 E1300.88366
G1 X142.754 Y90.756 E1301.00576
G1 X142.571 Y90.755 E1301.01212
G1 X141.905 Y93.241 E1301.10157
G1 X139.952 Y93.24 E1301.16945
G1 X140.618 Y90.755 E1301.25887
G1 X142.067 Y90.756 E1301.30923
G1 X136.304 Y92.3 E1301.5166
G1 X136.304 Y93.38 E1301.55414
G1 X136.721 Y93.24 E1301.56942
G1 X137.236 Y93.24 E1301.58732
G1 X136.303 Y92.307 E1301.63318
G1 X136.226 Y92.23
G1 F2400 E1301.13318
;MESH:Pin 5mm - AKM.STL(3)
G0 F15000 X136.615 Y104.12
;TYPE:WALL-OUTER
G1 F2400 E1301.63318
G1 F9000 X136.748 Y104.076 E1301.63805
G1 X165.396 Y104.076 E1302.63377
G1 F9145.5 X166.248 Y104.083 E1302.66291
G1 F9274 X167.051 Y104.082 E1302.69
G1 F9145.5 X167.395 Y104.077 E1302.70176
G1 F9020.5 X168.528 Y104.076 E1302.74105
G1 F9000 X168.528 Y99.92 E1302.8855
G1 F9020.5 X167.429 Y99.92 E1302.92361
G1 F9166.7 X166.948 Y99.913 E1302.94003
G1 F9274 X166.174 Y99.914 E1302.96614
G1 F9124.4 X165.396 Y99.92 E1302.99281
G1 F9000 X136.748 Y99.92 E1303.98852
G1 X136.615 Y99.876 E1303.99339
G1 X136.531 Y99.738 E1303.99901
G1 X136.528 Y98.58 E1304.03926
G1 X135.468 Y98.58 E1304.0761
G1 X135.468 Y105.416 E1304.3137
G1 X136.528 Y105.416 E1304.35054
G1 X136.528 Y104.296 E1304.38947
G1 X136.615 Y104.12 E1304.39629
G1 F2400 E1303.89629
G0 F15000 X166.248 Y103.657
G1 F2400 E1304.39629
G1 F9145.5 X166.028 Y103.444 E1304.40676
G1 F9000 X166.028 Y100.552 E1304.50728
G1 F9124.4 X166.211 Y100.34 E1304.51688
G1 F9209.3 X167 Y100.342 E1304.54368
G1 F9103.4 X167.261 Y100.421 E1304.55305
G1 F9020.5 X167.569 Y100.677 E1304.56694
G1 F9000 X167.72 Y101.038 E1304.58054
G1 X167.71 Y102.962 E1304.64741
G1 X167.601 Y103.274 E1304.6589
G1 X167.445 Y103.457 E1304.66726
G1 F9020.5 X167.248 Y103.584 E1304.67539
G1 F9145.5 X166.985 Y103.656 E1304.68471
G1 F9274 X166.248 Y103.657 E1304.70957
G1 F2400 E1304.20957
G0 F15000 X168.018 Y103.566
;TYPE:WALL-INNER
G1 F2400 E1304.70957
G1 F8717 X168.068 Y103.356 E1304.71861
G1 F10669.7 X168.116 Y103.052 E1304.72914
G1 F12031.2 X168.117 Y102.549 E1304.74439
G1 F12190 X168.119 Y102.046 E1304.75945
G1 F12320 X168.121 Y101.543 E1304.77435
G1 F12486.5 X168.123 Y101.04 E1304.78905
G1 F11492.5 X168.09 Y100.746 E1304.79845
G1 F9221.6 X168.025 Y100.465 E1304.80986
G1 F8048.8 X168.017 Y100.431 E1304.81145
G1 F2400 E1304.31145
G0 F15000 X136.748 Y103.636
G1 F2400 E1304.81145
G1 F10500 X165.78 Y103.636 E1305.82051
G1 X165.588 Y103.444 E1305.82995
G1 X165.588 Y100.552 E1305.93046
G1 X165.749 Y100.36 E1305.93917
G1 X136.748 Y100.36 E1306.94715
G1 X136.351 Y100.228 E1306.9617
G1 F8619.4 X136.003 Y99.83 E1306.98408
G1 X135.908 Y100.45 E1307.01064
G1 F10500 X135.908 Y103.546 E1307.11824
G1 F8717 X135.998 Y104.296 E1307.14987
G1 X136.351 Y103.768 E1307.17646
G1 F10500 X136.748 Y103.636 E1307.191
G1 F2400 E1306.691
G0 F15000 X135.998 Y104.296
G1 F2400 E1307.191
G1 F7451.6 X135.998 Y104.886 E1307.2199
G1 F2400 E1306.7199
G0 F15000 X136.003 Y99.83
G1 F2400 E1307.2199
G1 F7380.2 X135.998 Y99.11 E1307.2555
G1 F2400 E1306.7555
G0 F15000 X136.303 Y100.617
;TYPE:FILL
G1 F2400 E1307.2555
G1 F15000 X136.304 Y102.283 E1307.31341
G1 X136.713 Y100.754 E1307.36842
G1 X137.42 Y100.756 E1307.39299
G1 X139.903 Y103.24 E1307.51506
G1 X138 Y103.241 E1307.58121
G1 X138.665 Y100.755 E1307.67065
G1 X140.087 Y100.756 E1307.72007
G1 X142.57 Y103.24 E1307.84215
G1 X143.857 Y103.24 E1307.88688
G1 X144.523 Y100.755 E1307.9763
G1 X145.421 Y100.756 E1308.00751
G1 X147.905 Y103.24 E1308.12961
G1 X149.715 Y103.24 E1308.19252
G1 X150.381 Y100.756 E1308.2819
G1 X150.756 Y100.756 E1308.29494
G1 X153.239 Y103.24 E1308.41701
G1 X154.655 Y103.24 E1308.46623
G1 X163.925 Y100.756 E1308.79979
G1 X162.096 Y100.756 E1308.86336
G1 X161.43 Y103.24 E1308.95274
G1 X161.943 Y103.24 E1308.97057
G1 X165.192 Y102.369 E1309.08749
G1 X165.192 Y101.857 E1309.10528
G1 X164.092 Y100.756 E1309.15938
G1 X164.048 Y100.756 E1309.1609
G1 X163.592 Y102.46 E1309.22221
G1 X163.801 Y103.24 E1309.25028
G1 X163.409 Y103.24 E1309.26391
G1 X163.226 Y102.558 E1309.28845
G1 X161.425 Y100.756 E1309.377
G1 X160.143 Y100.755 E1309.42156
G1 X159.477 Y103.241 E1309.51101
G1 X161.241 Y103.24 E1309.57232
G1 X158.757 Y100.756 E1309.69442
G1 X158.191 Y100.756 E1309.71409
G1 X157.525 Y103.24 E1309.80348
G1 X158.574 Y103.24 E1309.83994
G1 X156.09 Y100.756 E1309.96203
G1 X154.286 Y100.755 E1310.02473
G1 X153.62 Y103.241 E1310.11419
G1 X153.592 Y103.347
G1 F2400 E1309.61419
G0 F15000 X140.082 Y103.24
G1 F2400 E1310.11419
G1 F15000 X148.356 Y100.755 E1310.41446
G1 X148.428 Y100.755 E1310.41696
G1 X147.417 Y103.226 E1310.50975
G1 X156.055 Y100.756 E1310.82201
G1 X156.238 Y100.756 E1310.82838
G1 X155.911 Y103.24 E1310.91546
G1 X153.423 Y100.756 E1311.03765
G1 X152.333 Y100.756 E1311.07554
G1 X151.667 Y103.24 E1311.16492
G1 X150.572 Y103.24 E1311.20298
G1 X148.089 Y100.756 E1311.32505
G1 X146.476 Y100.755 E1311.38112
G1 X145.81 Y103.24 E1311.47054
G1 X145.238 Y103.24 E1311.49042
G1 X142.754 Y100.756 E1311.61251
G1 X142.571 Y100.755 E1311.61887
G1 X141.905 Y103.24 E1311.70829
G1 X139.952 Y103.24 E1311.77617
G1 X140.618 Y100.755 E1311.86559
G1 X142.066 Y100.756 E1311.91592
G1 X136.305 Y102.3 E1312.12322
G1 X136.304 Y103.38 E1312.16076
G1 X136.721 Y103.24 E1312.17605
G1 X137.236 Y103.24 E1312.19395
G1 X136.303 Y102.307 E1312.23981
G1 X136.226 Y102.23
G1 F2400 E1311.73981
;MESH:Pin 5mm - AKM.STL(1)
G0 F15000 X136.615 Y114.12
;TYPE:WALL-OUTER
G1 F2400 E1312.23981
G1 F9000 X136.748 Y114.076 E1312.24468
G1 X165.396 Y114.076 E1313.24039
G1 F9145.5 X166.248 Y114.083 E1313.26953
G1 F9274 X167.051 Y114.082 E1313.29662
G1 F9145.5 X167.395 Y114.077 E1313.30839
G1 F9020.5 X168.528 Y114.076 E1313.34768
G1 F9000 X168.528 Y109.92 E1313.49213
G1 F9020.5 X167.429 Y109.92 E1313.53024
G1 F9166.7 X166.948 Y109.913 E1313.54665
G1 F9274 X166.174 Y109.914 E1313.57276
G1 F9124.4 X165.396 Y109.92 E1313.59943
G1 F9000 X136.748 Y109.92 E1314.59515
G1 X136.615 Y109.876 E1314.60001
G1 X136.531 Y109.738 E1314.60563
G1 X136.528 Y108.58 E1314.64588
G1 X135.468 Y108.58 E1314.68272
G1 X135.468 Y115.416 E1314.92032
G1 X136.528 Y115.416 E1314.95716
G1 X136.528 Y114.296 E1314.99609
G1 X136.615 Y114.12 E1315.00291
G1 F2400 E1314.50291
G0 F15000 X166.248 Y113.657
G1 F2400 E1315.00291
G1 F9145.5 X166.028 Y113.444 E1315.01339
G1 F9000 X166.028 Y110.552 E1315.1139
G1 F9124.4 X166.211 Y110.34 E1315.1235
G1 F9209.3 X167 Y110.342 E1315.1503
G1 F9103.4 X167.261 Y110.421 E1315.15967
G1 F9020.5 X167.569 Y110.677 E1315.17356
G1 F9000 X167.72 Y111.038 E1315.18716
G1 X167.71 Y112.962 E1315.25404
G1 X167.601 Y113.274 E1315.26552
G1 X167.445 Y113.457 E1315.27388
G1 F9020.5 X167.248 Y113.584 E1315.28201
G1 F9145.5 X166.985 Y113.656 E1315.29134
G1 F9274 X166.248 Y113.657 E1315.31619
G1 F2400 E1314.81619
G0 F15000 X168.018 Y113.566
;TYPE:WALL-INNER
G1 F2400 E1315.31619
G1 F8717 X168.068 Y113.356 E1315.32523
G1 F10669.7 X168.116 Y113.052 E1315.33576
G1 F12031.2 X168.117 Y112.549 E1315.35102
G1 F12190 X168.119 Y112.046 E1315.36608
G1 F12320 X168.121 Y111.543 E1315.38098
G1 F12486.5 X168.123 Y111.04 E1315.39568
G1 F11492.5 X168.09 Y110.746 E1315.40507
G1 F9221.6 X168.025 Y110.465 E1315.41649
G1 F8048.8 X168.017 Y110.431 E1315.41807
G1 F2400 E1314.91807
G0 F15000 X136.748 Y113.636
G1 F2400 E1315.41807
G1 F10500 X165.78 Y113.636 E1316.42713
G1 X165.588 Y113.444 E1316.43657
G1 X165.588 Y110.552 E1316.53709
G1 X165.749 Y110.36 E1316.54579
G1 X136.748 Y110.36 E1317.55378
G1 X136.351 Y110.228 E1317.56832
G1 F8619.4 X136.003 Y109.83 E1317.5907
G1 X135.908 Y110.45 E1317.61726
G1 F10500 X135.908 Y113.546 E1317.72487
G1 F8717 X135.998 Y114.296 E1317.75649
G1 X136.351 Y113.768 E1317.78308
G1 F10500 X136.748 Y113.636 E1317.79762
G1 F2400 E1317.29762
G0 F15000 X135.998 Y114.296
G1 F2400 E1317.79762
G1 F7451.6 X135.998 Y114.886 E1317.82652
G1 F2400 E1317.32652
G0 F15000 X136.003 Y109.83
G1 F2400 E1317.82652
G1 F7380.2 X135.998 Y109.11 E1317.86212
G1 F2400 E1317.36212
G0 F15000 X136.303 Y110.617
;TYPE:FILL
G1 F2400 E1317.86212
G1 F15000 X136.303 Y112.284 E1317.92006
G1 X136.713 Y110.755 E1317.97508
G1 X137.42 Y110.756 E1317.99966
G1 X139.903 Y113.24 E1318.12173
G1 X137.999 Y113.24 E1318.18791
G1 X138.665 Y110.756 E1318.27729
G1 X140.087 Y110.756 E1318.32672
G1 X142.57 Y113.24 E1318.44879
G1 X143.857 Y113.241 E1318.49352
G1 X144.523 Y110.756 E1318.58294
G1 X145.421 Y110.756 E1318.61415
G1 X147.905 Y113.24 E1318.73625
G1 X149.715 Y113.241 E1318.79916
G1 X150.381 Y110.755 E1318.88861
G1 X150.756 Y110.756 E1318.90165
G1 X153.239 Y113.24 E1319.02372
G1 X154.659 Y113.24 E1319.07307
G1 X163.929 Y110.756 E1319.40664
G1 X162.096 Y110.755 E1319.47035
G1 X161.43 Y113.241 E1319.5598
G1 X161.947 Y113.24 E1319.57777
G1 X165.191 Y112.37 E1319.6945
G1 X165.192 Y111.857 E1319.71233
G1 X164.092 Y110.756 E1319.76643
G1 X164.048 Y110.756 E1319.76796
G1 X163.591 Y112.46 E1319.82928
G1 X163.801 Y113.24 E1319.85735
G1 X163.409 Y113.241 E1319.87098
G1 X163.225 Y112.556 E1319.89563
G1 X161.425 Y110.756 E1319.9841
G1 X160.143 Y110.755 E1320.02866
G1 X159.477 Y113.24 E1320.11808
G1 X161.241 Y113.24 E1320.17939
G1 X158.757 Y110.756 E1320.30149
G1 X158.191 Y110.756 E1320.32116
G1 X157.525 Y113.241 E1320.41058
G1 X158.574 Y113.24 E1320.44704
G1 X156.09 Y110.756 E1320.56914
G1 X154.285 Y110.756 E1320.63188
G1 X153.62 Y113.24 E1320.72125
G1 X153.592 Y113.346
G1 F2400 E1320.22125
G0 F15000 X140.086 Y113.24
G1 F2400 E1320.72125
G1 F15000 X148.356 Y110.756 E1321.02138
G1 X148.428 Y110.756 E1321.02388
G1 X147.417 Y113.227 E1321.11667
G1 X156.056 Y110.755 E1321.42899
G1 X156.238 Y110.755 E1321.43532
G1 X155.91 Y113.24 E1321.52244
G1 X153.423 Y110.756 E1321.64461
G1 X152.333 Y110.756 E1321.68249
G1 X151.667 Y113.241 E1321.77191
G1 X150.572 Y113.24 E1321.80997
G1 X148.089 Y110.756 E1321.93204
G1 X146.475 Y110.756 E1321.98814
G1 X145.81 Y113.24 E1322.07752
G1 X145.238 Y113.24 E1322.0974
G1 X142.754 Y110.756 E1322.21949
G1 X142.57 Y110.756 E1322.22589
G1 X141.905 Y113.24 E1322.31527
G1 X139.952 Y113.24 E1322.38315
G1 X140.618 Y110.755 E1322.47256
G1 X142.068 Y110.756 E1322.52296
G1 X136.305 Y112.3 E1322.73033
G1 X136.304 Y113.38 E1322.76787
G1 X136.721 Y113.24 E1322.78316
G1 X137.236 Y113.24 E1322.80106
G1 X136.303 Y112.307 E1322.84692
G1 X136.226 Y112.23
G1 F2400 E1322.34692
;MESH:Pin 5mm - AKM.STL(7)
G0 F15000 X136.615 Y124.12
;TYPE:WALL-OUTER
G1 F2400 E1322.84692
G1 F9000 X136.748 Y124.076 E1322.85179
G1 X165.396 Y124.076 E1323.8475
G1 F9145.5 X166.248 Y124.083 E1323.87664
G1 F9274 X167.051 Y124.082 E1323.90373
G1 F9145.5 X167.395 Y124.077 E1323.91549
G1 F9020.5 X168.528 Y124.076 E1323.95478
G1 F9000 X168.528 Y119.92 E1324.09923
G1 F9020.5 X167.429 Y119.92 E1324.13734
G1 F9166.7 X166.948 Y119.913 E1324.15376
G1 F9274 X166.174 Y119.914 E1324.17987
G1 F9124.4 X165.396 Y119.92 E1324.20654
G1 F9000 X136.748 Y119.92 E1325.20225
G1 X136.615 Y119.876 E1325.20712
G1 X136.531 Y119.738 E1325.21274
G1 X136.528 Y118.58 E1325.25299
G1 X135.468 Y118.58 E1325.28983
G1 X135.468 Y125.416 E1325.52743
G1 X136.528 Y125.416 E1325.56427
G1 X136.528 Y124.296 E1325.6032
G1 X136.615 Y124.12 E1325.61002
G1 F2400 E1325.11002
G0 F15000 X166.248 Y123.657
G1 F2400 E1325.61002
G1 F9145.5 X166.028 Y123.444 E1325.62049
G1 F9000 X166.028 Y120.552 E1325.72101
G1 F9124.4 X166.211 Y120.34 E1325.73061
G1 F9209.3 X167 Y120.342 E1325.75741
G1 F9103.4 X167.261 Y120.421 E1325.76678
G1 F9020.5 X167.569 Y120.677 E1325.78067
G1 F9000 X167.72 Y121.038 E1325.79427
G1 X167.71 Y122.962 E1325.86115
G1 X167.601 Y123.274 E1325.87263
G1 X167.445 Y123.457 E1325.88099
G1 F9020.5 X167.248 Y123.584 E1325.88912
G1 F9145.5 X166.985 Y123.656 E1325.89844
G1 F9274 X166.248 Y123.657 E1325.9233
G1 F2400 E1325.4233
G0 F15000 X168.018 Y123.566
;TYPE:WALL-INNER
G1 F2400 E1325.9233
G1 F8717 X168.068 Y123.356 E1325.93234
G1 F10669.7 X168.116 Y123.052 E1325.94287
G1 F12031.2 X168.117 Y122.549 E1325.95813
G1 F12190 X168.119 Y122.046 E1325.97318
G1 F12320 X168.121 Y121.543 E1325.98809
G1 F12486.5 X168.123 Y121.04 E1326.00279
G1 F11492.5 X168.09 Y120.746 E1326.01218
G1 F9221.6 X168.025 Y120.465 E1326.0236
G1 F8048.8 X168.017 Y120.431 E1326.02518
G1 F2400 E1325.52518
G0 F15000 X136.748 Y123.636
G1 F2400 E1326.02518
G1 F10500 X165.78 Y123.636 E1327.03424
G1 X165.588 Y123.444 E1327.04368
G1 X165.588 Y120.552 E1327.14419
G1 X165.749 Y120.36 E1327.1529
G1 X136.748 Y120.36 E1328.16089
G1 X136.351 Y120.228 E1328.17543
G1 F8619.4 X136.003 Y119.83 E1328.19781
G1 X135.908 Y120.45 E1328.22437
G1 F10500 X135.908 Y123.546 E1328.33198
G1 F8717 X135.998 Y124.296 E1328.3636
G1 X136.351 Y123.768 E1328.39019
G1 F10500 X136.748 Y123.636 E1328.40473
G1 F2400 E1327.90473
G0 F15000 X135.998 Y124.296
G1 F2400 E1328.40473
G1 F7451.6 X135.998 Y124.886 E1328.43363
G1 F2400 E1327.93363
G0 F15000 X136.003 Y119.83
G1 F2400 E1328.43363
G1 F7380.2 X135.998 Y119.11 E1328.46923
G1 F2400 E1327.96923
G0 F15000 X136.303 Y120.617
;TYPE:FILL
G1 F2400 E1328.46923
G1 F15000 X136.304 Y122.28 E1328.52703
G1 X136.713 Y120.754 E1328.58194
G1 X137.42 Y120.756 E1328.60652
G1 X139.903 Y123.24 E1328.72859
G1 X137.999 Y123.241 E1328.79477
G1 X138.665 Y120.756 E1328.88419
G1 X140.087 Y120.756 E1328.93361
G1 X142.57 Y123.24 E1329.05568
G1 X143.857 Y123.24 E1329.10042
G1 X144.523 Y120.756 E1329.1898
G1 X145.421 Y120.756 E1329.22101
G1 X147.905 Y123.24 E1329.34311
G1 X149.714 Y123.24 E1329.40599
G1 X150.38 Y120.756 E1329.49537
G1 X150.756 Y120.756 E1329.50844
G1 X153.239 Y123.24 E1329.63051
G1 X154.655 Y123.241 E1329.67973
G1 X163.929 Y120.756 E1330.01343
G1 X162.095 Y120.756 E1330.07718
G1 X161.43 Y123.24 E1330.16655
G1 X161.942 Y123.241 E1330.18435
G1 X165.191 Y122.37 E1330.30126
G1 X165.192 Y121.856 E1330.31913
G1 X164.092 Y120.756 E1330.3732
G1 X164.048 Y120.756 E1330.37473
G1 X163.591 Y122.46 E1330.43604
G1 X163.801 Y123.24 E1330.46412
G1 X163.409 Y123.241 E1330.47775
G1 X163.225 Y122.556 E1330.5024
G1 X161.425 Y120.756 E1330.59087
G1 X160.143 Y120.756 E1330.63543
G1 X159.477 Y123.241 E1330.72485
G1 X161.241 Y123.24 E1330.78616
G1 X158.757 Y120.756 E1330.90826
G1 X158.19 Y120.756 E1330.92797
G1 X157.524 Y123.241 E1331.01739
G1 X158.574 Y123.24 E1331.05388
G1 X156.09 Y120.756 E1331.17598
G1 X154.285 Y120.756 E1331.23871
G1 X153.619 Y123.241 E1331.32813
G1 X153.591 Y123.347
G1 F2400 E1330.82813
G0 F15000 X140.081 Y123.241
G1 F2400 E1331.32813
G1 F15000 X148.355 Y120.756 E1331.6284
G1 X148.428 Y120.756 E1331.63094
G1 X147.417 Y123.227 E1331.72373
G1 X156.055 Y120.756 E1332.03601
G1 X156.238 Y120.756 E1332.04237
G1 X155.91 Y123.24 E1332.12945
G1 X153.423 Y120.756 E1332.25162
G1 X152.333 Y120.756 E1332.28951
G1 X151.667 Y123.241 E1332.37893
G1 X150.572 Y123.24 E1332.41699
G1 X148.089 Y120.756 E1332.53906
G1 X146.475 Y120.755 E1332.59516
G1 X145.809 Y123.241 E1332.68461
G1 X145.238 Y123.24 E1332.70445
G1 X142.754 Y120.756 E1332.82655
G1 X142.57 Y120.756 E1332.83295
G1 X141.904 Y123.241 E1332.92237
G1 X139.952 Y123.24 E1332.99021
G1 X140.618 Y120.755 E1333.07963
G1 X142.067 Y120.756 E1333.12999
G1 X136.304 Y122.3 E1333.33736
G1 X136.304 Y123.38 E1333.3749
G1 X136.721 Y123.24 E1333.39019
G1 X137.236 Y123.24 E1333.40809
G1 X136.303 Y122.307 E1333.45395
G1 X136.226 Y122.23
G1 F2400 E1332.95395
;MESH:Pin 5mm - AKM.STL(6)
G0 F15000 X176.615 Y104.12
;TYPE:WALL-OUTER
G1 F2400 E1333.45395
G1 F9000 X176.748 Y104.076 E1333.45882
G1 X205.396 Y104.076 E1334.45453
G1 F9145.5 X206.248 Y104.083 E1334.48367
G1 F9274 X207.051 Y104.082 E1334.51076
G1 F9145.5 X207.395 Y104.077 E1334.52253
G1 F9020.5 X208.528 Y104.076 E1334.56182
G1 F9000 X208.528 Y99.92 E1334.70626
G1 F9020.5 X207.429 Y99.92 E1334.74438
G1 F9166.7 X206.948 Y99.913 E1334.76079
G1 F9274 X206.174 Y99.914 E1334.7869
G1 F9124.4 X205.396 Y99.92 E1334.81357
G1 F9000 X176.748 Y99.92 E1335.80929
G1 X176.615 Y99.876 E1335.81415
G1 X176.531 Y99.738 E1335.81977
G1 X176.528 Y98.58 E1335.86002
G1 X175.468 Y98.58 E1335.89686
G1 X175.468 Y105.416 E1336.13446
G1 X176.528 Y105.416 E1336.1713
G1 X176.528 Y104.296 E1336.21023
G1 X176.615 Y104.12 E1336.21705
G1 F2400 E1335.71705
G0 F15000 X206.248 Y103.657
G1 F2400 E1336.21705
G1 F9145.5 X206.028 Y103.444 E1336.22753
G1 F9000 X206.028 Y100.552 E1336.32804
G1 F9124.4 X206.211 Y100.34 E1336.33764
G1 F9209.3 X207 Y100.342 E1336.36444
G1 F9103.4 X207.261 Y100.421 E1336.37381
G1 F9020.5 X207.569 Y100.677 E1336.3877
G1 F9000 X207.72 Y101.038 E1336.4013
G1 X207.71 Y102.962 E1336.46818
G1 X207.601 Y103.274 E1336.47966
G1 X207.445 Y103.457 E1336.48802
G1 F9020.5 X207.248 Y103.584 E1336.49615
G1 F9145.5 X206.985 Y103.656 E1336.50548
G1 F9274 X206.248 Y103.657 E1336.53033
G1 F2400 E1336.03033
G0 F15000 X208.018 Y103.566
;TYPE:WALL-INNER
G1 F2400 E1336.53033
G1 F8717 X208.068 Y103.356 E1336.53937
G1 F10669.7 X208.116 Y103.052 E1336.5499
G1 F12031.2 X208.117 Y102.549 E1336.56516
G1 F12190 X208.119 Y102.046 E1336.58022
G1 F12320 X208.121 Y101.543 E1336.59512
G1 F12486.5 X208.123 Y101.04 E1336.60982
G1 F11492.5 X208.09 Y100.746 E1336.61921
G1 F9221.6 X208.025 Y100.465 E1336.63063
G1 F8048.8 X208.017 Y100.431 E1336.63221
G1 F2400 E1336.13221
G0 F15000 X176.748 Y103.636
G1 F2400 E1336.63221
G1 F10500 X205.78 Y103.636 E1337.64127
G1 X205.588 Y103.444 E1337.65071
G1 X205.588 Y100.552 E1337.75122
G1 X205.749 Y100.36 E1337.75993
G1 X176.748 Y100.36 E1338.76792
G1 X176.351 Y100.228 E1338.78246
G1 F8619.4 X176.003 Y99.83 E1338.80484
G1 X175.908 Y100.45 E1338.8314
G1 F10500 X175.908 Y103.546 E1338.93901
G1 F8717 X175.998 Y104.296 E1338.97063
G1 X176.351 Y103.768 E1338.99722
G1 F10500 X176.748 Y103.636 E1339.01176
G1 F2400 E1338.51176
G0 F15000 X175.998 Y104.296
G1 F2400 E1339.01176
G1 F7451.6 X175.998 Y104.886 E1339.04066
G1 F2400 E1338.54066
G0 F15000 X176.003 Y99.83
G1 F2400 E1339.04066
G1 F7380.2 X175.998 Y99.11 E1339.07626
G1 F2400 E1338.57626
G0 F15000 X176.303 Y100.617
;TYPE:FILL
G1 F2400 E1339.07626
G1 F15000 X176.303 Y102.284 E1339.1342
G1 X176.713 Y100.755 E1339.18922
G1 X177.419 Y100.756 E1339.21376
G1 X179.903 Y103.24 E1339.33586
G1 X178 Y103.241 E1339.402
G1 X178.665 Y100.756 E1339.49141
G1 X180.087 Y100.756 E1339.54084
G1 X182.57 Y103.24 E1339.66291
G1 X183.857 Y103.241 E1339.70764
G1 X184.523 Y100.756 E1339.79706
G1 X185.421 Y100.756 E1339.82827
G1 X187.904 Y103.24 E1339.95035
G1 X189.715 Y103.241 E1340.01329
G1 X190.381 Y100.755 E1340.10274
G1 X190.755 Y100.756 E1340.11574
G1 X193.239 Y103.24 E1340.23784
G1 X194.655 Y103.24 E1340.28705
G1 X203.929 Y100.755 E1340.62076
G1 X202.096 Y100.755 E1340.68447
G1 X201.43 Y103.241 E1340.77392
G1 X201.943 Y103.24 E1340.79175
G1 X205.192 Y102.37 E1340.90866
G1 X205.192 Y101.857 E1340.92649
G1 X204.092 Y100.756 E1340.98058
G1 X204.048 Y100.756 E1340.98211
G1 X203.591 Y102.46 E1341.04343
G1 X203.801 Y103.24 E1341.0715
G1 X203.409 Y103.241 E1341.08513
G1 X203.225 Y102.557 E1341.10975
G1 X201.424 Y100.756 E1341.19827
G1 X200.143 Y100.755 E1341.2428
G1 X199.477 Y103.24 E1341.33222
G1 X201.24 Y103.24 E1341.39349
G1 X198.757 Y100.756 E1341.51556
G1 X198.191 Y100.756 E1341.53524
G1 X197.525 Y103.241 E1341.62466
G1 X198.573 Y103.24 E1341.66108
G1 X196.09 Y100.756 E1341.78315
G1 X194.286 Y100.756 E1341.84586
G1 X193.62 Y103.24 E1341.93524
G1 X193.592 Y103.346
G1 F2400 E1341.43524
G0 F15000 X180.082 Y103.24
G1 F2400 E1341.93524
G1 F15000 X188.356 Y100.756 E1342.2355
G1 X188.428 Y100.756 E1342.238
G1 X187.417 Y103.226 E1342.33076
G1 X196.055 Y100.755 E1342.64304
G1 X196.238 Y100.755 E1342.6494
G1 X195.91 Y103.24 E1342.73652
G1 X193.423 Y100.756 E1342.85869
G1 X192.333 Y100.756 E1342.89657
G1 X191.667 Y103.241 E1342.98599
G1 X190.572 Y103.24 E1343.02405
G1 X188.088 Y100.756 E1343.14615
G1 X186.476 Y100.756 E1343.20218
G1 X185.81 Y103.24 E1343.29156
G1 X185.237 Y103.24 E1343.31148
G1 X182.754 Y100.756 E1343.43355
G1 X182.57 Y100.756 E1343.43995
G1 X181.905 Y103.24 E1343.52932
G1 X179.952 Y103.24 E1343.5972
G1 X180.618 Y100.756 E1343.68659
G1 X182.067 Y100.756 E1343.73695
G1 X176.305 Y102.3 E1343.94428
G1 X176.304 Y103.38 E1343.98182
G1 X176.721 Y103.24 E1343.99711
G1 X177.236 Y103.24 E1344.01501
G1 X176.303 Y102.307 E1344.06087
G1 X176.226 Y102.23
G1 F2400 E1343.56087
;MESH:NONMESH
G0 F600 X176.226 Y102.23 Z3.2
G0 F15000 X56.615 Y114.032
;TIME_ELAPSED:559.842525
;LAYER:15
;TYPE:WALL-OUTER
;MESH:Pin 5mm - AKM.STL(4)
G1 F2400 E1344.06087
G1 F9000 X56.748 Y113.988 E1344.06574
G1 X85.484 Y113.988 E1345.06451
G1 F9635 X86.248 Y114.017 E1345.08933
G1 F10312.5 X87.014 Y114.016 E1345.11257
G1 F9974.8 X87.225 Y114.005 E1345.11919
G1 F9496.4 X87.375 Y113.995 E1345.12415
G1 F9145.5 X87.611 Y113.988 E1345.13222
G1 F9000 X88.528 Y113.988 E1345.16409
G1 X88.528 Y110.008 E1345.30243
G1 X87.655 Y110.008 E1345.33277
G1 F9145.5 X87.4 Y110.001 E1345.34149
G1 F9658.5 X87.081 Y109.985 E1345.35184
G1 F10179.9 X86.182 Y109.98 E1345.37946
G1 F9588.4 X85.484 Y110.008 E1345.40225
G1 F9000 X56.748 Y110.008 E1346.40103
G1 X56.615 Y109.964 E1346.4059
G1 X56.531 Y109.826 E1346.41151
G1 X56.528 Y108.636 E1346.45287
G1 X55.468 Y108.636 E1346.48971
G1 X55.468 Y115.364 E1346.72356
G1 X56.528 Y115.364 E1346.7604
G1 X56.528 Y114.208 E1346.80058
G1 X56.615 Y114.032 E1346.8074
G1 F2400 E1346.3074
G0 F15000 X86.248 Y113.635
G1 F2400 E1346.8074
G1 F9635 X86.028 Y113.444 E1346.81686
G1 F9000 X86.028 Y110.552 E1346.91738
G1 F9588.4 X86.215 Y110.362 E1346.92608
G1 F10179.9 X87.015 Y110.367 E1346.95066
G1 F9658.5 X87.321 Y110.459 E1346.96101
G1 F9145.5 X87.417 Y110.518 E1346.96486
G1 F9000 X87.619 Y110.763 E1346.9759
G1 X87.716 Y111.063 E1346.98686
G1 X87.71 Y112.962 E1347.05286
G1 X87.612 Y113.257 E1347.06366
G1 X87.447 Y113.451 E1347.07252
G1 F9339.6 X87.177 Y113.598 E1347.08281
G1 F9974.8 X86.981 Y113.634 E1347.08906
G1 F10312.5 X86.248 Y113.635 E1347.1113
G1 F2400 E1346.6113
G0 F15000 X88.038 Y113.498
;TYPE:WALL-INNER
G1 F2400 E1347.1113
G1 F9058.8 X88.068 Y113.356 E1347.11714
G1 F10645.2 X88.116 Y113.052 E1347.12769
G1 F11846.2 X88.119 Y112.034 E1347.15906
G1 F11785.7 X88.122 Y111.016 E1347.19058
G1 F10819.7 X88.077 Y110.692 E1347.20161
G1 F9166.7 X88.035 Y110.501 E1347.2094
G1 F2400 E1346.7094
G0 F15000 X56.748 Y113.548
G1 F2400 E1347.2094
G1 F10500 X85.692 Y113.548 E1348.2154
G1 X85.588 Y113.444 E1348.22051
G1 X85.588 Y110.552 E1348.32103
G1 X85.676 Y110.448 E1348.32576
G1 X56.748 Y110.448 E1349.33121
G1 X56.351 Y110.316 E1349.34575
G1 F8619.4 X56.003 Y109.918 E1349.36814
G1 X55.908 Y110.538 E1349.39469
G1 F10500 X55.908 Y113.458 E1349.49618
G1 F8717 X55.998 Y114.208 E1349.52781
G1 X56.351 Y113.68 E1349.5544
G1 F10500 X56.748 Y113.548 E1349.56894
G1 F2400 E1349.06894
G0 F15000 X55.998 Y114.208
G1 F2400 E1349.56894
G1 F7451.6 X55.998 Y114.834 E1349.5996
G1 F2400 E1349.0996
G0 F15000 X56.003 Y109.918
G1 F2400 E1349.5996
G1 F7380.2 X55.998 Y109.166 E1349.63679
G1 F2400 E1349.13679
G0 F15000 X56.303 Y111.76
;TYPE:FILL
G1 F2400 E1349.63679
G1 F15000 X56.303 Y112.239 E1349.65343
G1 X56.444 Y111.76 E1349.67079
G1 X58.32 Y111.76 E1349.73599
G1 X56.531 Y112.239 E1349.80036
G1 X58.268 Y112.239 E1349.86074
G1 X58.402 Y111.737 E1349.87879
G1 X58.903 Y112.239 E1349.90344
G1 X61.571 Y112.239 E1349.99618
G1 X61.092 Y111.76 E1350.01972
G1 X60.349 Y111.761 E1350.04554
G1 X60.22 Y112.24 E1350.06279
G1 X60.192 Y112.346
G1 F2400 E1349.56279
G0 F15000 X63.817 Y112.239
G1 F2400 E1350.06279
G1 F15000 X65.606 Y111.76 E1350.12716
G1 X64.254 Y111.76 E1350.17415
G1 X64.125 Y112.239 E1350.19139
G1 X62.173 Y112.239 E1350.25924
G1 X62.301 Y111.76 E1350.27647
G1 X63.759 Y111.76 E1350.32714
G1 X64.238 Y112.239 E1350.35069
G1 X66.078 Y112.24 E1350.41464
G1 X66.206 Y111.761 E1350.43187
G1 X66.426 Y111.76 E1350.43952
G1 X66.905 Y112.239 E1350.46306
G1 X69.572 Y112.239 E1350.55576
G1 X69.094 Y111.76 E1350.57928
G1 X68.159 Y111.76 E1350.61178
G1 X68.03 Y112.239 E1350.62902
G1 X68.002 Y112.345
G1 F2400 E1350.12902
G0 F15000 X71.104 Y112.239
G1 F2400 E1350.62902
G1 F15000 X72.891 Y111.76 E1350.69332
G1 X72.506 Y111.76 E1350.7067
G1 X71.935 Y112.24 E1350.73263
G1 X69.983 Y112.239 E1350.80048
G1 X70.111 Y111.76 E1350.81771
G1 X71.761 Y111.761 E1350.87506
G1 X72.239 Y112.239 E1350.89855
G1 X73.888 Y112.239 E1350.95587
G1 X74.016 Y111.761 E1350.97307
G1 X74.429 Y111.761 E1350.98742
G1 X74.907 Y112.239 E1351.01092
G1 X77.574 Y112.239 E1351.10361
G1 X77.096 Y111.761 E1351.12711
G1 X75.969 Y111.76 E1351.16628
G1 X75.84 Y112.239 E1351.18352
G1 X75.812 Y112.345
G1 F2400 E1350.68352
G0 F15000 X78.392 Y112.239
G1 F2400 E1351.18352
G1 F15000 X80.213 Y111.752 E1351.24904
G1 X79.746 Y112.239 E1351.27249
G1 X77.793 Y112.24 E1351.34037
G1 X77.921 Y111.761 E1351.3576
G1 X79.763 Y111.761 E1351.42162
G1 X80.241 Y112.239 E1351.44512
G1 X81.698 Y112.239 E1351.49576
G1 X81.826 Y111.76 E1351.51299
G1 X82.43 Y111.761 E1351.53399
G1 X82.908 Y112.239 E1351.55748
G1 X85.192 Y112.239 E1351.63687
G1 X85.192 Y111.856 E1351.65018
G1 X85.097 Y111.761 E1351.65485
G1 X83.779 Y111.761 E1351.70066
G1 X83.651 Y112.239 E1351.71786
G1 X83.623 Y112.345
G1 F2400 E1351.21786
G0 F15000 X56.756 Y111.377
;TYPE:SKIN
G1 F2400 E1351.71786
G1 F7888.4 X85.161 Y111.377 E1352.84424
G1 X85.161 Y110.875 E1352.86415
G1 X84.555 Y110.875 E1352.88818
G1 X83.949 Y110.875 E1352.91221
G1 X83.343 Y110.875 E1352.93624
G1 X82.737 Y110.875 E1352.96027
G1 F7872.8 X82.131 Y110.875 E1352.98435
G1 X81.525 Y110.875 E1353.00843
G1 X80.919 Y110.875 E1353.0325
G1 F7857.1 X80.313 Y110.874 E1353.05663
G1 X79.707 Y110.874 E1353.08076
G1 X79.101 Y110.874 E1353.10488
G1 X78.495 Y110.874 E1353.12901
G1 F7841.6 X77.889 Y110.874 E1353.15318
G1 X77.283 Y110.874 E1353.17736
G1 X76.677 Y110.874 E1353.20153
G1 F7826.1 X76.071 Y110.874 E1353.22575
G1 X75.465 Y110.873 E1353.24998
G1 X74.859 Y110.873 E1353.2742
G1 X74.253 Y110.873 E1353.29842
G1 F7810.7 X73.647 Y110.873 E1353.32269
G1 X73.041 Y110.873 E1353.34696
G1 X72.435 Y110.873 E1353.37123
G1 X71.829 Y110.873 E1353.3955
G1 F7795.3 X71.223 Y110.873 E1353.41982
G1 X70.617 Y110.872 E1353.44413
G1 X70.011 Y110.872 E1353.46845
G1 F7780 X69.405 Y110.872 E1353.49282
G1 X68.799 Y110.872 E1353.51718
G1 X68.193 Y110.872 E1353.54155
G1 X67.587 Y110.872 E1353.56592
G1 F7764.7 X66.981 Y110.872 E1353.59033
G1 X66.375 Y110.872 E1353.61474
G1 X65.769 Y110.871 E1353.63916
G1 X65.163 Y110.871 E1353.66357
G1 F7749.5 X64.557 Y110.871 E1353.68803
G1 X63.951 Y110.871 E1353.71249
G1 X63.345 Y110.871 E1353.73695
G1 F7734.4 X62.739 Y110.871 E1353.76146
G1 X62.133 Y110.871 E1353.78597
G1 X61.527 Y110.871 E1353.81048
G1 X60.921 Y110.87 E1353.83499
G1 F7719.3 X60.315 Y110.87 E1353.85955
G1 X59.709 Y110.87 E1353.8841
G1 X59.103 Y110.87 E1353.90866
G1 F7704.3 X58.497 Y110.87 E1353.93327
G1 X57.891 Y110.87 E1353.95787
G1 X57.285 Y110.87 E1353.98248
G1 X56.679 Y110.87 E1354.00708
G1 F7689.3 X56.337 Y110.754 E1354.02177
G1 X56.337 Y111.371 E1354.04687
G1 F7795.3 X56.756 Y111.377 E1354.06369
G1 F2400 E1353.56369
G0 F15000 X56.712 Y113.122
G1 F2400 E1354.06369
G1 F7826.1 X58.279 Y113.122 E1354.12632
G1 X59.846 Y113.122 E1354.18896
G1 X61.413 Y113.122 E1354.25159
G1 X62.98 Y113.122 E1354.31422
G1 F7841.6 X64.547 Y113.122 E1354.37673
G1 X66.114 Y113.122 E1354.43924
G1 X67.681 Y113.122 E1354.50175
G1 F7857.1 X69.248 Y113.122 E1354.56414
G1 X70.815 Y113.122 E1354.62653
G1 X72.382 Y113.122 E1354.68891
G1 X73.949 Y113.122 E1354.7513
G1 F7872.8 X75.516 Y113.122 E1354.81356
G1 X77.083 Y113.122 E1354.87582
G1 X78.65 Y113.122 E1354.93808
G1 F7888.4 X80.217 Y113.122 E1355.00022
G1 X81.784 Y113.122 E1355.06236
G1 X83.351 Y113.122 E1355.1245
G1 X84.918 Y113.121 E1355.18664
G1 X85.161 Y113.121 E1355.19627
G1 X85.161 Y112.619 E1355.21618
G1 X84.382 Y112.619 E1355.24707
G1 X83.603 Y112.619 E1355.27796
G1 X82.824 Y112.619 E1355.30885
G1 X82.045 Y112.619 E1355.33974
G1 F7872.8 X81.266 Y112.62 E1355.3707
G1 X80.487 Y112.62 E1355.40165
G1 X79.708 Y112.62 E1355.4326
G1 F7857.1 X78.929 Y112.62 E1355.46361
G1 X78.15 Y112.62 E1355.49463
G1 X77.371 Y112.621 E1355.52564
G1 X76.592 Y112.621 E1355.55666
G1 F7841.6 X75.813 Y112.621 E1355.58773
G1 X75.034 Y112.621 E1355.61881
G1 X74.255 Y112.622 E1355.64988
G1 X73.476 Y112.622 E1355.68096
G1 F7826.1 X72.697 Y112.622 E1355.71209
G1 X71.918 Y112.622 E1355.74323
G1 X71.139 Y112.622 E1355.77437
G1 F7810.7 X70.36 Y112.623 E1355.80557
G1 X69.581 Y112.623 E1355.83676
G1 X68.802 Y112.623 E1355.86796
G1 X68.023 Y112.623 E1355.89916
G1 F7795.3 X67.244 Y112.623 E1355.93042
G1 X66.465 Y112.624 E1355.96168
G1 X65.686 Y112.624 E1355.99294
G1 X64.907 Y112.624 E1356.0242
G1 F7780 X64.128 Y112.624 E1356.05552
G1 X63.349 Y112.625 E1356.08684
G1 X62.57 Y112.625 E1356.11817
G1 X61.791 Y112.625 E1356.14949
G1 F7764.7 X61.012 Y112.625 E1356.18087
G1 X60.233 Y112.625 E1356.21225
G1 X59.454 Y112.626 E1356.24364
G1 F7749.5 X58.675 Y112.626 E1356.27508
G1 X57.896 Y112.626 E1356.30653
G1 X57.117 Y112.626 E1356.33797
G1 X56.338 Y112.627 E1356.36942
G1 F7734.4 X56.341 Y113.239 E1356.39417
G1 F7780 X56.712 Y113.122 E1356.40981
G1 F2400 E1355.90981
;MESH:Pin 5mm - AKM.STL
G0 F15000 X96.615 Y114.032
;TYPE:WALL-OUTER
G1 F2400 E1356.40981
G1 F9000 X96.748 Y113.988 E1356.41468
G1 X125.484 Y113.988 E1357.41345
G1 F9635 X126.248 Y114.017 E1357.43827
G1 F10312.5 X127.014 Y114.016 E1357.46151
G1 F9974.8 X127.225 Y114.005 E1357.46813
G1 F9496.4 X127.375 Y113.995 E1357.47309
G1 F9145.5 X127.611 Y113.988 E1357.48116
G1 F9000 X128.528 Y113.988 E1357.51303
G1 X128.528 Y110.008 E1357.65137
G1 X127.655 Y110.008 E1357.68171
G1 F9145.5 X127.4 Y110.001 E1357.69043
G1 F9658.5 X127.081 Y109.985 E1357.70078
G1 F10179.9 X126.182 Y109.98 E1357.7284
G1 F9588.4 X125.484 Y110.008 E1357.75119
G1 F9000 X96.748 Y110.008 E1358.74997
G1 X96.615 Y109.964 E1358.75483
G1 X96.531 Y109.826 E1358.76045
G1 X96.528 Y108.636 E1358.80181
G1 X95.468 Y108.636 E1358.83865
G1 X95.468 Y115.364 E1359.0725
G1 X96.528 Y115.364 E1359.10934
G1 X96.528 Y114.208 E1359.14952
G1 X96.615 Y114.032 E1359.15634
G1 F2400 E1358.65634
G0 F15000 X126.248 Y113.635
G1 F2400 E1359.15634
G1 F9635 X126.028 Y113.444 E1359.1658
G1 F9000 X126.028 Y110.552 E1359.26632
G1 F9588.4 X126.215 Y110.362 E1359.27501
G1 F10179.9 X127.015 Y110.367 E1359.2996
G1 F9658.5 X127.321 Y110.459 E1359.30995
G1 F9145.5 X127.417 Y110.518 E1359.3138
G1 F9000 X127.619 Y110.763 E1359.32484
G1 X127.716 Y111.063 E1359.3358
G1 X127.71 Y112.962 E1359.4018
G1 X127.612 Y113.257 E1359.4126
G1 X127.447 Y113.451 E1359.42145
G1 F9339.6 X127.177 Y113.598 E1359.43175
G1 F9974.8 X126.981 Y113.634 E1359.438
G1 F10312.5 X126.248 Y113.635 E1359.46024
G1 F2400 E1358.96024
G0 F15000 X128.038 Y113.498
;TYPE:WALL-INNER
G1 F2400 E1359.46024
G1 F9058.8 X128.068 Y113.356 E1359.46608
G1 F10645.2 X128.116 Y113.052 E1359.47663
G1 F11846.2 X128.119 Y112.034 E1359.508
G1 F11785.7 X128.122 Y111.016 E1359.53952
G1 F10819.7 X128.077 Y110.692 E1359.55055
G1 F9166.7 X128.035 Y110.501 E1359.55834
G1 F2400 E1359.05834
G0 F15000 X96.748 Y113.548
G1 F2400 E1359.55834
G1 F10500 X125.692 Y113.548 E1360.56434
G1 X125.588 Y113.444 E1360.56945
G1 X125.588 Y110.552 E1360.66997
G1 X125.676 Y110.448 E1360.6747
G1 X96.748 Y110.448 E1361.68015
G1 X96.351 Y110.316 E1361.69469
G1 F8619.4 X96.003 Y109.918 E1361.71707
G1 X95.908 Y110.538 E1361.74363
G1 F10500 X95.908 Y113.458 E1361.84512
G1 F8717 X95.998 Y114.208 E1361.87675
G1 X96.351 Y113.68 E1361.90334
G1 F10500 X96.748 Y113.548 E1361.91788
G1 F2400 E1361.41788
G0 F15000 X95.998 Y114.208
G1 F2400 E1361.91788
G1 F7451.6 X95.998 Y114.834 E1361.94854
G1 F2400 E1361.44854
G0 F15000 X96.003 Y109.918
G1 F2400 E1361.94854
G1 F7380.2 X95.998 Y109.166 E1361.98572
G1 F2400 E1361.48572
G0 F15000 X96.303 Y111.76
;TYPE:FILL
G1 F2400 E1361.98572
G1 F15000 X96.303 Y112.239 E1362.00237
G1 X96.444 Y111.76 E1362.01973
G1 X98.32 Y111.76 E1362.08493
G1 X96.531 Y112.239 E1362.1493
G1 X98.268 Y112.239 E1362.20967
G1 X98.402 Y111.738 E1362.2277
G1 X98.902 Y112.238 E1362.25228
G1 X101.57 Y112.238 E1362.34501
G1 X101.092 Y111.761 E1362.36848
G1 X100.349 Y111.76 E1362.3943
G1 X100.22 Y112.239 E1362.41154
G1 X100.192 Y112.345
G1 F2400 E1361.91154
G0 F15000 X103.817 Y112.24
G1 F2400 E1362.41154
G1 F15000 X105.606 Y111.76 E1362.47592
G1 X104.254 Y111.76 E1362.52291
G1 X104.125 Y112.239 E1362.54016
G1 X102.173 Y112.239 E1362.608
G1 X102.301 Y111.76 E1362.62523
G1 X103.759 Y111.761 E1362.67591
G1 X104.237 Y112.238 E1362.69938
G1 X106.078 Y112.239 E1362.76337
G1 X106.206 Y111.76 E1362.7806
G1 X106.427 Y111.761 E1362.78828
G1 X106.904 Y112.238 E1362.81173
G1 X109.571 Y112.238 E1362.90443
G1 X109.094 Y111.761 E1362.92787
G1 X108.159 Y111.76 E1362.96037
G1 X108.031 Y112.239 E1362.9776
G1 X108.003 Y112.345
G1 F2400 E1362.4776
G0 F15000 X111.105 Y112.24
G1 F2400 E1362.9776
G1 F15000 X112.891 Y111.761 E1363.04187
G1 X112.509 Y111.761 E1363.05515
G1 X111.935 Y112.239 E1363.08111
G1 X109.983 Y112.239 E1363.14896
G1 X110.111 Y111.76 E1363.16619
G1 X111.761 Y111.761 E1363.22354
G1 X112.238 Y112.238 E1363.24698
G1 X113.888 Y112.239 E1363.30433
G1 X114.016 Y111.761 E1363.32153
G1 X114.428 Y111.761 E1363.33585
G1 X114.906 Y112.238 E1363.35932
G1 X117.573 Y112.238 E1363.45202
G1 X117.095 Y111.761 E1363.47549
G1 X115.969 Y111.76 E1363.51463
G1 X115.841 Y112.239 E1363.53186
G1 X115.813 Y112.345
G1 F2400 E1363.03186
G0 F15000 X118.392 Y112.239
G1 F2400 E1363.53186
G1 F15000 X120.213 Y111.752 E1363.59737
G1 X119.746 Y112.239 E1363.62083
G1 X117.793 Y112.24 E1363.68871
G1 X117.921 Y111.76 E1363.70597
G1 X119.763 Y111.761 E1363.76999
G1 X120.24 Y112.238 E1363.79344
G1 X121.698 Y112.239 E1363.84412
G1 X121.826 Y111.76 E1363.86135
G1 X122.43 Y111.761 E1363.88234
G1 X122.907 Y112.238 E1363.90579
G1 X125.192 Y112.239 E1363.98521
G1 X125.192 Y111.856 E1363.99852
G1 X125.097 Y111.761 E1364.00319
G1 X123.779 Y111.76 E1364.049
G1 X123.651 Y112.239 E1364.06623
G1 X123.623 Y112.345
G1 F2400 E1363.56623
G0 F15000 X96.756 Y111.377
;TYPE:SKIN
G1 F2400 E1364.06623
G1 F7888.4 X125.161 Y111.377 E1365.19261
G1 X125.161 Y110.875 E1365.21252
G1 X124.555 Y110.875 E1365.23655
G1 X123.949 Y110.875 E1365.26058
G1 X123.343 Y110.875 E1365.28461
G1 X122.737 Y110.875 E1365.30864
G1 F7872.8 X122.131 Y110.875 E1365.33272
G1 X121.525 Y110.875 E1365.3568
G1 X120.919 Y110.875 E1365.38088
G1 F7857.1 X120.313 Y110.874 E1365.40501
G1 X119.707 Y110.874 E1365.42913
G1 X119.101 Y110.874 E1365.45326
G1 X118.495 Y110.874 E1365.47738
G1 F7841.6 X117.889 Y110.874 E1365.50156
G1 X117.283 Y110.874 E1365.52573
G1 X116.677 Y110.874 E1365.54991
G1 F7826.1 X116.071 Y110.874 E1365.57413
G1 X115.465 Y110.873 E1365.59835
G1 X114.859 Y110.873 E1365.62257
G1 X114.253 Y110.873 E1365.64679
G1 F7810.7 X113.647 Y110.873 E1365.67106
G1 X113.041 Y110.873 E1365.69533
G1 X112.435 Y110.873 E1365.7196
G1 X111.829 Y110.873 E1365.74387
G1 F7795.3 X111.223 Y110.873 E1365.76819
G1 X110.617 Y110.872 E1365.79251
G1 X110.011 Y110.872 E1365.81683
G1 F7780 X109.405 Y110.872 E1365.84119
G1 X108.799 Y110.872 E1365.86556
G1 X108.193 Y110.872 E1365.88992
G1 X107.587 Y110.872 E1365.91429
G1 F7764.7 X106.981 Y110.872 E1365.9387
G1 X106.375 Y110.872 E1365.96312
G1 X105.769 Y110.871 E1365.98753
G1 X105.163 Y110.871 E1366.01194
G1 F7749.5 X104.557 Y110.871 E1366.03641
G1 X103.951 Y110.871 E1366.06087
G1 X103.345 Y110.871 E1366.08533
G1 F7734.4 X102.739 Y110.871 E1366.10984
G1 X102.133 Y110.871 E1366.13435
G1 X101.527 Y110.871 E1366.15886
G1 X100.921 Y110.87 E1366.18337
G1 F7719.3 X100.315 Y110.87 E1366.20792
G1 X99.709 Y110.87 E1366.23248
G1 X99.103 Y110.87 E1366.25704
G1 F7704.3 X98.497 Y110.87 E1366.28164
G1 X97.891 Y110.87 E1366.30625
G1 X97.285 Y110.87 E1366.33085
G1 X96.679 Y110.87 E1366.35546
G1 F7689.3 X96.337 Y110.754 E1366.37015
G1 X96.337 Y111.371 E1366.39525
G1 F7795.3 X96.756 Y111.377 E1366.41206
G1 F2400 E1365.91206
G0 F15000 X96.712 Y113.122
G1 F2400 E1366.41206
G1 F7826.1 X98.279 Y113.122 E1366.4747
G1 X99.846 Y113.122 E1366.53733
G1 X101.413 Y113.122 E1366.59997
G1 X102.98 Y113.122 E1366.6626
G1 F7841.6 X104.547 Y113.122 E1366.72511
G1 X106.114 Y113.122 E1366.78762
G1 X107.681 Y113.122 E1366.85013
G1 F7857.1 X109.248 Y113.122 E1366.91251
G1 X110.815 Y113.122 E1366.9749
G1 X112.382 Y113.122 E1367.03729
G1 X113.949 Y113.122 E1367.09967
G1 F7872.8 X115.516 Y113.122 E1367.16193
G1 X117.083 Y113.122 E1367.2242
G1 X118.65 Y113.122 E1367.28646
G1 F7888.4 X120.217 Y113.122 E1367.3486
G1 X121.784 Y113.122 E1367.41074
G1 X123.351 Y113.122 E1367.47287
G1 X124.918 Y113.121 E1367.53501
G1 X125.161 Y113.121 E1367.54465
G1 X125.161 Y112.619 E1367.56456
G1 X124.382 Y112.619 E1367.59545
G1 X123.603 Y112.619 E1367.62634
G1 X122.824 Y112.619 E1367.65723
G1 X122.045 Y112.619 E1367.68812
G1 F7872.8 X121.266 Y112.62 E1367.71907
G1 X120.487 Y112.62 E1367.75002
G1 X119.708 Y112.62 E1367.78098
G1 F7857.1 X118.929 Y112.62 E1367.81199
G1 X118.15 Y112.62 E1367.843
G1 X117.371 Y112.621 E1367.87402
G1 X116.592 Y112.621 E1367.90503
G1 F7841.6 X115.813 Y112.621 E1367.93611
G1 X115.034 Y112.621 E1367.96718
G1 X114.255 Y112.622 E1367.99826
G1 X113.476 Y112.622 E1368.02933
G1 F7826.1 X112.697 Y112.622 E1368.06047
G1 X111.918 Y112.622 E1368.09161
G1 X111.139 Y112.622 E1368.12274
G1 F7810.7 X110.36 Y112.623 E1368.15394
G1 X109.581 Y112.623 E1368.18514
G1 X108.802 Y112.623 E1368.21634
G1 X108.023 Y112.623 E1368.24754
G1 F7795.3 X107.244 Y112.623 E1368.2788
G1 X106.465 Y112.624 E1368.31006
G1 X105.686 Y112.624 E1368.34132
G1 X104.907 Y112.624 E1368.37258
G1 F7780 X104.128 Y112.624 E1368.4039
G1 X103.349 Y112.625 E1368.43522
G1 X102.57 Y112.625 E1368.46654
G1 X101.791 Y112.625 E1368.49786
G1 F7764.7 X101.012 Y112.625 E1368.52925
G1 X100.233 Y112.625 E1368.56063
G1 X99.454 Y112.626 E1368.59201
G1 F7749.5 X98.675 Y112.626 E1368.62346
G1 X97.896 Y112.626 E1368.6549
G1 X97.117 Y112.626 E1368.68635
G1 X96.338 Y112.627 E1368.71779
G1 F7734.4 X96.341 Y113.239 E1368.74254
G1 F7780 X96.712 Y113.122 E1368.75818
G1 F2400 E1368.25818
;MESH:Pin 5mm - AKM.STL(2)
G0 F15000 X96.615 Y104.032
;TYPE:WALL-OUTER
G1 F2400 E1368.75818
G1 F9000 X96.748 Y103.988 E1368.76305
G1 X125.484 Y103.988 E1369.76183
G1 F9635 X126.248 Y104.017 E1369.78665
G1 F10312.5 X127.014 Y104.016 E1369.80988
G1 F9974.8 X127.225 Y104.005 E1369.81651
G1 F9496.4 X127.375 Y103.995 E1369.82146
G1 F9145.5 X127.611 Y103.988 E1369.82954
G1 F9000 X128.528 Y103.988 E1369.86141
G1 X128.528 Y100.008 E1369.99974
G1 X127.655 Y100.008 E1370.03008
G1 F9145.5 X127.4 Y100.001 E1370.03881
G1 F9658.5 X127.081 Y99.985 E1370.04915
G1 F10179.9 X126.182 Y99.98 E1370.07678
G1 F9588.4 X125.484 Y100.008 E1370.09957
G1 F9000 X96.748 Y100.008 E1371.09834
G1 X96.615 Y99.964 E1371.10321
G1 X96.531 Y99.826 E1371.10882
G1 X96.528 Y98.636 E1371.15019
G1 X95.468 Y98.636 E1371.18703
G1 X95.468 Y105.364 E1371.42087
G1 X96.528 Y105.364 E1371.45771
G1 X96.528 Y104.208 E1371.49789
G1 X96.615 Y104.032 E1371.50472
G1 F2400 E1371.00472
G0 F15000 X126.248 Y103.635
G1 F2400 E1371.50472
G1 F9635 X126.028 Y103.444 E1371.51418
G1 F9000 X126.028 Y100.552 E1371.61469
G1 F9588.4 X126.215 Y100.362 E1371.62339
G1 F10179.9 X127.015 Y100.367 E1371.64797
G1 F9658.5 X127.321 Y100.459 E1371.65832
G1 F9145.5 X127.417 Y100.518 E1371.66218
G1 F9000 X127.619 Y100.763 E1371.67321
G1 X127.716 Y101.063 E1371.68417
G1 X127.71 Y102.962 E1371.75017
G1 X127.612 Y103.257 E1371.76098
G1 X127.447 Y103.451 E1371.76983
G1 F9339.6 X127.177 Y103.598 E1371.78013
G1 F9974.8 X126.981 Y103.634 E1371.78638
G1 F10312.5 X126.248 Y103.635 E1371.80861
G1 F2400 E1371.30861
G0 F15000 X128.038 Y103.498
;TYPE:WALL-INNER
G1 F2400 E1371.80861
G1 F9058.8 X128.068 Y103.356 E1371.81446
G1 F10645.2 X128.116 Y103.052 E1371.82501
G1 F11846.2 X128.119 Y102.034 E1371.85637
G1 F11785.7 X128.122 Y101.016 E1371.88789
G1 F10819.7 X128.077 Y100.692 E1371.89893
G1 F9166.7 X128.035 Y100.501 E1371.90671
G1 F2400 E1371.40671
G0 F15000 X96.748 Y103.548
G1 F2400 E1371.90671
G1 F10500 X125.692 Y103.548 E1372.91271
G1 X125.588 Y103.444 E1372.91783
G1 X125.588 Y100.552 E1373.01834
G1 X125.676 Y100.448 E1373.02308
G1 X96.748 Y100.448 E1374.02852
G1 X96.351 Y100.316 E1374.04307
G1 F8619.4 X96.003 Y99.918 E1374.06545
G1 X95.908 Y100.538 E1374.09201
G1 F10500 X95.908 Y103.458 E1374.1935
G1 F8717 X95.998 Y104.208 E1374.22512
G1 X96.351 Y103.68 E1374.25171
G1 F10500 X96.748 Y103.548 E1374.26625
G1 F2400 E1373.76625
G0 F15000 X95.998 Y104.208
G1 F2400 E1374.26625
G1 F7451.6 X95.998 Y104.834 E1374.29691
G1 F2400 E1373.79691
G0 F15000 X96.003 Y99.918
G1 F2400 E1374.29691
G1 F7380.2 X95.998 Y99.166 E1374.3341
G1 F2400 E1373.8341
G0 F15000 X96.303 Y101.76
;TYPE:FILL
G1 F2400 E1374.3341
G1 F15000 X96.303 Y102.239 E1374.35075
G1 X96.444 Y101.76 E1374.3681
G1 X98.32 Y101.76 E1374.43331
G1 X96.534 Y102.239 E1374.49758
G1 X98.268 Y102.239 E1374.55784
G1 X98.402 Y101.738 E1374.57587
G1 X98.902 Y102.238 E1374.60045
G1 X101.57 Y102.238 E1374.69318
G1 X101.092 Y101.761 E1374.71665
G1 X100.349 Y101.761 E1374.74247
G1 X100.22 Y102.24 E1374.75971
G1 X100.192 Y102.346
G1 F2400 E1374.25971
G0 F15000 X103.821 Y102.239
G1 F2400 E1374.75971
G1 F15000 X105.606 Y101.761 E1374.82394
G1 X104.254 Y101.76 E1374.87093
G1 X104.125 Y102.239 E1374.88817
G1 X102.173 Y102.239 E1374.95602
G1 X102.301 Y101.76 E1374.97325
G1 X103.759 Y101.761 E1375.02393
G1 X104.237 Y102.238 E1375.0474
G1 X106.078 Y102.24 E1375.11139
G1 X106.206 Y101.761 E1375.12862
G1 X106.427 Y101.761 E1375.1363
G1 X106.904 Y102.238 E1375.15975
G1 X109.571 Y102.238 E1375.25244
G1 X109.094 Y101.761 E1375.27589
G1 X108.159 Y101.76 E1375.30839
G1 X108.031 Y102.239 E1375.32562
G1 X108.003 Y102.345
G1 F2400 E1374.82562
G0 F15000 X111.108 Y102.239
G1 F2400 E1375.32562
G1 F15000 X112.892 Y101.761 E1375.38981
G1 X112.507 Y101.761 E1375.40319
G1 X111.936 Y102.24 E1375.4291
G1 X109.983 Y102.239 E1375.49698
G1 X110.111 Y101.76 E1375.51421
G1 X111.761 Y101.761 E1375.57156
G1 X112.238 Y102.238 E1375.59501
G1 X113.888 Y102.239 E1375.65236
G1 X114.016 Y101.761 E1375.66955
G1 X114.428 Y101.761 E1375.68387
G1 X114.906 Y102.238 E1375.70735
G1 X117.573 Y102.238 E1375.80004
G1 X117.095 Y101.761 E1375.82351
G1 X115.969 Y101.76 E1375.86265
G1 X115.841 Y102.239 E1375.87988
G1 X115.813 Y102.345
G1 F2400 E1375.37988
G0 F15000 X118.396 Y102.239
G1 F2400 E1375.87988
G1 F15000 X120.218 Y101.751 E1375.94544
G1 X119.746 Y102.239 E1375.96904
G1 X117.793 Y102.24 E1376.03692
G1 X117.921 Y101.761 E1376.05415
G1 X119.763 Y101.761 E1376.11817
G1 X120.24 Y102.238 E1376.14162
G1 X121.698 Y102.24 E1376.19229
G1 X121.827 Y101.76 E1376.20957
G1 X122.43 Y101.761 E1376.23053
G1 X122.907 Y102.238 E1376.25397
G1 X125.192 Y102.239 E1376.33339
G1 X125.192 Y101.856 E1376.34671
G1 X125.097 Y101.761 E1376.35138
G1 X123.779 Y101.761 E1376.39718
G1 X123.651 Y102.239 E1376.41438
G1 X123.623 Y102.345
G1 F2400 E1375.91438
G0 F15000 X96.756 Y101.377
;TYPE:SKIN
G1 F2400 E1376.41438
G1 F7888.4 X125.161 Y101.377 E1377.54077
G1 X125.161 Y100.875 E1377.56067
G1 X124.555 Y100.875 E1377.5847
G1 X123.949 Y100.875 E1377.60873
G1 X123.343 Y100.875 E1377.63277
G1 X122.737 Y100.875 E1377.6568
G1 F7872.8 X122.131 Y100.875 E1377.68087
G1 X121.525 Y100.875 E1377.70495
G1 X120.919 Y100.875 E1377.72903
G1 F7857.1 X120.313 Y100.874 E1377.75316
G1 X119.707 Y100.874 E1377.77728
G1 X119.101 Y100.874 E1377.80141
G1 X118.495 Y100.874 E1377.82554
G1 F7841.6 X117.889 Y100.874 E1377.84971
G1 X117.283 Y100.874 E1377.87388
G1 X116.677 Y100.874 E1377.89806
G1 F7826.1 X116.071 Y100.874 E1377.92228
G1 X115.465 Y100.873 E1377.9465
G1 X114.859 Y100.873 E1377.97072
G1 X114.253 Y100.873 E1377.99495
G1 F7810.7 X113.647 Y100.873 E1378.01922
G1 X113.041 Y100.873 E1378.04349
G1 X112.435 Y100.873 E1378.06776
G1 X111.829 Y100.873 E1378.09203
G1 F7795.3 X111.223 Y100.873 E1378.11634
G1 X110.617 Y100.872 E1378.14066
G1 X110.011 Y100.872 E1378.16498
G1 F7780 X109.405 Y100.872 E1378.18935
G1 X108.799 Y100.872 E1378.21371
G1 X108.193 Y100.872 E1378.23808
G1 X107.587 Y100.872 E1378.26244
G1 F7764.7 X106.981 Y100.872 E1378.28686
G1 X106.375 Y100.872 E1378.31127
G1 X105.769 Y100.871 E1378.33568
G1 X105.163 Y100.871 E1378.3601
G1 F7749.5 X104.557 Y100.871 E1378.38456
G1 X103.951 Y100.871 E1378.40902
G1 X103.345 Y100.871 E1378.43348
G1 F7734.4 X102.739 Y100.871 E1378.45799
G1 X102.133 Y100.871 E1378.4825
G1 X101.527 Y100.871 E1378.50701
G1 X100.921 Y100.87 E1378.53152
G1 F7719.3 X100.315 Y100.87 E1378.55608
G1 X99.709 Y100.87 E1378.58063
G1 X99.103 Y100.87 E1378.60519
G1 F7704.3 X98.497 Y100.87 E1378.62979
G1 X97.891 Y100.87 E1378.6544
G1 X97.285 Y100.87 E1378.679
G1 X96.679 Y100.87 E1378.70361
G1 F7689.3 X96.337 Y100.754 E1378.7183
G1 X96.337 Y101.371 E1378.7434
G1 F7795.3 X96.756 Y101.377 E1378.76022
G1 F2400 E1378.26022
G0 F15000 X96.712 Y103.122
G1 F2400 E1378.76022
G1 F7826.1 X98.279 Y103.122 E1378.82285
G1 X99.846 Y103.122 E1378.88548
G1 X101.413 Y103.122 E1378.94812
G1 X102.98 Y103.122 E1379.01075
G1 F7841.6 X104.547 Y103.122 E1379.07326
G1 X106.114 Y103.122 E1379.13577
G1 X107.681 Y103.122 E1379.19828
G1 F7857.1 X109.248 Y103.122 E1379.26067
G1 X110.815 Y103.122 E1379.32305
G1 X112.382 Y103.122 E1379.38544
G1 X113.949 Y103.122 E1379.44782
G1 F7872.8 X115.516 Y103.122 E1379.51009
G1 X117.083 Y103.122 E1379.57235
G1 X118.65 Y103.122 E1379.63461
G1 F7888.4 X120.217 Y103.122 E1379.69675
G1 X121.784 Y103.122 E1379.75889
G1 X123.351 Y103.122 E1379.82103
G1 X124.918 Y103.121 E1379.88316
G1 X125.161 Y103.121 E1379.8928
G1 X125.161 Y102.619 E1379.91271
G1 X124.382 Y102.619 E1379.9436
G1 X123.603 Y102.619 E1379.97449
G1 X122.824 Y102.619 E1380.00538
G1 X122.045 Y102.619 E1380.03627
G1 F7872.8 X121.266 Y102.62 E1380.06722
G1 X120.487 Y102.62 E1380.09818
G1 X119.708 Y102.62 E1380.12913
G1 F7857.1 X118.929 Y102.62 E1380.16014
G1 X118.15 Y102.62 E1380.19116
G1 X117.371 Y102.621 E1380.22217
G1 X116.592 Y102.621 E1380.25318
G1 F7841.6 X115.813 Y102.621 E1380.28426
G1 X115.034 Y102.621 E1380.31533
G1 X114.255 Y102.622 E1380.34641
G1 X113.476 Y102.622 E1380.37748
G1 F7826.1 X112.697 Y102.622 E1380.40862
G1 X111.918 Y102.622 E1380.43976
G1 X111.139 Y102.622 E1380.4709
G1 F7810.7 X110.36 Y102.623 E1380.50209
G1 X109.581 Y102.623 E1380.53329
G1 X108.802 Y102.623 E1380.56449
G1 X108.023 Y102.623 E1380.59569
G1 F7795.3 X107.244 Y102.623 E1380.62695
G1 X106.465 Y102.624 E1380.65821
G1 X105.686 Y102.624 E1380.68947
G1 X104.907 Y102.624 E1380.72073
G1 F7780 X104.128 Y102.624 E1380.75205
G1 X103.349 Y102.625 E1380.78337
G1 X102.57 Y102.625 E1380.81469
G1 X101.791 Y102.625 E1380.84601
G1 F7764.7 X101.012 Y102.625 E1380.8774
G1 X100.233 Y102.625 E1380.90878
G1 X99.454 Y102.626 E1380.94016
G1 F7749.5 X98.675 Y102.626 E1380.97161
G1 X97.896 Y102.626 E1381.00305
G1 X97.117 Y102.626 E1381.0345
G1 X96.338 Y102.627 E1381.06594
G1 F7734.4 X96.341 Y103.239 E1381.09069
G1 F7780 X96.712 Y103.122 E1381.10634
G1 F2400 E1380.60634
;MESH:Pin 5mm - AKM.STL(5)
G0 F15000 X136.615 Y94.032
;TYPE:WALL-OUTER
G1 F2400 E1381.10634
G1 F9000 X136.748 Y93.988 E1381.1112
G1 X165.484 Y93.988 E1382.10998
G1 F9635 X166.248 Y94.017 E1382.1348
G1 F10312.5 X167.014 Y94.016 E1382.15803
G1 F9974.8 X167.225 Y94.005 E1382.16466
G1 F9496.4 X167.375 Y93.995 E1382.16961
G1 F9145.5 X167.611 Y93.988 E1382.17769
G1 F9000 X168.528 Y93.988 E1382.20956
G1 X168.528 Y90.008 E1382.34789
G1 X167.655 Y90.008 E1382.37824
G1 F9145.5 X167.4 Y90.001 E1382.38696
G1 F9658.5 X167.081 Y89.985 E1382.39731
G1 F10179.9 X166.182 Y89.98 E1382.42493
G1 F9588.4 X165.484 Y90.008 E1382.44772
G1 F9000 X136.748 Y90.008 E1383.44649
G1 X136.615 Y89.964 E1383.45136
G1 X136.531 Y89.826 E1383.45698
G1 X136.528 Y88.636 E1383.49834
G1 X135.468 Y88.636 E1383.53518
G1 X135.468 Y95.364 E1383.76902
G1 X136.528 Y95.364 E1383.80587
G1 X136.528 Y94.208 E1383.84605
G1 X136.615 Y94.032 E1383.85287
G1 F2400 E1383.35287
G0 F15000 X166.248 Y93.635
G1 F2400 E1383.85287
G1 F9635 X166.028 Y93.444 E1383.86233
G1 F9000 X166.028 Y90.552 E1383.96284
G1 F9588.4 X166.215 Y90.362 E1383.97154
G1 F10179.9 X167.015 Y90.367 E1383.99612
G1 F9658.5 X167.321 Y90.459 E1384.00647
G1 F9145.5 X167.417 Y90.518 E1384.01033
G1 F9000 X167.619 Y90.763 E1384.02136
G1 X167.716 Y91.063 E1384.03232
G1 X167.71 Y92.962 E1384.09833
G1 X167.612 Y93.257 E1384.10913
G1 X167.447 Y93.451 E1384.11798
G1 F9339.6 X167.177 Y93.598 E1384.12828
G1 F9974.8 X166.981 Y93.634 E1384.13453
G1 F10312.5 X166.248 Y93.635 E1384.15676
G1 F2400 E1383.65676
G0 F15000 X168.038 Y93.498
;TYPE:WALL-INNER
G1 F2400 E1384.15676
G1 F9058.8 X168.068 Y93.356 E1384.16261
G1 F10645.2 X168.116 Y93.052 E1384.17316
G1 F11846.2 X168.119 Y92.034 E1384.20452
G1 F11785.7 X168.122 Y91.016 E1384.23604
G1 F10819.7 X168.077 Y90.692 E1384.24708
G1 F9166.7 X168.035 Y90.501 E1384.25486
G1 F2400 E1383.75486
G0 F15000 X136.748 Y93.548
G1 F2400 E1384.25486
G1 F10500 X165.692 Y93.548 E1385.26087
G1 X165.588 Y93.444 E1385.26598
G1 X165.588 Y90.552 E1385.36649
G1 X165.676 Y90.448 E1385.37123
G1 X136.748 Y90.448 E1386.37668
G1 X136.351 Y90.316 E1386.39122
G1 F8619.4 X136.003 Y89.918 E1386.4136
G1 X135.908 Y90.538 E1386.44016
G1 F10500 X135.908 Y93.458 E1386.54165
G1 F8717 X135.998 Y94.208 E1386.57327
G1 X136.351 Y93.68 E1386.59986
G1 F10500 X136.748 Y93.548 E1386.61441
G1 F2400 E1386.11441
G0 F15000 X135.998 Y94.208
G1 F2400 E1386.61441
G1 F7451.6 X135.998 Y94.834 E1386.64506
G1 F2400 E1386.14506
G0 F15000 X136.003 Y89.918
G1 F2400 E1386.64506
G1 F7380.2 X135.998 Y89.166 E1386.68225
G1 F2400 E1386.18225
G0 F15000 X136.303 Y91.76
;TYPE:FILL
G1 F2400 E1386.68225
G1 F15000 X136.303 Y92.239 E1386.6989
G1 X136.444 Y91.76 E1386.71625
G1 X138.319 Y91.76 E1386.78142
G1 X136.53 Y92.239 E1386.84579
G1 X138.268 Y92.239 E1386.9062
G1 X138.402 Y91.739 E1386.92419
G1 X138.902 Y92.239 E1386.94877
G1 X141.569 Y92.239 E1387.04147
G1 X141.091 Y91.761 E1387.06496
G1 X140.349 Y91.76 E1387.09075
G1 X140.22 Y92.24 E1387.10803
G1 X140.192 Y92.346
G1 F2400 E1386.60803
G0 F15000 X143.817 Y92.239
G1 F2400 E1387.10803
G1 F15000 X145.606 Y91.76 E1387.1724
G1 X144.254 Y91.76 E1387.21939
G1 X144.126 Y92.239 E1387.23662
G1 X142.173 Y92.239 E1387.3045
G1 X142.302 Y91.76 E1387.32174
G1 X143.758 Y91.761 E1387.37235
G1 X144.236 Y92.239 E1387.39584
G1 X146.078 Y92.239 E1387.45987
G1 X146.207 Y91.76 E1387.47711
G1 X146.426 Y91.761 E1387.48472
G1 X146.904 Y92.239 E1387.50821
G1 X149.571 Y92.239 E1387.60091
G1 X149.093 Y91.761 E1387.62441
G1 X148.159 Y91.76 E1387.65687
G1 X148.031 Y92.239 E1387.6741
G1 X148.003 Y92.345
G1 F2400 E1387.1741
G0 F15000 X151.104 Y92.239
G1 F2400 E1387.6741
G1 F15000 X152.892 Y91.76 E1387.73844
G1 X152.507 Y91.76 E1387.75182
G1 X151.936 Y92.239 E1387.77773
G1 X149.983 Y92.239 E1387.84561
G1 X150.112 Y91.76 E1387.86285
G1 X151.76 Y91.761 E1387.92013
G1 X152.238 Y92.239 E1387.94362
G1 X153.888 Y92.239 E1388.00097
G1 X154.017 Y91.76 E1388.01821
G1 X154.427 Y91.761 E1388.03246
G1 X154.905 Y92.239 E1388.05596
G1 X157.572 Y92.239 E1388.14865
G1 X157.094 Y91.761 E1388.17215
G1 X155.969 Y91.76 E1388.21125
G1 X155.841 Y92.24 E1388.22852
G1 X155.813 Y92.346
G1 F2400 E1387.72852
G0 F15000 X158.391 Y92.239
G1 F2400 E1388.22852
G1 F15000 X160.213 Y91.751 E1388.29408
G1 X159.746 Y92.239 E1388.31755
G1 X157.793 Y92.239 E1388.38543
G1 X157.922 Y91.76 E1388.40267
G1 X159.762 Y91.761 E1388.46663
G1 X160.24 Y92.239 E1388.49012
G1 X161.698 Y92.24 E1388.5408
G1 X161.827 Y91.761 E1388.55804
G1 X162.429 Y91.761 E1388.57896
G1 X162.907 Y92.239 E1388.60246
G1 X165.192 Y92.239 E1388.68188
G1 X165.192 Y91.857 E1388.69516
G1 X165.096 Y91.761 E1388.69987
G1 X163.779 Y91.76 E1388.74565
G1 X163.651 Y92.239 E1388.76288
G1 X163.623 Y92.345
G1 F2400 E1388.26288
G0 F15000 X136.756 Y91.377
;TYPE:SKIN
G1 F2400 E1388.76288
G1 F7888.4 X165.161 Y91.377 E1389.88926
G1 X165.161 Y90.875 E1389.90917
G1 X164.555 Y90.875 E1389.9332
G1 X163.949 Y90.875 E1389.95723
G1 X163.343 Y90.875 E1389.98126
G1 X162.737 Y90.875 E1390.00529
G1 F7872.8 X162.131 Y90.875 E1390.02937
G1 X161.525 Y90.875 E1390.05345
G1 X160.919 Y90.875 E1390.07753
G1 F7857.1 X160.313 Y90.874 E1390.10166
G1 X159.707 Y90.874 E1390.12578
G1 X159.101 Y90.874 E1390.14991
G1 X158.495 Y90.874 E1390.17403
G1 F7841.6 X157.889 Y90.874 E1390.19821
G1 X157.283 Y90.874 E1390.22238
G1 X156.677 Y90.874 E1390.24656
G1 F7826.1 X156.071 Y90.874 E1390.27078
G1 X155.465 Y90.873 E1390.295
G1 X154.859 Y90.873 E1390.31922
G1 X154.253 Y90.873 E1390.34344
G1 F7810.7 X153.647 Y90.873 E1390.36771
G1 X153.041 Y90.873 E1390.39198
G1 X152.435 Y90.873 E1390.41625
G1 X151.829 Y90.873 E1390.44052
G1 F7795.3 X151.223 Y90.873 E1390.46484
G1 X150.617 Y90.872 E1390.48916
G1 X150.011 Y90.872 E1390.51348
G1 F7780 X149.405 Y90.872 E1390.53784
G1 X148.799 Y90.872 E1390.56221
G1 X148.193 Y90.872 E1390.58657
G1 X147.587 Y90.872 E1390.61094
G1 F7764.7 X146.981 Y90.872 E1390.63535
G1 X146.375 Y90.872 E1390.65977
G1 X145.769 Y90.871 E1390.68418
G1 X145.163 Y90.871 E1390.70859
G1 F7749.5 X144.557 Y90.871 E1390.73306
G1 X143.951 Y90.871 E1390.75752
G1 X143.345 Y90.871 E1390.78198
G1 F7734.4 X142.739 Y90.871 E1390.80649
G1 X142.133 Y90.871 E1390.831
G1 X141.527 Y90.871 E1390.85551
G1 X140.921 Y90.87 E1390.88002
G1 F7719.3 X140.315 Y90.87 E1390.90457
G1 X139.709 Y90.87 E1390.92913
G1 X139.103 Y90.87 E1390.95369
G1 F7704.3 X138.497 Y90.87 E1390.97829
G1 X137.891 Y90.87 E1391.0029
G1 X137.285 Y90.87 E1391.0275
G1 X136.679 Y90.87 E1391.05211
G1 F7689.3 X136.675 Y90.869 E1391.05228
G1 X136.337 Y90.754 E1391.0668
G1 X136.337 Y91.371 E1391.0919
G1 F7795.3 X136.756 Y91.377 E1391.10872
G1 F2400 E1390.60872
G0 F15000 X136.712 Y93.122
G1 F2400 E1391.10872
G1 F7826.1 X138.279 Y93.122 E1391.17135
G1 X139.846 Y93.122 E1391.23398
G1 X141.413 Y93.122 E1391.29662
G1 X142.98 Y93.122 E1391.35925
G1 F7841.6 X144.547 Y93.122 E1391.42176
G1 X146.114 Y93.122 E1391.48427
G1 X147.681 Y93.122 E1391.54678
G1 F7857.1 X149.248 Y93.122 E1391.60916
G1 X150.815 Y93.122 E1391.67155
G1 X152.382 Y93.122 E1391.73394
G1 X153.949 Y93.122 E1391.79632
G1 F7872.8 X155.516 Y93.122 E1391.85859
G1 X157.083 Y93.122 E1391.92085
G1 X158.65 Y93.122 E1391.98311
G1 F7888.4 X160.217 Y93.122 E1392.04525
G1 X161.784 Y93.122 E1392.10739
G1 X163.351 Y93.122 E1392.16952
G1 X164.918 Y93.121 E1392.23166
G1 X165.161 Y93.121 E1392.2413
G1 X165.161 Y92.619 E1392.26121
G1 X164.382 Y92.619 E1392.2921
G1 X163.603 Y92.619 E1392.32299
G1 X162.824 Y92.619 E1392.35388
G1 X162.045 Y92.619 E1392.38477
G1 F7872.8 X161.266 Y92.62 E1392.41572
G1 X160.487 Y92.62 E1392.44667
G1 X159.708 Y92.62 E1392.47763
G1 F7857.1 X158.929 Y92.62 E1392.50864
G1 X158.15 Y92.62 E1392.53965
G1 X157.371 Y92.621 E1392.57067
G1 X156.592 Y92.621 E1392.60168
G1 F7841.6 X155.813 Y92.621 E1392.63276
G1 X155.034 Y92.621 E1392.66383
G1 X154.255 Y92.622 E1392.69491
G1 X153.476 Y92.622 E1392.72598
G1 F7826.1 X152.697 Y92.622 E1392.75712
G1 X151.918 Y92.622 E1392.78826
G1 X151.139 Y92.622 E1392.81939
G1 F7810.7 X150.36 Y92.623 E1392.85059
G1 X149.581 Y92.623 E1392.88179
G1 X148.802 Y92.623 E1392.91299
G1 X148.023 Y92.623 E1392.94419
G1 F7795.3 X147.244 Y92.623 E1392.97545
G1 X146.465 Y92.624 E1393.00671
G1 X145.686 Y92.624 E1393.03797
G1 X144.907 Y92.624 E1393.06923
G1 F7780 X144.128 Y92.624 E1393.10055
G1 X143.349 Y92.625 E1393.13187
G1 X142.57 Y92.625 E1393.16319
G1 X141.791 Y92.625 E1393.19451
G1 F7764.7 X141.012 Y92.625 E1393.2259
G1 X140.233 Y92.625 E1393.25728
G1 X139.454 Y92.626 E1393.28866
G1 F7749.5 X138.675 Y92.626 E1393.32011
G1 X137.896 Y92.626 E1393.35155
G1 X137.117 Y92.626 E1393.383
G1 X136.338 Y92.627 E1393.41444
G1 F7734.4 X136.341 Y93.239 E1393.43919
G1 F7780 X136.712 Y93.122 E1393.45483
G1 F2400 E1392.95483
;MESH:Pin 5mm - AKM.STL(3)
G0 F15000 X136.615 Y104.032
;TYPE:WALL-OUTER
G1 F2400 E1393.45483
G1 F9000 X136.748 Y103.988 E1393.4597
G1 X165.484 Y103.988 E1394.45848
G1 F9635 X166.248 Y104.017 E1394.4833
G1 F10312.5 X167.014 Y104.016 E1394.50653
G1 F9974.8 X167.225 Y104.005 E1394.51316
G1 F9496.4 X167.375 Y103.995 E1394.51811
G1 F9145.5 X167.611 Y103.988 E1394.52619
G1 F9000 X168.528 Y103.988 E1394.55806
G1 X168.528 Y100.008 E1394.69639
G1 X167.655 Y100.008 E1394.72673
G1 F9145.5 X167.4 Y100.001 E1394.73546
G1 F9658.5 X167.081 Y99.985 E1394.7458
G1 F10179.9 X166.182 Y99.98 E1394.77343
G1 F9588.4 X165.484 Y100.008 E1394.79622
G1 F9000 X136.748 Y100.008 E1395.79499
G1 X136.615 Y99.964 E1395.79986
G1 X136.531 Y99.826 E1395.80548
G1 X136.528 Y98.636 E1395.84684
G1 X135.468 Y98.636 E1395.88368
G1 X135.468 Y105.364 E1396.11752
G1 X136.528 Y105.364 E1396.15436
G1 X136.528 Y104.208 E1396.19454
G1 X136.615 Y104.032 E1396.20137
G1 F2400 E1395.70137
G0 F15000 X166.248 Y103.635
G1 F2400 E1396.20137
G1 F9635 X166.028 Y103.444 E1396.21083
G1 F9000 X166.028 Y100.552 E1396.31134
G1 F9588.4 X166.215 Y100.362 E1396.32004
G1 F10179.9 X167.015 Y100.367 E1396.34462
G1 F9658.5 X167.321 Y100.459 E1396.35497
G1 F9145.5 X167.417 Y100.518 E1396.35883
G1 F9000 X167.619 Y100.763 E1396.36986
G1 X167.716 Y101.063 E1396.38082
G1 X167.71 Y102.962 E1396.44682
G1 X167.612 Y103.257 E1396.45763
G1 X167.447 Y103.451 E1396.46648
G1 F9339.6 X167.177 Y103.598 E1396.47678
G1 F9974.8 X166.981 Y103.634 E1396.48303
G1 F10312.5 X166.248 Y103.635 E1396.50526
G1 F2400 E1396.00526
G0 F15000 X168.038 Y103.498
;TYPE:WALL-INNER
G1 F2400 E1396.50526
G1 F9058.8 X168.068 Y103.356 E1396.51111
G1 F10645.2 X168.116 Y103.052 E1396.52166
G1 F11846.2 X168.119 Y102.034 E1396.55302
G1 F11785.7 X168.122 Y101.016 E1396.58454
G1 F10819.7 X168.077 Y100.692 E1396.59558
G1 F9166.7 X168.035 Y100.501 E1396.60336
G1 F2400 E1396.10336
G0 F15000 X136.748 Y103.548
G1 F2400 E1396.60336
G1 F10500 X165.692 Y103.548 E1397.60936
G1 X165.588 Y103.444 E1397.61448
G1 X165.588 Y100.552 E1397.71499
G1 X165.676 Y100.448 E1397.71973
G1 X136.748 Y100.448 E1398.72517
G1 X136.351 Y100.316 E1398.73972
G1 F8619.4 X136.003 Y99.918 E1398.7621
G1 X135.908 Y100.538 E1398.78866
G1 F10500 X135.908 Y103.458 E1398.89015
G1 F8717 X135.998 Y104.208 E1398.92177
G1 X136.351 Y103.68 E1398.94836
G1 F10500 X136.748 Y103.548 E1398.9629
G1 F2400 E1398.4629
G0 F15000 X135.998 Y104.208
G1 F2400 E1398.9629
G1 F7451.6 X135.998 Y104.834 E1398.99356
G1 F2400 E1398.49356
G0 F15000 X136.003 Y99.918
G1 F2400 E1398.99356
G1 F7380.2 X135.998 Y99.166 E1399.03075
G1 F2400 E1398.53075
G0 F15000 X136.303 Y101.76
;TYPE:FILL
G1 F2400 E1399.03075
G1 F15000 X136.303 Y102.239 E1399.0474
G1 X136.444 Y101.76 E1399.06475
G1 X138.319 Y101.76 E1399.12992
G1 X136.531 Y102.239 E1399.19426
G1 X138.268 Y102.239 E1399.25463
G1 X138.402 Y101.738 E1399.27266
G1 X138.903 Y102.239 E1399.29728
G1 X141.57 Y102.239 E1399.38998
G1 X141.091 Y101.76 E1399.41352
G1 X140.349 Y101.76 E1399.43931
G1 X140.22 Y102.239 E1399.45656
G1 X140.192 Y102.345
G1 F2400 E1398.95656
G0 F15000 X143.817 Y102.239
G1 F2400 E1399.45656
G1 F15000 X145.606 Y101.76 E1399.52093
G1 X144.254 Y101.76 E1399.56792
G1 X144.126 Y102.239 E1399.58515
G1 X142.173 Y102.239 E1399.65303
G1 X142.301 Y101.76 E1399.67026
G1 X143.758 Y101.76 E1399.7209
G1 X144.237 Y102.239 E1399.74445
G1 X146.078 Y102.239 E1399.80843
G1 X146.206 Y101.76 E1399.82567
G1 X146.426 Y101.76 E1399.83331
G1 X146.904 Y102.239 E1399.85683
G1 X149.571 Y102.239 E1399.94953
G1 X149.093 Y101.76 E1399.97305
G1 X148.159 Y101.76 E1400.00551
G1 X148.031 Y102.239 E1400.02275
G1 X148.003 Y102.345
G1 F2400 E1399.52275
G0 F15000 X151.104 Y102.239
G1 F2400 E1400.02275
G1 F15000 X152.892 Y101.76 E1400.08708
G1 X152.507 Y101.76 E1400.10046
G1 X151.936 Y102.24 E1400.12639
G1 X149.983 Y102.239 E1400.19427
G1 X150.111 Y101.76 E1400.2115
G1 X151.761 Y101.761 E1400.26885
G1 X152.239 Y102.239 E1400.29235
G1 X153.888 Y102.239 E1400.34966
G1 X154.016 Y101.761 E1400.36686
G1 X154.428 Y101.761 E1400.38118
G1 X154.906 Y102.239 E1400.40468
G1 X157.573 Y102.239 E1400.49737
G1 X157.095 Y101.761 E1400.52087
G1 X155.969 Y101.76 E1400.56
G1 X155.841 Y102.239 E1400.57724
G1 X155.813 Y102.345
G1 F2400 E1400.07724
G0 F15000 X158.391 Y102.239
G1 F2400 E1400.57724
G1 F15000 X160.216 Y101.75 E1400.64291
G1 X159.746 Y102.239 E1400.66648
G1 X157.793 Y102.24 E1400.73436
G1 X157.921 Y101.76 E1400.75163
G1 X159.762 Y101.761 E1400.81561
G1 X160.24 Y102.239 E1400.83911
G1 X161.698 Y102.239 E1400.88978
G1 X161.827 Y101.76 E1400.90703
G1 X162.429 Y101.761 E1400.92795
G1 X162.908 Y102.239 E1400.95147
G1 X165.192 Y102.239 E1401.03085
G1 X165.191 Y101.856 E1401.04417
G1 X165.097 Y101.761 E1401.04881
G1 X163.779 Y101.761 E1401.09462
G1 X163.651 Y102.239 E1401.11182
G1 X163.623 Y102.345
G1 F2400 E1400.61182
G0 F15000 X136.756 Y101.377
;TYPE:SKIN
G1 F2400 E1401.11182
G1 F7888.4 X165.161 Y101.377 E1402.2382
G1 X165.161 Y100.875 E1402.25811
G1 X164.555 Y100.875 E1402.28214
G1 X163.949 Y100.875 E1402.30617
G1 X163.343 Y100.875 E1402.3302
G1 X162.737 Y100.875 E1402.35423
G1 F7872.8 X162.131 Y100.875 E1402.37831
G1 X161.525 Y100.875 E1402.40239
G1 X160.919 Y100.875 E1402.42647
G1 F7857.1 X160.313 Y100.874 E1402.45059
G1 X159.707 Y100.874 E1402.47472
G1 X159.101 Y100.874 E1402.49885
G1 X158.495 Y100.874 E1402.52297
G1 F7841.6 X157.889 Y100.874 E1402.54715
G1 X157.283 Y100.874 E1402.57132
G1 X156.677 Y100.874 E1402.59549
G1 F7826.1 X156.071 Y100.874 E1402.61972
G1 X155.465 Y100.873 E1402.64394
G1 X154.859 Y100.873 E1402.66816
G1 X154.253 Y100.873 E1402.69238
G1 F7810.7 X153.647 Y100.873 E1402.71665
G1 X153.041 Y100.873 E1402.74092
G1 X152.435 Y100.873 E1402.76519
G1 X151.829 Y100.873 E1402.78946
G1 F7795.3 X151.223 Y100.873 E1402.81378
G1 X150.617 Y100.872 E1402.8381
G1 X150.011 Y100.872 E1402.86242
G1 F7780 X149.405 Y100.872 E1402.88678
G1 X148.799 Y100.872 E1402.91115
G1 X148.193 Y100.872 E1402.93551
G1 X147.587 Y100.872 E1402.95988
G1 F7764.7 X146.981 Y100.872 E1402.98429
G1 X146.375 Y100.872 E1403.00871
G1 X145.769 Y100.871 E1403.03312
G1 X145.163 Y100.871 E1403.05753
G1 F7749.5 X144.557 Y100.871 E1403.08199
G1 X143.951 Y100.871 E1403.10646
G1 X143.345 Y100.871 E1403.13092
G1 F7734.4 X142.739 Y100.871 E1403.15543
G1 X142.133 Y100.871 E1403.17994
G1 X141.527 Y100.871 E1403.20444
G1 X140.921 Y100.87 E1403.22895
G1 F7719.3 X140.315 Y100.87 E1403.25351
G1 X139.709 Y100.87 E1403.27807
G1 X139.103 Y100.87 E1403.30263
G1 F7704.3 X138.497 Y100.87 E1403.32723
G1 X137.891 Y100.87 E1403.35184
G1 X137.285 Y100.87 E1403.37644
G1 X136.679 Y100.87 E1403.40105
G1 F7689.3 X136.337 Y100.754 E1403.41574
G1 X136.337 Y101.371 E1403.44084
G1 F7795.3 X136.756 Y101.377 E1403.45765
G1 F2400 E1402.95765
G0 F15000 X136.712 Y103.122
G1 F2400 E1403.45765
G1 F7826.1 X138.279 Y103.122 E1403.52029
G1 X139.846 Y103.122 E1403.58292
G1 X141.413 Y103.122 E1403.64555
G1 X142.98 Y103.122 E1403.70819
G1 F7841.6 X144.547 Y103.122 E1403.7707
G1 X146.114 Y103.122 E1403.83321
G1 X147.681 Y103.122 E1403.89572
G1 F7857.1 X149.248 Y103.122 E1403.9581
G1 X150.815 Y103.122 E1404.02049
G1 X152.382 Y103.122 E1404.08287
G1 X153.949 Y103.122 E1404.14526
G1 F7872.8 X155.516 Y103.122 E1404.20752
G1 X157.083 Y103.122 E1404.26978
G1 X158.65 Y103.122 E1404.33205
G1 F7888.4 X160.217 Y103.122 E1404.39419
G1 X161.784 Y103.122 E1404.45632
G1 X163.351 Y103.122 E1404.51846
G1 X164.918 Y103.121 E1404.5806
G1 X165.161 Y103.121 E1404.59024
G1 X165.161 Y102.619 E1404.61014
G1 X164.382 Y102.619 E1404.64103
G1 X163.603 Y102.619 E1404.67193
G1 X162.824 Y102.619 E1404.70282
G1 X162.045 Y102.619 E1404.73371
G1 F7872.8 X161.266 Y102.62 E1404.76466
G1 X160.487 Y102.62 E1404.79561
G1 X159.708 Y102.62 E1404.82656
G1 F7857.1 X158.929 Y102.62 E1404.85758
G1 X158.15 Y102.62 E1404.88859
G1 X157.371 Y102.621 E1404.91961
G1 X156.592 Y102.621 E1404.95062
G1 F7841.6 X155.813 Y102.621 E1404.98169
G1 X155.034 Y102.621 E1405.01277
G1 X154.255 Y102.622 E1405.04385
G1 X153.476 Y102.622 E1405.07492
G1 F7826.1 X152.697 Y102.622 E1405.10606
G1 X151.918 Y102.622 E1405.13719
G1 X151.139 Y102.622 E1405.16833
G1 F7810.7 X150.36 Y102.623 E1405.19953
G1 X149.581 Y102.623 E1405.23073
G1 X148.802 Y102.623 E1405.26193
G1 X148.023 Y102.623 E1405.29313
G1 F7795.3 X147.244 Y102.623 E1405.32439
G1 X146.465 Y102.624 E1405.35565
G1 X145.686 Y102.624 E1405.38691
G1 X144.907 Y102.624 E1405.41817
G1 F7780 X144.128 Y102.624 E1405.44949
G1 X143.349 Y102.625 E1405.48081
G1 X142.57 Y102.625 E1405.51213
G1 X141.791 Y102.625 E1405.54345
G1 F7764.7 X141.012 Y102.625 E1405.57483
G1 X140.233 Y102.625 E1405.60622
G1 X139.454 Y102.626 E1405.6376
G1 F7749.5 X138.675 Y102.626 E1405.66904
G1 X137.896 Y102.626 E1405.70049
G1 X137.117 Y102.626 E1405.73193
G1 X136.338 Y102.627 E1405.76338
G1 F7734.4 X136.341 Y103.239 E1405.78813
G1 F7780 X136.712 Y103.122 E1405.80377
G1 F2400 E1405.30377
;MESH:Pin 5mm - AKM.STL(1)
G0 F15000 X136.615 Y114.032
;TYPE:WALL-OUTER
G1 F2400 E1405.80377
G1 F9000 X136.748 Y113.988 E1405.80864
G1 X165.484 Y113.988 E1406.80741
G1 F9635 X166.248 Y114.017 E1406.83224
G1 F10312.5 X167.014 Y114.016 E1406.85547
G1 F9974.8 X167.225 Y114.005 E1406.8621
G1 F9496.4 X167.375 Y113.995 E1406.86705
G1 F9145.5 X167.611 Y113.988 E1406.87512
G1 F9000 X168.528 Y113.988 E1406.907
G1 X168.528 Y110.008 E1407.04533
G1 X167.655 Y110.008 E1407.07567
G1 F9145.5 X167.4 Y110.001 E1407.0844
G1 F9658.5 X167.081 Y109.985 E1407.09474
G1 F10179.9 X166.182 Y109.98 E1407.12237
G1 F9588.4 X165.484 Y110.008 E1407.14516
G1 F9000 X136.748 Y110.008 E1408.14393
G1 X136.615 Y109.964 E1408.1488
G1 X136.531 Y109.826 E1408.15441
G1 X136.528 Y108.636 E1408.19577
G1 X135.468 Y108.636 E1408.23262
G1 X135.468 Y115.364 E1408.46646
G1 X136.528 Y115.364 E1408.5033
G1 X136.528 Y114.208 E1408.54348
G1 X136.615 Y114.032 E1408.55031
G1 F2400 E1408.05031
G0 F15000 X166.248 Y113.635
G1 F2400 E1408.55031
G1 F9635 X166.028 Y113.444 E1408.55976
G1 F9000 X166.028 Y110.552 E1408.66028
G1 F9588.4 X166.215 Y110.362 E1408.66898
G1 F10179.9 X167.015 Y110.367 E1408.69356
G1 F9658.5 X167.321 Y110.459 E1408.70391
G1 F9145.5 X167.417 Y110.518 E1408.70776
G1 F9000 X167.619 Y110.763 E1408.7188
G1 X167.716 Y111.063 E1408.72976
G1 X167.71 Y112.962 E1408.79576
G1 X167.612 Y113.257 E1408.80657
G1 X167.447 Y113.451 E1408.81542
G1 F9339.6 X167.177 Y113.598 E1408.82571
G1 F9974.8 X166.981 Y113.634 E1408.83196
G1 F10312.5 X166.248 Y113.635 E1408.8542
G1 F2400 E1408.3542
G0 F15000 X168.038 Y113.498
;TYPE:WALL-INNER
G1 F2400 E1408.8542
G1 F9058.8 X168.068 Y113.356 E1408.86005
G1 F10645.2 X168.116 Y113.052 E1408.8706
G1 F11846.2 X168.119 Y112.034 E1408.90196
G1 F11785.7 X168.122 Y111.016 E1408.93348
G1 F10819.7 X168.077 Y110.692 E1408.94451
G1 F9166.7 X168.035 Y110.501 E1408.9523
G1 F2400 E1408.4523
G0 F15000 X136.748 Y113.548
G1 F2400 E1408.9523
G1 F10500 X165.692 Y113.548 E1409.9583
G1 X165.588 Y113.444 E1409.96341
G1 X165.588 Y110.552 E1410.06393
G1 X165.676 Y110.448 E1410.06867
G1 X136.748 Y110.448 E1411.07411
G1 X136.351 Y110.316 E1411.08865
G1 F8619.4 X136.003 Y109.918 E1411.11104
G1 X135.908 Y110.538 E1411.1376
G1 F10500 X135.908 Y113.458 E1411.23909
G1 F8717 X135.998 Y114.208 E1411.27071
G1 X136.351 Y113.68 E1411.2973
G1 F10500 X136.748 Y113.548 E1411.31184
G1 F2400 E1410.81184
G0 F15000 X135.998 Y114.208
G1 F2400 E1411.31184
G1 F7451.6 X135.998 Y114.834 E1411.3425
G1 F2400 E1410.8425
G0 F15000 X136.003 Y109.918
G1 F2400 E1411.3425
G1 F7380.2 X135.998 Y109.166 E1411.37969
G1 F2400 E1410.87969
G0 F15000 X136.303 Y111.76
;TYPE:FILL
G1 F2400 E1411.37969
G1 F15000 X136.303 Y112.239 E1411.39634
G1 X136.444 Y111.759 E1411.41372
G1 X138.32 Y111.76 E1411.47893
G1 X136.534 Y112.239 E1411.5432
G1 X138.268 Y112.24 E1411.60347
G1 X138.402 Y111.738 E1411.62152
G1 X138.903 Y112.239 E1411.64615
G1 X141.57 Y112.239 E1411.73885
G1 X141.091 Y111.76 E1411.76239
G1 X140.349 Y111.76 E1411.78818
G1 X140.22 Y112.24 E1411.80546
G1 X140.192 Y112.346
G1 F2400 E1411.30546
G0 F15000 X143.821 Y112.239
G1 F2400 E1411.80546
G1 F15000 X145.606 Y111.761 E1411.86968
G1 X144.254 Y111.76 E1411.91667
G1 X144.125 Y112.24 E1411.93395
G1 X142.173 Y112.239 E1412.0018
G1 X142.301 Y111.759 E1412.01906
G1 X143.758 Y111.76 E1412.0697
G1 X144.237 Y112.239 E1412.09325
G1 X146.078 Y112.24 E1412.15723
G1 X146.206 Y111.76 E1412.1745
G1 X146.426 Y111.76 E1412.18215
G1 X146.904 Y112.239 E1412.20567
G1 X149.571 Y112.239 E1412.29836
G1 X149.093 Y111.76 E1412.32188
G1 X148.159 Y111.759 E1412.35435
G1 X148.03 Y112.24 E1412.37166
G1 X148.002 Y112.346
G1 F2400 E1411.87166
G0 F15000 X151.108 Y112.239
G1 F2400 E1412.37166
G1 F15000 X152.892 Y111.761 E1412.43585
G1 X152.509 Y111.761 E1412.44916
G1 X151.935 Y112.24 E1412.47515
G1 X149.983 Y112.24 E1412.54299
G1 X150.111 Y111.76 E1412.56026
G1 X151.761 Y111.761 E1412.61761
G1 X152.239 Y112.239 E1412.6411
G1 X153.888 Y112.24 E1412.69841
G1 X154.016 Y111.76 E1412.71568
G1 X154.428 Y111.761 E1412.73
G1 X154.906 Y112.239 E1412.7535
G1 X157.573 Y112.239 E1412.84619
G1 X157.095 Y111.761 E1412.86969
G1 X155.969 Y111.76 E1412.90882
G1 X155.84 Y112.24 E1412.9261
G1 X155.812 Y112.346
G1 F2400 E1412.4261
G0 F15000 X158.396 Y112.239
G1 F2400 E1412.9261
G1 F15000 X160.217 Y111.751 E1412.99163
G1 X159.745 Y112.24 E1413.01525
G1 X157.793 Y112.24 E1413.08309
G1 X157.921 Y111.76 E1413.10036
G1 X159.762 Y111.761 E1413.16435
G1 X160.24 Y112.239 E1413.18784
G1 X161.698 Y112.24 E1413.23852
G1 X161.827 Y111.76 E1413.25579
G1 X162.429 Y111.761 E1413.27672
G1 X162.908 Y112.239 E1413.30024
G1 X165.192 Y112.239 E1413.37962
G1 X165.191 Y111.856 E1413.39293
G1 X165.097 Y111.761 E1413.39758
G1 X163.779 Y111.76 E1413.44339
G1 X163.651 Y112.239 E1413.46062
G1 X163.623 Y112.345
G1 F2400 E1412.96062
G0 F15000 X136.756 Y111.377
;TYPE:SKIN
G1 F2400 E1413.46062
G1 F7888.4 X165.161 Y111.377 E1414.587
G1 X165.161 Y110.875 E1414.60691
G1 X164.555 Y110.875 E1414.63094
G1 X163.949 Y110.875 E1414.65497
G1 X163.343 Y110.875 E1414.679
G1 X162.737 Y110.875 E1414.70303
G1 F7872.8 X162.131 Y110.875 E1414.72711
G1 X161.525 Y110.875 E1414.75119
G1 X160.919 Y110.875 E1414.77527
G1 F7857.1 X160.313 Y110.874 E1414.79939
G1 X159.707 Y110.874 E1414.82352
G1 X159.101 Y110.874 E1414.84765
G1 X158.495 Y110.874 E1414.87177
G1 F7841.6 X157.889 Y110.874 E1414.89595
G1 X157.283 Y110.874 E1414.92012
G1 X156.677 Y110.874 E1414.9443
G1 F7826.1 X156.071 Y110.874 E1414.96852
G1 X155.465 Y110.873 E1414.99274
G1 X154.859 Y110.873 E1415.01696
G1 X154.253 Y110.873 E1415.04118
G1 F7810.7 X153.647 Y110.873 E1415.06545
G1 X153.041 Y110.873 E1415.08972
G1 X152.435 Y110.873 E1415.11399
G1 X151.829 Y110.873 E1415.13826
G1 F7795.3 X151.223 Y110.873 E1415.16258
G1 X150.617 Y110.872 E1415.1869
G1 X150.011 Y110.872 E1415.21122
G1 F7780 X149.405 Y110.872 E1415.23558
G1 X148.799 Y110.872 E1415.25995
G1 X148.193 Y110.872 E1415.28431
G1 X147.587 Y110.872 E1415.30868
G1 F7764.7 X146.981 Y110.872 E1415.33309
G1 X146.375 Y110.872 E1415.35751
G1 X145.769 Y110.871 E1415.38192
G1 X145.163 Y110.871 E1415.40633
G1 F7749.5 X144.557 Y110.871 E1415.43079
G1 X143.951 Y110.871 E1415.45526
G1 X143.345 Y110.871 E1415.47972
G1 F7734.4 X142.739 Y110.871 E1415.50423
G1 X142.133 Y110.871 E1415.52874
G1 X141.527 Y110.871 E1415.55324
G1 X140.921 Y110.87 E1415.57775
G1 F7719.3 X140.315 Y110.87 E1415.60231
G1 X139.709 Y110.87 E1415.62687
G1 X139.103 Y110.87 E1415.65143
G1 F7704.3 X138.497 Y110.87 E1415.67603
G1 X137.891 Y110.87 E1415.70064
G1 X137.285 Y110.87 E1415.72524
G1 X136.679 Y110.87 E1415.74985
G1 F7689.3 X136.337 Y110.754 E1415.76454
G1 X136.337 Y111.371 E1415.78964
G1 F7795.3 X136.756 Y111.377 E1415.80645
G1 F2400 E1415.30645
G0 F15000 X136.712 Y113.122
G1 F2400 E1415.80645
G1 F7826.1 X138.279 Y113.122 E1415.86909
G1 X139.846 Y113.122 E1415.93172
G1 X141.413 Y113.122 E1415.99435
G1 X142.98 Y113.122 E1416.05699
G1 F7841.6 X144.547 Y113.122 E1416.1195
G1 X146.114 Y113.122 E1416.18201
G1 X147.681 Y113.122 E1416.24452
G1 F7857.1 X149.248 Y113.122 E1416.3069
G1 X150.815 Y113.122 E1416.36929
G1 X152.382 Y113.122 E1416.43167
G1 X153.949 Y113.122 E1416.49406
G1 F7872.8 X155.516 Y113.122 E1416.55632
G1 X157.083 Y113.122 E1416.61859
G1 X158.65 Y113.122 E1416.68085
G1 F7888.4 X160.217 Y113.122 E1416.74299
G1 X161.784 Y113.122 E1416.80512
G1 X163.351 Y113.122 E1416.86726
G1 X164.918 Y113.121 E1416.9294
G1 X165.161 Y113.121 E1416.93904
G1 X165.161 Y112.619 E1416.95894
G1 X164.382 Y112.619 E1416.98983
G1 X163.603 Y112.619 E1417.02073
G1 X162.824 Y112.619 E1417.05162
G1 X162.045 Y112.619 E1417.08251
G1 F7872.8 X161.266 Y112.62 E1417.11346
G1 X160.487 Y112.62 E1417.14441
G1 X159.708 Y112.62 E1417.17536
G1 F7857.1 X158.929 Y112.62 E1417.20638
G1 X158.15 Y112.62 E1417.23739
G1 X157.371 Y112.621 E1417.26841
G1 X156.592 Y112.621 E1417.29942
G1 F7841.6 X155.813 Y112.621 E1417.33049
G1 X155.034 Y112.621 E1417.36157
G1 X154.255 Y112.622 E1417.39265
G1 X153.476 Y112.622 E1417.42372
G1 F7826.1 X152.697 Y112.622 E1417.45486
G1 X151.918 Y112.622 E1417.48599
G1 X151.139 Y112.622 E1417.51713
G1 F7810.7 X150.36 Y112.623 E1417.54833
G1 X149.581 Y112.623 E1417.57953
G1 X148.802 Y112.623 E1417.61073
G1 X148.023 Y112.623 E1417.64193
G1 F7795.3 X147.244 Y112.623 E1417.67319
G1 X146.465 Y112.624 E1417.70445
G1 X145.686 Y112.624 E1417.73571
G1 X144.907 Y112.624 E1417.76697
G1 F7780 X144.128 Y112.624 E1417.79829
G1 X143.349 Y112.625 E1417.82961
G1 X142.57 Y112.625 E1417.86093
G1 X141.791 Y112.625 E1417.89225
G1 F7764.7 X141.012 Y112.625 E1417.92363
G1 X140.233 Y112.625 E1417.95502
G1 X139.454 Y112.626 E1417.9864
G1 F7749.5 X138.675 Y112.626 E1418.01785
G1 X137.896 Y112.626 E1418.04929
G1 X137.117 Y112.626 E1418.08073
G1 X136.338 Y112.627 E1418.11218
G1 F7734.4 X136.341 Y113.239 E1418.13693
G1 F7780 X136.712 Y113.122 E1418.15257
G1 F2400 E1417.65257
;MESH:Pin 5mm - AKM.STL(7)
G0 F15000 X136.615 Y124.032
;TYPE:WALL-OUTER
G1 F2400 E1418.15257
G1 F9000 X136.748 Y123.988 E1418.15744
G1 X165.484 Y123.988 E1419.15621
G1 F9635 X166.248 Y124.017 E1419.18104
G1 F10312.5 X167.014 Y124.016 E1419.20427
G1 F9974.8 X167.225 Y124.005 E1419.2109
G1 F9496.4 X167.375 Y123.995 E1419.21585
G1 F9145.5 X167.611 Y123.988 E1419.22392
G1 F9000 X168.528 Y123.988 E1419.2558
G1 X168.528 Y120.008 E1419.39413
G1 X167.655 Y120.008 E1419.42447
G1 F9145.5 X167.4 Y120.001 E1419.4332
G1 F9658.5 X167.081 Y119.985 E1419.44354
G1 F10179.9 X166.182 Y119.98 E1419.47117
G1 F9588.4 X165.484 Y120.008 E1419.49396
G1 F9000 X136.748 Y120.008 E1420.49273
G1 X136.615 Y119.964 E1420.4976
G1 X136.531 Y119.826 E1420.50321
G1 X136.528 Y118.636 E1420.54457
G1 X135.468 Y118.636 E1420.58142
G1 X135.468 Y125.364 E1420.81526
G1 X136.528 Y125.364 E1420.8521
G1 X136.528 Y124.208 E1420.89228
G1 X136.615 Y124.032 E1420.89911
G1 F2400 E1420.39911
G0 F15000 X166.248 Y123.635
G1 F2400 E1420.89911
G1 F9635 X166.028 Y123.444 E1420.90856
G1 F9000 X166.028 Y120.552 E1421.00908
G1 F9588.4 X166.215 Y120.362 E1421.01778
G1 F10179.9 X167.015 Y120.367 E1421.04236
G1 F9658.5 X167.321 Y120.459 E1421.05271
G1 F9145.5 X167.417 Y120.518 E1421.05656
G1 F9000 X167.619 Y120.763 E1421.0676
G1 X167.716 Y121.063 E1421.07856
G1 X167.71 Y122.962 E1421.14456
G1 X167.612 Y123.257 E1421.15537
G1 X167.447 Y123.451 E1421.16422
G1 F9339.6 X167.177 Y123.598 E1421.17451
G1 F9974.8 X166.981 Y123.634 E1421.18076
G1 F10312.5 X166.248 Y123.635 E1421.203
G1 F2400 E1420.703
G0 F15000 X168.038 Y123.498
;TYPE:WALL-INNER
G1 F2400 E1421.203
G1 F9058.8 X168.068 Y123.356 E1421.20885
G1 F10645.2 X168.116 Y123.052 E1421.2194
G1 F11846.2 X168.119 Y122.034 E1421.25076
G1 F11785.7 X168.122 Y121.016 E1421.28228
G1 F10819.7 X168.077 Y120.692 E1421.29331
G1 F9166.7 X168.035 Y120.501 E1421.3011
G1 F2400 E1420.8011
G0 F15000 X136.748 Y123.548
G1 F2400 E1421.3011
G1 F10500 X165.692 Y123.548 E1422.3071
G1 X165.588 Y123.444 E1422.31221
G1 X165.588 Y120.552 E1422.41273
G1 X165.676 Y120.448 E1422.41747
G1 X136.748 Y120.448 E1423.42291
G1 X136.351 Y120.316 E1423.43745
G1 F8619.4 X136.003 Y119.918 E1423.45984
G1 X135.908 Y120.538 E1423.4864
G1 F10500 X135.908 Y123.458 E1423.58789
G1 F8717 X135.998 Y124.208 E1423.61951
G1 X136.351 Y123.68 E1423.6461
G1 F10500 X136.748 Y123.548 E1423.66064
G1 F2400 E1423.16064
G0 F15000 X135.998 Y124.208
G1 F2400 E1423.66064
G1 F7451.6 X135.998 Y124.834 E1423.6913
G1 F2400 E1423.1913
G0 F15000 X136.003 Y119.918
G1 F2400 E1423.6913
G1 F7380.2 X135.998 Y119.166 E1423.72849
G1 F2400 E1423.22849
G0 F15000 X136.303 Y121.76
;TYPE:FILL
G1 F2400 E1423.72849
G1 F15000 X136.303 Y122.239 E1423.74514
G1 X136.444 Y121.759 E1423.76252
G1 X138.32 Y121.76 E1423.82773
G1 X136.531 Y122.239 E1423.8921
G1 X138.267 Y122.239 E1423.95244
G1 X138.402 Y121.738 E1423.97047
G1 X138.903 Y122.239 E1423.9951
G1 X141.57 Y122.239 E1424.08779
G1 X141.092 Y121.761 E1424.11129
G1 X140.349 Y121.76 E1424.13711
G1 X140.22 Y122.24 E1424.15439
G1 X140.192 Y122.346
G1 F2400 E1423.65439
G0 F15000 X143.817 Y122.24
G1 F2400 E1424.15439
G1 F15000 X145.606 Y121.76 E1424.21877
G1 X144.254 Y121.759 E1424.26576
G1 X144.125 Y122.24 E1424.28307
G1 X142.173 Y122.239 E1424.35091
G1 X142.301 Y121.759 E1424.36818
G1 X143.759 Y121.761 E1424.41885
G1 X144.237 Y122.239 E1424.44235
G1 X146.077 Y122.24 E1424.5063
G1 X146.206 Y121.76 E1424.52358
G1 X146.426 Y121.761 E1424.53122
G1 X146.904 Y122.239 E1424.55472
G1 X149.571 Y122.239 E1424.64742
G1 X149.093 Y121.761 E1424.67091
G1 X148.159 Y121.759 E1424.70337
G1 X148.03 Y122.239 E1424.72065
G1 X148.002 Y122.345
G1 F2400 E1424.22065
G0 F15000 X151.105 Y122.239
G1 F2400 E1424.72065
G1 F15000 X152.892 Y121.761 E1424.78494
G1 X152.507 Y121.761 E1424.79833
G1 X151.935 Y122.24 E1424.82426
G1 X149.983 Y122.24 E1424.8921
G1 X150.111 Y121.76 E1424.90937
G1 X151.761 Y121.761 E1424.96672
G1 X152.239 Y122.239 E1424.99021
G1 X153.888 Y122.239 E1425.04753
G1 X154.016 Y121.76 E1425.06476
G1 X154.428 Y121.761 E1425.07908
G1 X154.906 Y122.239 E1425.10257
G1 X157.573 Y122.239 E1425.19527
G1 X157.095 Y121.761 E1425.21877
G1 X155.969 Y121.76 E1425.2579
G1 X155.84 Y122.24 E1425.27518
G1 X155.812 Y122.346
G1 F2400 E1424.77518
G0 F15000 X158.391 Y122.24
G1 F2400 E1425.27518
G1 F15000 X160.216 Y121.751 E1425.34085
G1 X159.745 Y122.239 E1425.36442
G1 X157.793 Y122.24 E1425.43226
G1 X157.921 Y121.76 E1425.44953
G1 X159.762 Y121.761 E1425.51352
G1 X160.24 Y122.239 E1425.53701
G1 X161.698 Y122.24 E1425.58769
G1 X161.826 Y121.76 E1425.60496
G1 X162.429 Y121.761 E1425.62591
G1 X162.908 Y122.239 E1425.64943
G1 X165.192 Y122.239 E1425.72882
G1 X165.191 Y121.856 E1425.74213
G1 X165.097 Y121.761 E1425.74678
G1 X163.779 Y121.76 E1425.79259
G1 X163.65 Y122.239 E1425.80983
G1 X163.622 Y122.345
G1 F2400 E1425.30983
G0 F15000 X136.756 Y121.377
;TYPE:SKIN
G1 F2400 E1425.80983
G1 F7888.4 X165.161 Y121.377 E1426.93621
G1 X165.161 Y120.875 E1426.95612
G1 X164.555 Y120.875 E1426.98015
G1 X163.949 Y120.875 E1427.00418
G1 X163.343 Y120.875 E1427.02821
G1 X162.737 Y120.875 E1427.05224
G1 F7872.8 X162.131 Y120.875 E1427.07632
G1 X161.525 Y120.875 E1427.1004
G1 X160.919 Y120.875 E1427.12447
G1 F7857.1 X160.313 Y120.874 E1427.1486
G1 X159.707 Y120.874 E1427.17273
G1 X159.101 Y120.874 E1427.19685
G1 X158.495 Y120.874 E1427.22098
G1 F7841.6 X157.889 Y120.874 E1427.24515
G1 X157.283 Y120.874 E1427.26933
G1 X156.677 Y120.874 E1427.2935
G1 F7826.1 X156.071 Y120.874 E1427.31772
G1 X155.465 Y120.873 E1427.34195
G1 X154.859 Y120.873 E1427.36617
G1 X154.253 Y120.873 E1427.39039
G1 F7810.7 X153.647 Y120.873 E1427.41466
G1 X153.041 Y120.873 E1427.43893
G1 X152.435 Y120.873 E1427.4632
G1 X151.829 Y120.873 E1427.48747
G1 F7795.3 X151.223 Y120.873 E1427.51179
G1 X150.617 Y120.872 E1427.53611
G1 X150.011 Y120.872 E1427.56042
G1 F7780 X149.405 Y120.872 E1427.58479
G1 X148.799 Y120.872 E1427.60915
G1 X148.193 Y120.872 E1427.63352
G1 X147.587 Y120.872 E1427.65789
G1 F7764.7 X146.981 Y120.872 E1427.6823
G1 X146.375 Y120.872 E1427.70671
G1 X145.769 Y120.871 E1427.73113
G1 X145.163 Y120.871 E1427.75554
G1 F7749.5 X144.557 Y120.871 E1427.78
G1 X143.951 Y120.871 E1427.80446
G1 X143.345 Y120.871 E1427.82892
G1 F7734.4 X142.739 Y120.871 E1427.85343
G1 X142.133 Y120.871 E1427.87794
G1 X141.527 Y120.871 E1427.90245
G1 X140.921 Y120.87 E1427.92696
G1 F7719.3 X140.315 Y120.87 E1427.95152
G1 X139.709 Y120.87 E1427.97608
G1 X139.103 Y120.87 E1428.00063
G1 F7704.3 X138.497 Y120.87 E1428.02524
G1 X137.891 Y120.87 E1428.04984
G1 X137.285 Y120.87 E1428.07445
G1 X136.679 Y120.87 E1428.09905
G1 F7689.3 X136.337 Y120.754 E1428.11374
G1 X136.337 Y121.371 E1428.13884
G1 F7795.3 X136.756 Y121.377 E1428.15566
G1 F2400 E1427.65566
G0 F15000 X136.712 Y123.122
G1 F2400 E1428.15566
G1 F7826.1 X138.279 Y123.122 E1428.21829
G1 X139.846 Y123.122 E1428.28093
G1 X141.413 Y123.122 E1428.34356
G1 X142.98 Y123.122 E1428.40619
G1 F7841.6 X144.547 Y123.122 E1428.4687
G1 X146.114 Y123.122 E1428.53121
G1 X147.681 Y123.122 E1428.59372
G1 F7857.1 X149.248 Y123.122 E1428.65611
G1 X150.815 Y123.122 E1428.7185
G1 X152.382 Y123.122 E1428.78088
G1 X153.949 Y123.122 E1428.84327
G1 F7872.8 X155.516 Y123.122 E1428.90553
G1 X157.083 Y123.122 E1428.96779
G1 X158.65 Y123.122 E1429.03005
G1 F7888.4 X160.217 Y123.122 E1429.09219
G1 X161.784 Y123.122 E1429.15433
G1 X163.351 Y123.122 E1429.21647
G1 X164.918 Y123.121 E1429.27861
G1 X165.161 Y123.121 E1429.28824
G1 X165.161 Y122.619 E1429.30815
G1 X164.382 Y122.619 E1429.33904
G1 X163.603 Y122.619 E1429.36993
G1 X162.824 Y122.619 E1429.40082
G1 X162.045 Y122.619 E1429.43171
G1 F7872.8 X161.266 Y122.62 E1429.46267
G1 X160.487 Y122.62 E1429.49362
G1 X159.708 Y122.62 E1429.52457
G1 F7857.1 X158.929 Y122.62 E1429.55558
G1 X158.15 Y122.62 E1429.5866
G1 X157.371 Y122.621 E1429.61761
G1 X156.592 Y122.621 E1429.64863
G1 F7841.6 X155.813 Y122.621 E1429.6797
G1 X155.034 Y122.621 E1429.71078
G1 X154.255 Y122.622 E1429.74185
G1 X153.476 Y122.622 E1429.77293
G1 F7826.1 X152.697 Y122.622 E1429.80406
G1 X151.918 Y122.622 E1429.8352
G1 X151.139 Y122.622 E1429.86634
G1 F7810.7 X150.36 Y122.623 E1429.89754
G1 X149.581 Y122.623 E1429.92873
G1 X148.802 Y122.623 E1429.95993
G1 X148.023 Y122.623 E1429.99113
G1 F7795.3 X147.244 Y122.623 E1430.02239
G1 X146.465 Y122.624 E1430.05365
G1 X145.686 Y122.624 E1430.08491
G1 X144.907 Y122.624 E1430.11617
G1 F7780 X144.128 Y122.624 E1430.14749
G1 X143.349 Y122.625 E1430.17881
G1 X142.57 Y122.625 E1430.21014
G1 X141.791 Y122.625 E1430.24146
G1 F7764.7 X141.012 Y122.625 E1430.27284
G1 X140.233 Y122.625 E1430.30422
G1 X139.454 Y122.626 E1430.33561
G1 F7749.5 X138.675 Y122.626 E1430.36705
G1 X137.896 Y122.626 E1430.3985
G1 X137.117 Y122.626 E1430.42994
G1 X136.338 Y122.627 E1430.46139
G1 F7734.4 X136.341 Y123.239 E1430.48614
G1 F7780 X136.712 Y123.122 E1430.50178
G1 F2400 E1430.00178
;MESH:Pin 5mm - AKM.STL(6)
G0 F15000 X176.615 Y104.032
;TYPE:WALL-OUTER
G1 F2400 E1430.50178
G1 F9000 X176.748 Y103.988 E1430.50665
G1 X205.484 Y103.988 E1431.50542
G1 F9635 X206.248 Y104.017 E1431.53024
G1 F10312.5 X207.014 Y104.016 E1431.55348
G1 F9974.8 X207.225 Y104.005 E1431.5601
G1 F9496.4 X207.375 Y103.995 E1431.56506
G1 F9145.5 X207.611 Y103.988 E1431.57313
G1 F9000 X208.528 Y103.988 E1431.605
G1 X208.528 Y100.008 E1431.74334
G1 X207.655 Y100.008 E1431.77368
G1 F9145.5 X207.4 Y100.001 E1431.7824
G1 F9658.5 X207.081 Y99.985 E1431.79275
G1 F10179.9 X206.182 Y99.98 E1431.82037
G1 F9588.4 X205.484 Y100.008 E1431.84316
G1 F9000 X176.748 Y100.008 E1432.84194
G1 X176.615 Y99.964 E1432.8468
G1 X176.531 Y99.826 E1432.85242
G1 X176.528 Y98.636 E1432.89378
G1 X175.468 Y98.636 E1432.93062
G1 X175.468 Y105.364 E1433.16447
G1 X176.528 Y105.364 E1433.20131
G1 X176.528 Y104.208 E1433.24149
G1 X176.615 Y104.032 E1433.24831
G1 F2400 E1432.74831
G0 F15000 X206.248 Y103.635
G1 F2400 E1433.24831
G1 F9635 X206.028 Y103.444 E1433.25777
G1 F9000 X206.028 Y100.552 E1433.35829
G1 F9588.4 X206.215 Y100.362 E1433.36698
G1 F10179.9 X207.015 Y100.367 E1433.39157
G1 F9658.5 X207.321 Y100.459 E1433.40192
G1 F9145.5 X207.417 Y100.518 E1433.40577
G1 F9000 X207.619 Y100.763 E1433.41681
G1 X207.716 Y101.063 E1433.42777
G1 X207.71 Y102.962 E1433.49377
G1 X207.612 Y103.257 E1433.50457
G1 X207.447 Y103.451 E1433.51343
G1 F9339.6 X207.177 Y103.598 E1433.52372
G1 F9974.8 X206.981 Y103.634 E1433.52997
G1 F10312.5 X206.248 Y103.635 E1433.55221
G1 F2400 E1433.05221
G0 F15000 X208.038 Y103.498
;TYPE:WALL-INNER
G1 F2400 E1433.55221
G1 F9058.8 X208.068 Y103.356 E1433.55805
G1 F10645.2 X208.116 Y103.052 E1433.5686
G1 F11846.2 X208.119 Y102.034 E1433.59997
G1 F11785.7 X208.122 Y101.016 E1433.63149
G1 F10819.7 X208.077 Y100.692 E1433.64252
G1 F9166.7 X208.035 Y100.501 E1433.65031
G1 F2400 E1433.15031
G0 F15000 X176.748 Y103.548
G1 F2400 E1433.65031
G1 F10500 X205.692 Y103.548 E1434.65631
G1 X205.588 Y103.444 E1434.66142
G1 X205.588 Y100.552 E1434.76194
G1 X205.676 Y100.448 E1434.76667
G1 X176.748 Y100.448 E1435.77212
G1 X176.351 Y100.316 E1435.78666
G1 F8619.4 X176.003 Y99.918 E1435.80904
G1 X175.908 Y100.538 E1435.8356
G1 F10500 X175.908 Y103.458 E1435.93709
G1 F8717 X175.998 Y104.208 E1435.96872
G1 X176.351 Y103.68 E1435.99531
G1 F10500 X176.748 Y103.548 E1436.00985
G1 F2400 E1435.50985
G0 F15000 X175.998 Y104.208
G1 F2400 E1436.00985
G1 F7451.6 X175.998 Y104.834 E1436.04051
G1 F2400 E1435.54051
G0 F15000 X176.003 Y99.918
G1 F2400 E1436.04051
G1 F7380.2 X175.998 Y99.166 E1436.07769
G1 F2400 E1435.57769
G0 F15000 X176.303 Y101.76
;TYPE:FILL
G1 F2400 E1436.07769
G1 F15000 X176.303 Y102.239 E1436.09434
G1 X176.444 Y101.759 E1436.11173
G1 X178.319 Y101.76 E1436.1769
G1 X176.531 Y102.239 E1436.24124
G1 X178.268 Y102.24 E1436.30161
G1 X178.402 Y101.738 E1436.31967
G1 X178.902 Y102.239 E1436.34427
G1 X181.569 Y102.239 E1436.43697
G1 X181.091 Y101.76 E1436.46049
G1 X180.349 Y101.76 E1436.48628
G1 X180.22 Y102.24 E1436.50355
G1 X180.192 Y102.346
G1 F2400 E1436.00355
G0 F15000 X183.817 Y102.239
G1 F2400 E1436.50355
G1 F15000 X185.606 Y101.76 E1436.56792
G1 X184.254 Y101.76 E1436.61491
G1 X184.125 Y102.24 E1436.63219
G1 X182.173 Y102.24 E1436.70003
G1 X182.301 Y101.759 E1436.71733
G1 X183.758 Y101.76 E1436.76797
G1 X184.237 Y102.239 E1436.79152
G1 X186.078 Y102.24 E1436.85551
G1 X186.206 Y101.76 E1436.87277
G1 X186.425 Y101.76 E1436.88038
G1 X186.904 Y102.239 E1436.90393
G1 X189.571 Y102.239 E1436.99662
G1 X189.092 Y101.76 E1437.02017
G1 X188.159 Y101.76 E1437.0526
G1 X188.03 Y102.24 E1437.06987
G1 X188.002 Y102.346
G1 F2400 E1436.56987
G0 F15000 X191.104 Y102.239
G1 F2400 E1437.06987
G1 F15000 X192.892 Y101.76 E1437.13421
G1 X192.507 Y101.76 E1437.14759
G1 X191.935 Y102.24 E1437.17354
G1 X189.983 Y102.24 E1437.24139
G1 X190.112 Y101.76 E1437.25866
G1 X191.76 Y101.761 E1437.31594
G1 X192.238 Y102.239 E1437.33944
G1 X193.888 Y102.24 E1437.39679
G1 X194.016 Y101.761 E1437.41402
G1 X194.427 Y101.761 E1437.42831
G1 X194.905 Y102.239 E1437.4518
G1 X197.573 Y102.239 E1437.54453
G1 X197.095 Y101.761 E1437.56803
G1 X195.969 Y101.76 E1437.60716
G1 X195.84 Y102.24 E1437.62444
G1 X195.812 Y102.346
G1 F2400 E1437.12444
G0 F15000 X198.391 Y102.239
G1 F2400 E1437.62444
G1 F15000 X200.216 Y101.75 E1437.69011
G1 X199.746 Y102.24 E1437.71371
G1 X197.793 Y102.24 E1437.78159
G1 X197.922 Y101.76 E1437.79886
G1 X199.762 Y101.761 E1437.86282
G1 X200.24 Y102.239 E1437.88631
G1 X201.698 Y102.24 E1437.93699
G1 X201.827 Y101.76 E1437.95426
G1 X202.429 Y101.761 E1437.97518
G1 X202.907 Y102.239 E1437.99868
G1 X205.192 Y102.239 E1438.0781
G1 X205.192 Y101.857 E1438.09138
G1 X205.096 Y101.761 E1438.0961
G1 X203.779 Y101.76 E1438.14187
G1 X203.651 Y102.239 E1438.1591
G1 X203.623 Y102.345
G1 F2400 E1437.6591
G0 F15000 X176.756 Y101.377
;TYPE:SKIN
G1 F2400 E1438.1591
G1 F7888.4 X205.161 Y101.377 E1439.28549
G1 X205.161 Y100.875 E1439.30539
G1 X204.555 Y100.875 E1439.32942
G1 X203.949 Y100.875 E1439.35345
G1 X203.343 Y100.875 E1439.37748
G1 X202.737 Y100.875 E1439.40151
G1 F7872.8 X202.131 Y100.875 E1439.42559
G1 X201.525 Y100.875 E1439.44967
G1 X200.919 Y100.875 E1439.47375
G1 F7857.1 X200.313 Y100.874 E1439.49788
G1 X199.707 Y100.874 E1439.522
G1 X199.101 Y100.874 E1439.54613
G1 X198.495 Y100.874 E1439.57026
G1 F7841.6 X197.889 Y100.874 E1439.59443
G1 X197.283 Y100.874 E1439.6186
G1 X196.677 Y100.874 E1439.64278
G1 F7826.1 X196.071 Y100.874 E1439.667
G1 X195.465 Y100.873 E1439.69122
G1 X194.859 Y100.873 E1439.71544
G1 X194.253 Y100.873 E1439.73967
G1 F7810.7 X193.647 Y100.873 E1439.76394
G1 X193.041 Y100.873 E1439.78821
G1 X192.435 Y100.873 E1439.81248
G1 X191.829 Y100.873 E1439.83675
G1 F7795.3 X191.223 Y100.873 E1439.86106
G1 X190.617 Y100.872 E1439.88538
G1 X190.011 Y100.872 E1439.9097
G1 F7780 X189.405 Y100.872 E1439.93406
G1 X188.799 Y100.872 E1439.95843
G1 X188.193 Y100.872 E1439.9828
G1 X187.587 Y100.872 E1440.00716
G1 F7764.7 X186.981 Y100.872 E1440.03158
G1 X186.375 Y100.872 E1440.05599
G1 X185.769 Y100.871 E1440.0804
G1 X185.163 Y100.871 E1440.10482
G1 F7749.5 X184.557 Y100.871 E1440.12928
G1 X183.951 Y100.871 E1440.15374
G1 X183.345 Y100.871 E1440.1782
G1 F7734.4 X182.739 Y100.871 E1440.20271
G1 X182.133 Y100.871 E1440.22722
G1 X181.527 Y100.871 E1440.25173
G1 X180.921 Y100.87 E1440.27624
G1 F7719.3 X180.315 Y100.87 E1440.30079
G1 X179.709 Y100.87 E1440.32535
G1 X179.103 Y100.87 E1440.34991
G1 F7704.3 X178.497 Y100.87 E1440.37451
G1 X177.891 Y100.87 E1440.39912
G1 X177.285 Y100.87 E1440.42372
G1 X176.679 Y100.87 E1440.44833
G1 F7689.3 X176.337 Y100.754 E1440.46302
G1 X176.337 Y101.371 E1440.48812
G1 F7795.3 X176.756 Y101.377 E1440.50494
G1 F2400 E1440.00494
G0 F15000 X176.712 Y103.122
G1 F2400 E1440.50494
G1 F7826.1 X178.279 Y103.122 E1440.56757
G1 X179.846 Y103.122 E1440.6302
G1 X181.413 Y103.122 E1440.69284
G1 X182.98 Y103.122 E1440.75547
G1 F7841.6 X184.547 Y103.122 E1440.81798
G1 X186.114 Y103.122 E1440.88049
G1 X187.681 Y103.122 E1440.943
G1 F7857.1 X189.248 Y103.122 E1441.00539
G1 X190.815 Y103.122 E1441.06777
G1 X192.382 Y103.122 E1441.13016
G1 X193.949 Y103.122 E1441.19254
G1 F7872.8 X195.516 Y103.122 E1441.25481
G1 X197.083 Y103.122 E1441.31707
G1 X198.65 Y103.122 E1441.37933
G1 F7888.4 X200.217 Y103.122 E1441.44147
G1 X201.784 Y103.122 E1441.50361
G1 X203.351 Y103.122 E1441.56575
G1 X204.918 Y103.121 E1441.62788
G1 X205.161 Y103.121 E1441.63752
G1 X205.161 Y102.619 E1441.65743
G1 X204.382 Y102.619 E1441.68832
G1 X203.603 Y102.619 E1441.71921
G1 X202.824 Y102.619 E1441.7501
G1 X202.045 Y102.619 E1441.78099
G1 F7872.8 X201.266 Y102.62 E1441.81194
G1 X200.487 Y102.62 E1441.84289
G1 X199.708 Y102.62 E1441.87385
G1 F7857.1 X198.929 Y102.62 E1441.90486
G1 X198.15 Y102.62 E1441.93587
G1 X197.371 Y102.621 E1441.96689
G1 X196.592 Y102.621 E1441.9979
G1 F7841.6 X195.813 Y102.621 E1442.02898
G1 X195.034 Y102.621 E1442.06005
G1 X194.255 Y102.622 E1442.09113
G1 X193.476 Y102.622 E1442.1222
G1 F7826.1 X192.697 Y102.622 E1442.15334
G1 X191.918 Y102.622 E1442.18448
G1 X191.139 Y102.622 E1442.21561
G1 F7810.7 X190.36 Y102.623 E1442.24681
G1 X189.581 Y102.623 E1442.27801
G1 X188.802 Y102.623 E1442.30921
G1 X188.023 Y102.623 E1442.34041
G1 F7795.3 X187.244 Y102.623 E1442.37167
G1 X186.465 Y102.624 E1442.40293
G1 X185.686 Y102.624 E1442.43419
G1 X184.907 Y102.624 E1442.46545
G1 F7780 X184.128 Y102.624 E1442.49677
G1 X183.349 Y102.625 E1442.52809
G1 X182.57 Y102.625 E1442.55941
G1 X181.791 Y102.625 E1442.59073
G1 F7764.7 X181.012 Y102.625 E1442.62212
G1 X180.233 Y102.625 E1442.6535
G1 X179.454 Y102.626 E1442.68488
G1 F7749.5 X178.675 Y102.626 E1442.71633
G1 X177.896 Y102.626 E1442.74777
G1 X177.117 Y102.626 E1442.77922
G1 X176.338 Y102.627 E1442.81066
G1 F7734.4 X176.341 Y103.239 E1442.83541
G1 F7780 X176.712 Y103.122 E1442.85106
G1 F2400 E1442.35106
;MESH:NONMESH
G0 F600 X176.712 Y103.122 Z3.4
G0 F15000 X56.615 Y113.92
;TIME_ELAPSED:597.707166
;LAYER:16
;TYPE:WALL-OUTER
;MESH:Pin 5mm - AKM.STL(4)
G1 F2400 E1442.85106
G1 F9000 X56.748 Y113.876 E1442.85592
G1 X85.596 Y113.876 E1443.85859
G1 F7252.7 X86.248 Y113.77 E1443.88708
G1 X86.028 Y113.444 E1443.90404
G1 F9000 X86.028 Y110.552 E1444.00456
G1 F7213.1 X86.192 Y110.228 E1444.02031
G1 X85.596 Y110.12 E1444.04658
G1 F9000 X56.748 Y110.12 E1445.04924
G1 X56.615 Y110.076 E1445.05411
G1 X56.531 Y109.938 E1445.05972
G1 X56.528 Y108.704 E1445.10261
G1 X55.468 Y108.704 E1445.13946
G1 X55.468 Y115.292 E1445.36844
G1 X56.528 Y115.292 E1445.40528
G1 X56.528 Y114.096 E1445.44685
G1 X56.615 Y113.92 E1445.45367
G1 F2400 E1444.95367
G0 F15000 X86.248 Y113.77
G1 F2400 E1445.45367
G1 F6036.6 X87.021 Y113.765 E1445.49373
G1 F2400 E1444.99373
G0 F15000 X87.71 Y112.962
G1 F2400 E1445.49373
G1 F9000 X87.625 Y113.231 E1445.50353
G1 X87.448 Y113.451 E1445.51335
G1 F8443.5 X87.268 Y113.607 E1445.52217
G1 F7457.6 X87.194 Y113.675 E1445.52639
G1 F6470.6 X87.021 Y113.765 E1445.53581
G1 X87.21 Y113.814 E1445.54525
G1 F7457.6 X87.341 Y113.847 E1445.55092
G1 F8443.5 X87.577 Y113.875 E1445.55972
G1 F9000 X88.528 Y113.876 E1445.59278
G1 X88.528 Y110.12 E1445.72332
G1 X87.514 Y110.12 E1445.75857
G1 F8032.5 X87.321 Y110.173 E1445.76636
G1 F6491.8 X87.084 Y110.237 E1445.77819
G1 X87.288 Y110.373 E1445.79001
G1 F8032.5 X87.36 Y110.48 E1445.79503
G1 F9000 X87.636 Y110.786 E1445.80935
G1 X87.716 Y111.072 E1445.81967
G1 X87.71 Y112.962 E1445.88536
G1 F2400 E1445.38536
G0 F15000 X87.084 Y110.237
G1 F2400 E1445.88536
G1 F5954.9 X86.978 Y110.228 E1445.89095
G1 F6027.4 X86.192 Y110.228 E1445.93174
G1 F2400 E1445.43174
G0 F15000 X88.06 Y110.588
;TYPE:WALL-INNER
G1 F2400 E1445.93174
G1 F9726.3 X88.081 Y110.707 E1445.93628
G1 F10973.9 X88.122 Y111.026 E1445.94697
G1 F11846.2 X88.12 Y111.701 E1445.96777
G1 F11755.7 X88.118 Y112.376 E1445.98872
G1 F11696.2 X88.116 Y113.051 E1446.00979
G1 F10547.9 X88.068 Y113.356 E1446.02047
G1 F9447.9 X88.059 Y113.407 E1446.02247
G1 F2400 E1445.52247
G0 F15000 X56.748 Y113.436
G1 F2400 E1446.02247
G1 F10500 X85.588 Y113.436 E1447.02486
G1 X85.588 Y110.56 E1447.12482
G1 X56.748 Y110.56 E1448.1272
G1 X56.351 Y110.428 E1448.14174
G1 F8619.4 X56.003 Y110.03 E1448.16413
G1 X55.908 Y110.65 E1448.19069
G1 F10500 X55.908 Y113.346 E1448.28439
G1 F8717 X55.998 Y114.096 E1448.31602
G1 X56.351 Y113.568 E1448.34261
G1 F10500 X56.748 Y113.436 E1448.35715
G1 F2400 E1447.85715
G0 F15000 X55.998 Y114.096
G1 F2400 E1448.35715
G1 F7451.6 X55.998 Y114.762 E1448.38977
G1 F2400 E1447.88977
G0 F15000 X56.003 Y110.03
G1 F2400 E1448.38977
G1 F7380.2 X55.998 Y109.234 E1448.42913
G1 F2400 E1447.92913
G0 F15000 X56.742 Y111.06
;TYPE:SKIN
G1 F2400 E1448.42913
G1 F6101.7 X56.404 Y110.959 E1448.44721
G1 X56.404 Y111.708 E1448.48561
G1 F6111.1 X63.575 Y111.708 E1448.85268
G1 X70.746 Y111.708 E1449.21974
G1 X77.917 Y111.708 E1449.5868
G1 X85.088 Y111.708 E1449.95387
G1 X85.088 Y111.06 E1449.98704
G1 X78.001 Y111.06 E1450.3498
G1 X70.914 Y111.06 E1450.71257
G1 X63.827 Y111.06 E1451.07533
G1 X56.74 Y111.06 E1451.4381
G1 F2400 E1450.9381
G0 F15000 X56.743 Y112.936
G1 F2400 E1451.4381
G1 F6111.1 X63.829 Y112.936 E1451.80081
G1 X70.915 Y112.936 E1452.16352
G1 X78.001 Y112.936 E1452.52624
G1 X85.087 Y112.936 E1452.88895
G1 X85.088 Y112.288 E1452.92212
G1 X77.917 Y112.288 E1453.28919
G1 X70.746 Y112.288 E1453.65625
G1 X63.575 Y112.288 E1454.02331
G1 X56.404 Y112.288 E1454.39038
G1 F6101.7 X56.407 Y113.034 E1454.42862
G1 X56.743 Y112.936 E1454.44657
G1 F2400 E1453.94657
;MESH:Pin 5mm - AKM.STL
G0 F15000 X96.615 Y113.92
;TYPE:WALL-OUTER
G1 F2400 E1454.44657
G1 F9000 X96.748 Y113.876 E1454.45144
G1 X125.596 Y113.876 E1455.4541
G1 F7252.7 X126.248 Y113.77 E1455.48259
G1 X126.028 Y113.444 E1455.49955
G1 F9000 X126.028 Y110.552 E1455.60007
G1 F7213.1 X126.192 Y110.228 E1455.61582
G1 X125.596 Y110.12 E1455.64209
G1 F9000 X96.748 Y110.12 E1456.64475
G1 X96.615 Y110.076 E1456.64962
G1 X96.531 Y109.938 E1456.65524
G1 X96.528 Y108.704 E1456.69813
G1 X95.468 Y108.704 E1456.73497
G1 X95.468 Y115.292 E1456.96395
G1 X96.528 Y115.292 E1457.00079
G1 X96.528 Y114.096 E1457.04236
G1 X96.615 Y113.92 E1457.04918
G1 F2400 E1456.54918
G0 F15000 X126.248 Y113.77
G1 F2400 E1457.04918
G1 F6036.6 X127.021 Y113.765 E1457.08924
G1 F2400 E1456.58924
G0 F15000 X127.71 Y112.962
G1 F2400 E1457.08924
G1 F9000 X127.625 Y113.231 E1457.09904
G1 X127.448 Y113.451 E1457.10886
G1 F8443.5 X127.268 Y113.607 E1457.11768
G1 F7457.6 X127.194 Y113.675 E1457.1219
G1 F6470.6 X127.021 Y113.765 E1457.13133
G1 X127.21 Y113.814 E1457.14077
G1 F7457.6 X127.341 Y113.847 E1457.14643
G1 F8443.5 X127.577 Y113.875 E1457.15524
G1 F9000 X128.528 Y113.876 E1457.18829
G1 X128.528 Y110.12 E1457.31884
G1 X127.514 Y110.12 E1457.35408
G1 F8032.5 X127.321 Y110.173 E1457.36187
G1 F6491.8 X127.084 Y110.237 E1457.3737
G1 X127.288 Y110.373 E1457.38552
G1 F8032.5 X127.36 Y110.48 E1457.39054
G1 F9000 X127.636 Y110.786 E1457.40486
G1 X127.716 Y111.072 E1457.41518
G1 X127.71 Y112.962 E1457.48088
G1 F2400 E1456.98088
G0 F15000 X127.084 Y110.237
G1 F2400 E1457.48088
G1 F5954.9 X126.978 Y110.228 E1457.48646
G1 F6027.4 X126.192 Y110.228 E1457.52726
G1 F2400 E1457.02726
G0 F15000 X128.06 Y110.588
;TYPE:WALL-INNER
G1 F2400 E1457.52726
G1 F9726.3 X128.081 Y110.707 E1457.53179
G1 F10973.9 X128.122 Y111.026 E1457.54249
G1 F11846.2 X128.12 Y111.701 E1457.56328
G1 F11755.7 X128.118 Y112.376 E1457.58424
G1 F11696.2 X128.116 Y113.051 E1457.6053
G1 F10547.9 X128.068 Y113.356 E1457.61598
G1 F9447.9 X128.059 Y113.407 E1457.61798
G1 F2400 E1457.11798
G0 F15000 X96.748 Y113.436
G1 F2400 E1457.61798
G1 F10500 X125.588 Y113.436 E1458.62037
G1 X125.588 Y110.56 E1458.72033
G1 X96.748 Y110.56 E1459.72272
G1 X96.351 Y110.428 E1459.73726
G1 F8619.4 X96.003 Y110.03 E1459.75964
G1 X95.908 Y110.65 E1459.7862
G1 F10500 X95.908 Y113.346 E1459.8799
G1 F8717 X95.998 Y114.096 E1459.91153
G1 X96.351 Y113.568 E1459.93812
G1 F10500 X96.748 Y113.436 E1459.95266
G1 F2400 E1459.45266
G0 F15000 X95.998 Y114.096
G1 F2400 E1459.95266
G1 F7451.6 X95.998 Y114.762 E1459.98528
G1 F2400 E1459.48528
G0 F15000 X96.003 Y110.03
G1 F2400 E1459.98528
G1 F7380.2 X95.998 Y109.234 E1460.02464
G1 F2400 E1459.52464
G0 F15000 X96.742 Y111.06
;TYPE:SKIN
G1 F2400 E1460.02464
G1 F6101.7 X96.404 Y110.959 E1460.04273
G1 X96.404 Y111.708 E1460.08112
G1 F6111.1 X103.575 Y111.708 E1460.44819
G1 X110.746 Y111.708 E1460.81525
G1 X117.917 Y111.708 E1461.18232
G1 X125.088 Y111.708 E1461.54938
G1 X125.088 Y111.06 E1461.58255
G1 X118.001 Y111.06 E1461.94532
G1 X110.914 Y111.06 E1462.30808
G1 X103.827 Y111.06 E1462.67085
G1 X96.74 Y111.06 E1463.03361
G1 F2400 E1462.53361
G0 F15000 X96.743 Y112.936
G1 F2400 E1463.03361
G1 F6111.1 X103.829 Y112.936 E1463.39632
G1 X110.915 Y112.936 E1463.75904
G1 X118.001 Y112.936 E1464.12175
G1 X125.087 Y112.936 E1464.48446
G1 X125.088 Y112.288 E1464.51763
G1 X117.917 Y112.288 E1464.8847
G1 X110.746 Y112.288 E1465.25176
G1 X103.575 Y112.288 E1465.61883
G1 X96.404 Y112.288 E1465.98589
G1 F6101.7 X96.407 Y113.034 E1466.02414
G1 X96.743 Y112.936 E1466.04208
G1 F2400 E1465.54208
;MESH:Pin 5mm - AKM.STL(2)
G0 F15000 X96.615 Y103.92
;TYPE:WALL-OUTER
G1 F2400 E1466.04208
G1 F9000 X96.748 Y103.876 E1466.04695
G1 X125.596 Y103.876 E1467.04961
G1 F7252.7 X126.248 Y103.77 E1467.0781
G1 X126.028 Y103.444 E1467.09507
G1 F9000 X126.028 Y100.552 E1467.19558
G1 F7213.1 X126.192 Y100.228 E1467.21133
G1 X125.596 Y100.12 E1467.2376
G1 F9000 X96.748 Y100.12 E1468.24026
G1 X96.615 Y100.076 E1468.24513
G1 X96.531 Y99.938 E1468.25075
G1 X96.528 Y98.704 E1468.29364
G1 X95.468 Y98.704 E1468.33048
G1 X95.468 Y105.292 E1468.55946
G1 X96.528 Y105.292 E1468.5963
G1 X96.528 Y104.096 E1468.63787
G1 X96.615 Y103.92 E1468.64469
G1 F2400 E1468.14469
G0 F15000 X126.248 Y103.77
G1 F2400 E1468.64469
G1 F6036.6 X127.021 Y103.765 E1468.68475
G1 F2400 E1468.18475
G0 F15000 X127.71 Y102.962
G1 F2400 E1468.68475
G1 F9000 X127.625 Y103.231 E1468.69456
G1 X127.448 Y103.451 E1468.70437
G1 F8443.5 X127.268 Y103.607 E1468.7132
G1 F7457.6 X127.194 Y103.675 E1468.71741
G1 F6470.6 X127.021 Y103.765 E1468.72684
G1 X127.21 Y103.814 E1468.73628
G1 F7457.6 X127.341 Y103.847 E1468.74194
G1 F8443.5 X127.577 Y103.875 E1468.75075
G1 F9000 X128.528 Y103.876 E1468.7838
G1 X128.528 Y100.12 E1468.91435
G1 X127.514 Y100.12 E1468.94959
G1 F8032.5 X127.321 Y100.173 E1468.95739
G1 F6491.8 X127.084 Y100.237 E1468.96922
G1 X127.288 Y100.373 E1468.98103
G1 F8032.5 X127.36 Y100.48 E1468.98605
G1 F9000 X127.636 Y100.786 E1469.00038
G1 X127.716 Y101.072 E1469.0107
G1 X127.71 Y102.962 E1469.07639
G1 F2400 E1468.57639
G0 F15000 X127.084 Y100.237
G1 F2400 E1469.07639
G1 F5954.9 X126.978 Y100.228 E1469.08198
G1 F6027.4 X126.192 Y100.228 E1469.12277
G1 F2400 E1468.62277
G0 F15000 X128.06 Y100.588
;TYPE:WALL-INNER
G1 F2400 E1469.12277
G1 F9726.3 X128.081 Y100.707 E1469.1273
G1 F10973.9 X128.122 Y101.026 E1469.138
G1 F11846.2 X128.12 Y101.701 E1469.15879
G1 F11755.7 X128.118 Y102.376 E1469.17975
G1 F11696.2 X128.116 Y103.051 E1469.20081
G1 F10547.9 X128.068 Y103.356 E1469.21149
G1 F9447.9 X128.059 Y103.407 E1469.21349
G1 F2400 E1468.71349
G0 F15000 X96.748 Y103.436
G1 F2400 E1469.21349
G1 F10500 X125.588 Y103.436 E1470.21588
G1 X125.588 Y100.56 E1470.31584
G1 X96.748 Y100.56 E1471.31823
G1 X96.351 Y100.428 E1471.33277
G1 F8619.4 X96.003 Y100.03 E1471.35515
G1 X95.908 Y100.65 E1471.38171
G1 F10500 X95.908 Y103.346 E1471.47542
G1 F8717 X95.998 Y104.096 E1471.50704
G1 X96.351 Y103.568 E1471.53363
G1 F10500 X96.748 Y103.436 E1471.54817
G1 F2400 E1471.04817
G0 F15000 X95.998 Y104.096
G1 F2400 E1471.54817
G1 F7451.6 X95.998 Y104.762 E1471.58079
G1 F2400 E1471.08079
G0 F15000 X96.003 Y100.03
G1 F2400 E1471.58079
G1 F7380.2 X95.998 Y99.234 E1471.62015
G1 F2400 E1471.12015
G0 F15000 X96.742 Y101.06
;TYPE:SKIN
G1 F2400 E1471.62015
G1 F6101.7 X96.404 Y100.959 E1471.63824
G1 X96.404 Y101.708 E1471.67664
G1 F6111.1 X103.575 Y101.708 E1472.0437
G1 X110.746 Y101.708 E1472.41076
G1 X117.917 Y101.708 E1472.77783
G1 X125.088 Y101.708 E1473.14489
G1 X125.088 Y101.06 E1473.17806
G1 X118.001 Y101.06 E1473.54083
G1 X110.914 Y101.06 E1473.90359
G1 X103.827 Y101.06 E1474.26636
G1 X96.74 Y101.06 E1474.62912
G1 F2400 E1474.12912
G0 F15000 X96.743 Y102.936
G1 F2400 E1474.62912
G1 F6111.1 X103.829 Y102.936 E1474.99184
G1 X110.915 Y102.936 E1475.35455
G1 X118.001 Y102.936 E1475.71726
G1 X125.087 Y102.936 E1476.07998
G1 X125.088 Y102.288 E1476.11315
G1 X117.917 Y102.288 E1476.48021
G1 X110.746 Y102.288 E1476.84727
G1 X103.575 Y102.288 E1477.21434
G1 X96.404 Y102.288 E1477.5814
G1 F6101.7 X96.405 Y102.288 E1477.58146
G1 X96.407 Y103.034 E1477.6197
G1 X96.743 Y102.936 E1477.63764
G1 F2400 E1477.13764
;MESH:Pin 5mm - AKM.STL(5)
G0 F15000 X136.615 Y93.92
;TYPE:WALL-OUTER
G1 F2400 E1477.63764
G1 F9000 X136.748 Y93.876 E1477.64251
G1 X165.596 Y93.876 E1478.64518
G1 F7252.7 X166.248 Y93.77 E1478.67367
G1 X166.028 Y93.444 E1478.69063
G1 F9000 X166.028 Y90.552 E1478.79115
G1 F7213.1 X166.192 Y90.228 E1478.8069
G1 X165.596 Y90.12 E1478.83316
G1 F9000 X136.748 Y90.12 E1479.83583
G1 X136.615 Y90.076 E1479.8407
G1 X136.531 Y89.938 E1479.84631
G1 X136.528 Y88.704 E1479.8892
G1 X135.468 Y88.704 E1479.92604
G1 X135.468 Y95.292 E1480.15502
G1 X136.528 Y95.292 E1480.19187
G1 X136.528 Y94.096 E1480.23343
G1 X136.615 Y93.92 E1480.24026
G1 F2400 E1479.74026
G0 F15000 X166.248 Y93.77
G1 F2400 E1480.24026
G1 F6036.6 X167.021 Y93.765 E1480.28032
G1 F2400 E1479.78032
G0 F15000 X167.71 Y92.962
G1 F2400 E1480.28032
G1 F9000 X167.625 Y93.231 E1480.29012
G1 X167.448 Y93.451 E1480.29993
G1 F8443.5 X167.268 Y93.607 E1480.30876
G1 F7457.6 X167.194 Y93.675 E1480.31297
G1 F6470.6 X167.021 Y93.765 E1480.3224
G1 X167.21 Y93.814 E1480.33184
G1 F7457.6 X167.341 Y93.847 E1480.33751
G1 F8443.5 X167.577 Y93.875 E1480.34631
G1 F9000 X168.528 Y93.876 E1480.37937
G1 X168.528 Y90.12 E1480.50991
G1 X167.514 Y90.12 E1480.54516
G1 F8032.5 X167.321 Y90.173 E1480.55295
G1 F6491.8 X167.084 Y90.237 E1480.56478
G1 X167.288 Y90.373 E1480.57659
G1 F8032.5 X167.36 Y90.48 E1480.58162
G1 F9000 X167.636 Y90.786 E1480.59594
G1 X167.716 Y91.072 E1480.60626
G1 X167.71 Y92.962 E1480.67195
G1 F2400 E1480.17195
G0 F15000 X167.084 Y90.237
G1 F2400 E1480.67195
G1 F5954.9 X166.978 Y90.228 E1480.67754
G1 F6027.4 X166.192 Y90.228 E1480.71833
G1 F2400 E1480.21833
G0 F15000 X168.06 Y90.588
;TYPE:WALL-INNER
G1 F2400 E1480.71833
G1 F9726.3 X168.081 Y90.707 E1480.72287
G1 F10973.9 X168.122 Y91.026 E1480.73356
G1 F11846.2 X168.12 Y91.701 E1480.75436
G1 F11755.7 X168.118 Y92.376 E1480.77531
G1 F11696.2 X168.116 Y93.051 E1480.79637
G1 F10547.9 X168.068 Y93.356 E1480.80706
G1 F9447.9 X168.059 Y93.407 E1480.80906
G1 F2400 E1480.30906
G0 F15000 X136.748 Y93.436
G1 F2400 E1480.80906
G1 F10500 X165.588 Y93.436 E1481.81144
G1 X165.588 Y90.56 E1481.9114
G1 X136.748 Y90.56 E1482.91379
G1 X136.351 Y90.428 E1482.92833
G1 F8619.4 X136.003 Y90.03 E1482.95072
G1 X135.908 Y90.65 E1482.97727
G1 F10500 X135.908 Y93.346 E1483.07098
G1 F8717 X135.998 Y94.096 E1483.1026
G1 X136.351 Y93.568 E1483.12919
G1 F10500 X136.748 Y93.436 E1483.14374
G1 F2400 E1482.64374
G0 F15000 X135.998 Y94.096
G1 F2400 E1483.14374
G1 F7451.6 X135.998 Y94.762 E1483.17635
G1 F2400 E1482.67635
G0 F15000 X136.003 Y90.03
G1 F2400 E1483.17635
G1 F7380.2 X135.998 Y89.234 E1483.21572
G1 F2400 E1482.71572
G0 F15000 X136.742 Y91.06
;TYPE:SKIN
G1 F2400 E1483.21572
G1 F6101.7 X136.404 Y90.959 E1483.2338
G1 X136.404 Y91.708 E1483.2722
G1 F6111.1 X143.575 Y91.708 E1483.63926
G1 X150.746 Y91.708 E1484.00633
G1 X157.917 Y91.708 E1484.37339
G1 X165.088 Y91.708 E1484.74046
G1 X165.088 Y91.06 E1484.77363
G1 X158.001 Y91.06 E1485.13639
G1 X150.914 Y91.06 E1485.49916
G1 X143.827 Y91.06 E1485.86192
G1 X136.74 Y91.06 E1486.22469
G1 F2400 E1485.72469
G0 F15000 X136.743 Y92.936
G1 F2400 E1486.22469
G1 F6111.1 X143.829 Y92.936 E1486.5874
G1 X150.915 Y92.936 E1486.95011
G1 X158.001 Y92.936 E1487.31283
G1 X165.087 Y92.936 E1487.67554
G1 X165.088 Y92.288 E1487.70871
G1 X157.917 Y92.288 E1488.07577
G1 X150.746 Y92.288 E1488.44284
G1 X143.575 Y92.288 E1488.8099
G1 X136.404 Y92.288 E1489.17697
G1 F6101.7 X136.407 Y93.034 E1489.21521
G1 X136.743 Y92.936 E1489.23316
G1 F2400 E1488.73316
;MESH:Pin 5mm - AKM.STL(3)
G0 F15000 X136.615 Y103.92
;TYPE:WALL-OUTER
G1 F2400 E1489.23316
G1 F9000 X136.748 Y103.876 E1489.23802
G1 X165.596 Y103.876 E1490.24069
G1 F7252.7 X166.248 Y103.77 E1490.26918
G1 X166.028 Y103.444 E1490.28614
G1 F9000 X166.028 Y100.552 E1490.38666
G1 F7213.1 X166.192 Y100.228 E1490.40241
G1 X165.596 Y100.12 E1490.42868
G1 F9000 X136.748 Y100.12 E1491.43134
G1 X136.615 Y100.076 E1491.43621
G1 X136.531 Y99.938 E1491.44182
G1 X136.528 Y98.704 E1491.48471
G1 X135.468 Y98.704 E1491.52156
G1 X135.468 Y105.292 E1491.75054
G1 X136.528 Y105.292 E1491.78738
G1 X136.528 Y104.096 E1491.82895
G1 X136.615 Y103.92 E1491.83577
G1 F2400 E1491.33577
G0 F15000 X166.248 Y103.77
G1 F2400 E1491.83577
G1 F6036.6 X167.021 Y103.765 E1491.87583
G1 F2400 E1491.37583
G0 F15000 X167.71 Y102.962
G1 F2400 E1491.87583
G1 F9000 X167.625 Y103.231 E1491.88563
G1 X167.448 Y103.451 E1491.89545
G1 F8443.5 X167.268 Y103.607 E1491.90427
G1 F7457.6 X167.194 Y103.675 E1491.90849
G1 F6470.6 X167.021 Y103.765 E1491.91791
G1 X167.21 Y103.814 E1491.92735
G1 F7457.6 X167.341 Y103.847 E1491.93302
G1 F8443.5 X167.577 Y103.875 E1491.94182
G1 F9000 X168.528 Y103.876 E1491.97488
G1 X168.528 Y100.12 E1492.10542
G1 X167.514 Y100.12 E1492.14067
G1 F8032.5 X167.321 Y100.173 E1492.14846
G1 F6491.8 X167.084 Y100.237 E1492.16029
G1 X167.288 Y100.373 E1492.17211
G1 F8032.5 X167.36 Y100.48 E1492.17713
G1 F9000 X167.636 Y100.786 E1492.19145
G1 X167.716 Y101.072 E1492.20177
G1 X167.71 Y102.962 E1492.26746
G1 F2400 E1491.76746
G0 F15000 X167.084 Y100.237
G1 F2400 E1492.26746
G1 F5954.9 X166.978 Y100.228 E1492.27305
G1 F6027.4 X166.192 Y100.228 E1492.31384
G1 F2400 E1491.81384
G0 F15000 X168.06 Y100.588
;TYPE:WALL-INNER
G1 F2400 E1492.31384
G1 F9726.3 X168.081 Y100.707 E1492.31838
G1 F10973.9 X168.122 Y101.026 E1492.32907
G1 F11846.2 X168.12 Y101.701 E1492.34987
G1 F11755.7 X168.118 Y102.376 E1492.37082
G1 F11696.2 X168.116 Y103.051 E1492.39189
G1 F10547.9 X168.068 Y103.356 E1492.40257
G1 F9447.9 X168.059 Y103.407 E1492.40457
G1 F2400 E1491.90457
G0 F15000 X136.748 Y103.436
G1 F2400 E1492.40457
G1 F10500 X165.588 Y103.436 E1493.40696
G1 X165.588 Y100.56 E1493.50692
G1 X136.748 Y100.56 E1494.5093
G1 X136.351 Y100.428 E1494.52384
G1 F8619.4 X136.003 Y100.03 E1494.54623
G1 X135.908 Y100.65 E1494.57279
G1 F10500 X135.908 Y103.346 E1494.66649
G1 F8717 X135.998 Y104.096 E1494.69812
G1 X136.351 Y103.568 E1494.72471
G1 F10500 X136.748 Y103.436 E1494.73925
G1 F2400 E1494.23925
G0 F15000 X135.998 Y104.096
G1 F2400 E1494.73925
G1 F7451.6 X135.998 Y104.762 E1494.77187
G1 F2400 E1494.27187
G0 F15000 X136.003 Y100.03
G1 F2400 E1494.77187
G1 F7380.2 X135.998 Y99.234 E1494.81123
G1 F2400 E1494.31123
G0 F15000 X136.742 Y101.06
;TYPE:SKIN
G1 F2400 E1494.81123
G1 F6101.7 X136.404 Y100.959 E1494.82931
G1 X136.404 Y101.708 E1494.86771
G1 F6111.1 X143.575 Y101.708 E1495.23478
G1 X150.746 Y101.708 E1495.60184
G1 X157.917 Y101.708 E1495.96891
G1 X165.088 Y101.708 E1496.33597
G1 X165.088 Y101.06 E1496.36914
G1 X158.001 Y101.06 E1496.7319
G1 X150.914 Y101.06 E1497.09467
G1 X143.827 Y101.06 E1497.45743
G1 X136.74 Y101.06 E1497.8202
G1 F2400 E1497.3202
G0 F15000 X136.743 Y102.936
G1 F2400 E1497.8202
G1 F6111.1 X143.829 Y102.936 E1498.18291
G1 X150.915 Y102.936 E1498.54562
G1 X158.001 Y102.936 E1498.90834
G1 X165.087 Y102.936 E1499.27105
G1 X165.088 Y102.288 E1499.30422
G1 X157.917 Y102.288 E1499.67129
G1 X150.746 Y102.288 E1500.03835
G1 X143.575 Y102.288 E1500.40541
G1 X136.404 Y102.288 E1500.77248
G1 F6101.7 X136.407 Y103.034 E1500.81072
G1 X136.743 Y102.936 E1500.82867
G1 F2400 E1500.32867
;MESH:Pin 5mm - AKM.STL(1)
G0 F15000 X136.615 Y113.92
;TYPE:WALL-OUTER
G1 F2400 E1500.82867
G1 F9000 X136.748 Y113.876 E1500.83354
G1 X165.596 Y113.876 E1501.8362
G1 F7252.7 X166.248 Y113.77 E1501.86469
G1 X166.028 Y113.444 E1501.88165
G1 F9000 X166.028 Y110.552 E1501.98217
G1 F7213.1 X166.192 Y110.228 E1501.99792
G1 X165.596 Y110.12 E1502.02419
G1 F9000 X136.748 Y110.12 E1503.02685
G1 X136.615 Y110.076 E1503.03172
G1 X136.531 Y109.938 E1503.03734
G1 X136.528 Y108.704 E1503.08023
G1 X135.468 Y108.704 E1503.11707
G1 X135.468 Y115.292 E1503.34605
G1 X136.528 Y115.292 E1503.38289
G1 X136.528 Y114.096 E1503.42446
G1 X136.615 Y113.92 E1503.43128
G1 F2400 E1502.93128
G0 F15000 X166.248 Y113.77
G1 F2400 E1503.43128
G1 F6036.6 X167.021 Y113.765 E1503.47134
G1 F2400 E1502.97134
G0 F15000 X167.71 Y112.962
G1 F2400 E1503.47134
G1 F9000 X167.625 Y113.231 E1503.48115
G1 X167.448 Y113.451 E1503.49096
G1 F8443.5 X167.268 Y113.607 E1503.49978
G1 F7457.6 X167.194 Y113.675 E1503.504
G1 F6470.6 X167.021 Y113.765 E1503.51343
G1 X167.21 Y113.814 E1503.52287
G1 F7457.6 X167.341 Y113.847 E1503.52853
G1 F8443.5 X167.577 Y113.875 E1503.53734
G1 F9000 X168.528 Y113.876 E1503.57039
G1 X168.528 Y110.12 E1503.70094
G1 X167.514 Y110.12 E1503.73618
G1 F8032.5 X167.321 Y110.173 E1503.74397
G1 F6491.8 X167.084 Y110.237 E1503.7558
G1 X167.288 Y110.373 E1503.76762
G1 F8032.5 X167.36 Y110.48 E1503.77264
G1 F9000 X167.636 Y110.786 E1503.78696
G1 X167.716 Y111.072 E1503.79729
G1 X167.71 Y112.962 E1503.86298
G1 F2400 E1503.36298
G0 F15000 X167.084 Y110.237
G1 F2400 E1503.86298
G1 F5954.9 X166.978 Y110.228 E1503.86856
G1 F6027.4 X166.192 Y110.228 E1503.90936
G1 F2400 E1503.40936
G0 F15000 X168.06 Y110.588
;TYPE:WALL-INNER
G1 F2400 E1503.90936
G1 F9726.3 X168.081 Y110.707 E1503.91389
G1 F10973.9 X168.122 Y111.026 E1503.92459
G1 F11846.2 X168.12 Y111.701 E1503.94538
G1 F11755.7 X168.118 Y112.376 E1503.96634
G1 F11696.2 X168.116 Y113.051 E1503.9874
G1 F10547.9 X168.068 Y113.356 E1503.99808
G1 F9447.9 X168.059 Y113.407 E1504.00008
G1 F2400 E1503.50008
G0 F15000 X136.748 Y113.436
G1 F2400 E1504.00008
G1 F10500 X165.588 Y113.436 E1505.00247
G1 X165.588 Y110.56 E1505.10243
G1 X136.748 Y110.56 E1506.10482
G1 X136.351 Y110.428 E1506.11936
G1 F8619.4 X136.003 Y110.03 E1506.14174
G1 X135.908 Y110.65 E1506.1683
G1 F10500 X135.908 Y113.346 E1506.262
G1 F8717 X135.998 Y114.096 E1506.29363
G1 X136.351 Y113.568 E1506.32022
G1 F10500 X136.748 Y113.436 E1506.33476
G1 F2400 E1505.83476
G0 F15000 X135.998 Y114.096
G1 F2400 E1506.33476
G1 F7451.6 X135.998 Y114.762 E1506.36738
G1 F2400 E1505.86738
G0 F15000 X136.003 Y110.03
G1 F2400 E1506.36738
G1 F7380.2 X135.998 Y109.234 E1506.40674
G1 F2400 E1505.90674
G0 F15000 X136.742 Y111.06
;TYPE:SKIN
G1 F2400 E1506.40674
G1 F6101.7 X136.404 Y110.959 E1506.42483
G1 X136.404 Y111.708 E1506.46322
G1 F6111.1 X143.575 Y111.708 E1506.83029
G1 X150.746 Y111.708 E1507.19735
G1 X157.917 Y111.708 E1507.56442
G1 X165.088 Y111.708 E1507.93148
G1 X165.088 Y111.06 E1507.96465
G1 X158.001 Y111.06 E1508.32742
G1 X150.914 Y111.06 E1508.69018
G1 X143.827 Y111.06 E1509.05295
G1 X136.74 Y111.06 E1509.41571
G1 F2400 E1508.91571
G0 F15000 X136.743 Y112.936
G1 F2400 E1509.41571
G1 F6111.1 X143.829 Y112.936 E1509.77842
G1 X150.915 Y112.936 E1510.14114
G1 X158.001 Y112.936 E1510.50385
G1 X165.087 Y112.936 E1510.86656
G1 X165.088 Y112.288 E1510.89973
G1 X157.917 Y112.288 E1511.2668
G1 X150.746 Y112.288 E1511.63386
G1 X143.575 Y112.288 E1512.00093
G1 X136.404 Y112.288 E1512.36799
G1 F6101.7 X136.407 Y113.034 E1512.40624
G1 X136.743 Y112.936 E1512.42418
G1 F2400 E1511.92418
;MESH:Pin 5mm - AKM.STL(7)
G0 F15000 X136.615 Y123.92
;TYPE:WALL-OUTER
G1 F2400 E1512.42418
G1 F9000 X136.748 Y123.876 E1512.42905
G1 X165.596 Y123.876 E1513.43171
G1 F7252.7 X166.248 Y123.77 E1513.4602
G1 X166.028 Y123.444 E1513.47717
G1 F9000 X166.028 Y120.552 E1513.57768
G1 F7213.1 X166.192 Y120.228 E1513.59343
G1 X165.596 Y120.12 E1513.6197
G1 F9000 X136.748 Y120.12 E1514.62237
G1 X136.615 Y120.076 E1514.62723
G1 X136.531 Y119.938 E1514.63285
G1 X136.528 Y118.704 E1514.67574
G1 X135.468 Y118.704 E1514.71258
G1 X135.468 Y125.292 E1514.94156
G1 X136.528 Y125.292 E1514.9784
G1 X136.528 Y124.096 E1515.01997
G1 X136.615 Y123.92 E1515.02679
G1 F2400 E1514.52679
G0 F15000 X166.248 Y123.77
G1 F2400 E1515.02679
G1 F6036.6 X167.021 Y123.765 E1515.06685
G1 F2400 E1514.56685
G0 F15000 X167.71 Y122.962
G1 F2400 E1515.06685
G1 F9000 X167.625 Y123.231 E1515.07666
G1 X167.448 Y123.451 E1515.08647
G1 F8443.5 X167.268 Y123.607 E1515.0953
G1 F7457.6 X167.194 Y123.675 E1515.09951
G1 F6470.6 X167.021 Y123.765 E1515.10894
G1 X167.21 Y123.814 E1515.11838
G1 F7457.6 X167.341 Y123.847 E1515.12404
G1 F8443.5 X167.577 Y123.875 E1515.13285
G1 F9000 X168.528 Y123.876 E1515.1659
G1 X168.528 Y120.12 E1515.29645
G1 X167.514 Y120.12 E1515.33169
G1 F8032.5 X167.321 Y120.173 E1515.33949
G1 F6491.8 X167.084 Y120.237 E1515.35132
G1 X167.288 Y120.373 E1515.36313
G1 F8032.5 X167.36 Y120.48 E1515.36815
G1 F9000 X167.636 Y120.786 E1515.38248
G1 X167.716 Y121.072 E1515.3928
G1 X167.71 Y122.962 E1515.45849
G1 F2400 E1514.95849
G0 F15000 X167.084 Y120.237
G1 F2400 E1515.45849
G1 F5954.9 X166.978 Y120.228 E1515.46408
G1 F6027.4 X166.192 Y120.228 E1515.50487
G1 F2400 E1515.00487
G0 F15000 X168.06 Y120.588
;TYPE:WALL-INNER
G1 F2400 E1515.50487
G1 F9726.3 X168.081 Y120.707 E1515.5094
G1 F10973.9 X168.122 Y121.026 E1515.5201
G1 F11846.2 X168.12 Y121.701 E1515.54089
G1 F11755.7 X168.118 Y122.376 E1515.56185
G1 F11696.2 X168.116 Y123.051 E1515.58291
G1 F10547.9 X168.068 Y123.356 E1515.59359
G1 F9447.9 X168.059 Y123.407 E1515.59559
G1 F2400 E1515.09559
G0 F15000 X136.748 Y123.436
G1 F2400 E1515.59559
G1 F10500 X165.588 Y123.436 E1516.59798
G1 X165.588 Y120.56 E1516.69794
G1 X136.748 Y120.56 E1517.70033
G1 X136.351 Y120.428 E1517.71487
G1 F8619.4 X136.003 Y120.03 E1517.73725
G1 X135.908 Y120.65 E1517.76381
G1 F10500 X135.908 Y123.346 E1517.85752
G1 F8717 X135.998 Y124.096 E1517.88914
G1 X136.351 Y123.568 E1517.91573
G1 F10500 X136.748 Y123.436 E1517.93027
G1 F2400 E1517.43027
G0 F15000 X135.998 Y124.096
G1 F2400 E1517.93027
G1 F7451.6 X135.998 Y124.762 E1517.96289
G1 F2400 E1517.46289
G0 F15000 X136.003 Y120.03
G1 F2400 E1517.96289
G1 F7380.2 X135.998 Y119.234 E1518.00225
G1 F2400 E1517.50225
G0 F15000 X136.742 Y121.06
;TYPE:SKIN
G1 F2400 E1518.00225
G1 F6101.7 X136.404 Y120.959 E1518.02034
G1 X136.404 Y121.708 E1518.05874
G1 F6111.1 X143.575 Y121.708 E1518.4258
G1 X150.746 Y121.708 E1518.79287
G1 X157.917 Y121.708 E1519.15993
G1 X165.088 Y121.708 E1519.52699
G1 X165.088 Y121.06 E1519.56016
G1 X158.001 Y121.06 E1519.92293
G1 X150.914 Y121.06 E1520.28569
G1 X143.827 Y121.06 E1520.64846
G1 X136.74 Y121.06 E1521.01122
G1 F2400 E1520.51122
G0 F15000 X136.743 Y122.936
G1 F2400 E1521.01122
G1 F6111.1 X143.829 Y122.936 E1521.37394
G1 X150.915 Y122.936 E1521.73665
G1 X158.001 Y122.936 E1522.09936
G1 X165.087 Y122.936 E1522.46208
G1 X165.088 Y122.288 E1522.49525
G1 X157.917 Y122.288 E1522.86231
G1 X150.746 Y122.288 E1523.22937
G1 X143.575 Y122.288 E1523.59644
G1 X136.404 Y122.288 E1523.9635
G1 F6101.7 X136.407 Y123.034 E1524.00175
G1 X136.743 Y122.936 E1524.01969
G1 F2400 E1523.51969
;MESH:Pin 5mm - AKM.STL(6)
G0 F15000 X176.615 Y103.92
;TYPE:WALL-OUTER
G1 F2400 E1524.01969
G1 F9000 X176.748 Y103.876 E1524.02456
G1 X205.596 Y103.876 E1525.02723
G1 F7252.7 X206.248 Y103.77 E1525.05572
G1 X206.028 Y103.444 E1525.07268
G1 F9000 X206.028 Y100.552 E1525.1732
G1 F7213.1 X206.192 Y100.228 E1525.18894
G1 X205.596 Y100.12 E1525.21521
G1 F9000 X176.748 Y100.12 E1526.21788
G1 X176.615 Y100.076 E1526.22275
G1 X176.531 Y99.938 E1526.22836
G1 X176.528 Y98.704 E1526.27125
G1 X175.468 Y98.704 E1526.30809
G1 X175.468 Y105.292 E1526.53707
G1 X176.528 Y105.292 E1526.57391
G1 X176.528 Y104.096 E1526.61548
G1 X176.615 Y103.92 E1526.62231
G1 F2400 E1526.12231
G0 F15000 X206.248 Y103.77
G1 F2400 E1526.62231
G1 F6036.6 X207.021 Y103.765 E1526.66236
G1 F2400 E1526.16236
G0 F15000 X207.71 Y102.962
G1 F2400 E1526.66236
G1 F9000 X207.625 Y103.231 E1526.67217
G1 X207.448 Y103.451 E1526.68198
G1 F8443.5 X207.268 Y103.607 E1526.69081
G1 F7457.6 X207.194 Y103.675 E1526.69502
G1 F6470.6 X207.021 Y103.765 E1526.70445
G1 X207.21 Y103.814 E1526.71389
G1 F7457.6 X207.341 Y103.847 E1526.71956
G1 F8443.5 X207.577 Y103.875 E1526.72836
G1 F9000 X208.528 Y103.876 E1526.76141
G1 X208.528 Y100.12 E1526.89196
G1 X207.514 Y100.12 E1526.92721
G1 F8032.5 X207.321 Y100.173 E1526.935
G1 F6491.8 X207.084 Y100.237 E1526.94683
G1 X207.288 Y100.373 E1526.95864
G1 F8032.5 X207.36 Y100.48 E1526.96366
G1 F9000 X207.636 Y100.786 E1526.97799
G1 X207.716 Y101.072 E1526.98831
G1 X207.71 Y102.962 E1527.054
G1 F2400 E1526.554
G0 F15000 X207.084 Y100.237
G1 F2400 E1527.054
G1 F5954.9 X206.978 Y100.228 E1527.05959
G1 F6027.4 X206.192 Y100.228 E1527.10038
G1 F2400 E1526.60038
G0 F15000 X208.06 Y100.588
;TYPE:WALL-INNER
G1 F2400 E1527.10038
G1 F9726.3 X208.081 Y100.707 E1527.10491
G1 F10973.9 X208.122 Y101.026 E1527.11561
G1 F11846.2 X208.12 Y101.701 E1527.13641
G1 F11755.7 X208.118 Y102.376 E1527.15736
G1 F11696.2 X208.116 Y103.051 E1527.17842
G1 F10547.9 X208.068 Y103.356 E1527.1891
G1 F9447.9 X208.059 Y103.407 E1527.19111
G1 F2400 E1526.69111
G0 F15000 X176.748 Y103.436
G1 F2400 E1527.19111
G1 F10500 X205.588 Y103.436 E1528.19349
G1 X205.588 Y100.56 E1528.29345
G1 X176.748 Y100.56 E1529.29584
G1 X176.351 Y100.428 E1529.31038
G1 F8619.4 X176.003 Y100.03 E1529.33277
G1 X175.908 Y100.65 E1529.35932
G1 F10500 X175.908 Y103.346 E1529.45303
G1 F8717 X175.998 Y104.096 E1529.48465
G1 X176.351 Y103.568 E1529.51124
G1 F10500 X176.748 Y103.436 E1529.52578
G1 F2400 E1529.02578
G0 F15000 X175.998 Y104.096
G1 F2400 E1529.52578
G1 F7451.6 X175.998 Y104.762 E1529.5584
G1 F2400 E1529.0584
G0 F15000 X176.003 Y100.03
G1 F2400 E1529.5584
G1 F7380.2 X175.998 Y99.234 E1529.59776
G1 F2400 E1529.09776
G0 F15000 X176.742 Y101.06
;TYPE:SKIN
G1 F2400 E1529.59776
G1 F6101.7 X176.404 Y100.959 E1529.61585
G1 X176.404 Y101.708 E1529.65425
G1 F6111.1 X183.575 Y101.708 E1530.02131
G1 X190.746 Y101.708 E1530.38838
G1 X197.917 Y101.708 E1530.75544
G1 X205.088 Y101.708 E1531.12251
G1 X205.088 Y101.06 E1531.15568
G1 X198.001 Y101.06 E1531.51844
G1 X190.914 Y101.06 E1531.88121
G1 X183.827 Y101.06 E1532.24397
G1 X176.74 Y101.06 E1532.60673
G1 F2400 E1532.10673
G0 F15000 X176.743 Y102.936
G1 F2400 E1532.60673
G1 F6111.1 X183.829 Y102.936 E1532.96945
G1 X190.915 Y102.936 E1533.33216
G1 X198.001 Y102.936 E1533.69488
G1 X205.087 Y102.936 E1534.05759
G1 X205.088 Y102.288 E1534.09076
G1 X197.917 Y102.288 E1534.45782
G1 X190.746 Y102.288 E1534.82489
G1 X183.575 Y102.288 E1535.19195
G1 X176.404 Y102.288 E1535.55902
G1 F6101.7 X176.407 Y103.034 E1535.59726
G1 X176.743 Y102.936 E1535.6152
G1 F2400 E1535.1152
;MESH:NONMESH
G0 F600 X176.743 Y102.936 Z3.6
G0 F15000 X56.615 Y113.78
;TIME_ELAPSED:627.166139
;LAYER:17
;TYPE:WALL-OUTER
;MESH:Pin 5mm - AKM.STL(4)
G1 F2400 E1535.6152
G1 F9000 X56.748 Y113.736 E1535.62007
G1 X85.732 Y113.739 E1536.62747
G1 F8284.5 X86.248 Y113.702 E1536.647
G1 X86.028 Y113.444 E1536.6598
G1 F9000 X86.028 Y110.552 E1536.76032
G1 F8267.2 X86.204 Y110.297 E1536.77204
G1 X85.736 Y110.26 E1536.78981
G1 F9000 X56.748 Y110.26 E1537.79734
G1 X56.615 Y110.216 E1537.80221
G1 X56.531 Y110.078 E1537.80782
G1 X56.528 Y108.784 E1537.8528
G1 X55.468 Y108.784 E1537.88964
G1 X55.468 Y115.212 E1538.11306
G1 X56.528 Y115.212 E1538.1499
G1 X56.528 Y113.956 E1538.19355
G1 X56.615 Y113.78 E1538.20038
G1 F2400 E1537.70038
G0 F15000 X86.248 Y113.702
G1 F2400 E1538.20038
G1 F7630.1 X87.032 Y113.701 E1538.23252
G1 F2400 E1537.73252
G0 F15000 X87.714 Y112.914
G1 F2400 E1538.23252
G1 F9000 X87.627 Y113.207 E1538.24314
G1 X87.426 Y113.463 E1538.25445
G1 F8372.1 X87.106 Y113.669 E1538.26867
G1 F7704.3 X87.032 Y113.701 E1538.27195
G1 X87.115 Y113.706 E1538.27532
G1 F8372.1 X87.494 Y113.739 E1538.28954
G1 F9000 X88.528 Y113.74 E1538.32548
G1 X88.528 Y110.26 E1538.44643
G1 X87.526 Y110.26 E1538.48126
G1 F8780.5 X87.352 Y110.271 E1538.48747
G1 F8016.2 X87.033 Y110.304 E1538.49998
G1 X87.322 Y110.442 E1538.51248
G1 F8780.5 X87.602 Y110.735 E1538.52692
G1 F9000 X87.716 Y111.104 E1538.54034
G1 X87.714 Y112.914 E1538.60325
G1 F2400 E1538.10325
G0 F15000 X87.033 Y110.304
G1 F2400 E1538.60325
G1 F7630.1 X86.944 Y110.296 E1538.60691
G1 F7689.3 X86.204 Y110.297 E1538.63702
G1 F2400 E1538.13702
G0 F15000 X88.081 Y110.707
;TYPE:WALL-INNER
G1 F2400 E1538.63702
G1 F10947.9 X88.122 Y111.025 E1538.64771
G1 F11938 X88.118 Y112.999 E1538.70805
G1 F10870.6 X88.075 Y113.287 E1538.71783
G1 F2400 E1538.21783
G0 F15000 X56.748 Y113.296
G1 F2400 E1538.71783
G1 F10500 X85.588 Y113.3 E1539.72022
G1 X85.588 Y110.7 E1539.81058
G1 X56.748 Y110.7 E1540.81297
G1 X56.351 Y110.568 E1540.82751
G1 F8619.4 X56.003 Y110.17 E1540.8499
G1 X55.908 Y110.79 E1540.87645
G1 F10500 X55.908 Y113.206 E1540.96043
G1 F8717 X55.998 Y113.956 E1540.99205
G1 X56.351 Y113.428 E1541.01864
G1 F10500 X56.748 Y113.296 E1541.03318
G1 F2400 E1540.53318
G0 F15000 X55.998 Y113.956
G1 F2400 E1541.03318
G1 F7451.6 X55.998 Y114.682 E1541.06874
G1 F2400 E1540.56874
G0 F15000 X56.003 Y110.17
G1 F2400 E1541.06874
G1 F7380.2 X55.998 Y109.314 E1541.11107
G1 F2400 E1540.61107
G0 F15000 X56.756 Y112.9
;TYPE:SKIN
G1 F2400 E1541.11107
G1 F9000 X85.192 Y112.904 E1542.09941
G1 X85.192 Y111.096 E1542.16225
G1 X56.717 Y111.096 E1543.15196
G1 X56.301 Y110.954 E1543.16723
G1 X56.304 Y113.037 E1543.23963
G1 X56.756 Y112.9 E1543.25605
G1 F2400 E1542.75605
G0 F15000 X56.692 Y111.316
G1 F2400 E1543.25605
G1 F9000 X56.522 Y111.487 E1543.26443
G0 F15000 X56.523 Y112.108
G1 F9000 X57.315 Y111.316 E1543.30336
G0 F15000 X57.937 Y111.316
G1 F9000 X56.573 Y112.68 E1543.3704
G0 F15000 X57.195 Y112.68
G1 F9000 X58.559 Y111.316 E1543.43745
G0 F15000 X59.181 Y111.316
G1 F9000 X57.817 Y112.68 E1543.5045
G0 F15000 X58.44 Y112.68
G1 F9000 X59.804 Y111.316 E1543.57154
G0 F15000 X60.426 Y111.316
G1 F9000 X59.062 Y112.68 E1543.63859
G0 F15000 X59.684 Y112.68
G1 F9000 X61.048 Y111.316 E1543.70563
G0 F15000 X61.67 Y111.316
G1 F9000 X60.306 Y112.68 E1543.77268
G0 F15000 X60.929 Y112.68
G1 F9000 X62.293 Y111.316 E1543.83972
G0 F15000 X62.915 Y111.316
G1 F9000 X61.55 Y112.681 E1543.90682
G0 F15000 X62.172 Y112.681
G1 F9000 X63.537 Y111.316 E1543.97391
G0 F15000 X64.159 Y111.316
G1 F9000 X62.795 Y112.681 E1544.04098
G0 F15000 X63.417 Y112.681
G1 F9000 X64.782 Y111.316 E1544.10808
G0 F15000 X65.404 Y111.316
G1 F9000 X64.039 Y112.681 E1544.17517
G0 F15000 X64.661 Y112.681
G1 F9000 X66.026 Y111.316 E1544.24227
G0 F15000 X66.648 Y111.316
G1 F9000 X65.284 Y112.681 E1544.30934
G0 F15000 X65.906 Y112.681
G1 F9000 X67.271 Y111.316 E1544.37643
G0 F15000 X67.893 Y111.316
G1 F9000 X66.527 Y112.682 E1544.44357
G0 F15000 X67.15 Y112.682
G1 F9000 X68.515 Y111.316 E1544.51069
G0 F15000 X69.137 Y111.316
G1 F9000 X67.772 Y112.682 E1544.57781
G0 F15000 X68.394 Y112.682
G1 F9000 X69.76 Y111.316 E1544.64496
G0 F15000 X70.382 Y111.316
G1 F9000 X69.016 Y112.682 E1544.7121
G0 F15000 X69.639 Y112.682
G1 F9000 X71.004 Y111.316 E1544.77922
G0 F15000 X71.626 Y111.316
G1 F9000 X70.261 Y112.682 E1544.84634
G0 F15000 X70.883 Y112.682
G1 F9000 X72.249 Y111.316 E1544.91348
G0 F15000 X72.871 Y111.316
G1 F9000 X71.505 Y112.682 E1544.98063
G0 F15000 X72.127 Y112.682
G1 F9000 X73.493 Y111.316 E1545.04777
G0 F15000 X74.115 Y111.316
G1 F9000 X72.749 Y112.682 E1545.11491
G0 F15000 X73.372 Y112.682
G1 F9000 X74.738 Y111.316 E1545.18206
G0 F15000 X75.36 Y111.316
G1 F9000 X73.994 Y112.682 E1545.2492
G0 F15000 X74.616 Y112.682
G1 F9000 X75.982 Y111.316 E1545.31635
G0 F15000 X76.604 Y111.316
G1 F9000 X75.238 Y112.682 E1545.38349
G0 F15000 X75.86 Y112.683
G1 F9000 X77.227 Y111.316 E1545.45068
G0 F15000 X77.849 Y111.316
G1 F9000 X76.482 Y112.683 E1545.51788
G0 F15000 X77.104 Y112.683
G1 F9000 X78.471 Y111.316 E1545.58507
G0 F15000 X79.093 Y111.316
G1 F9000 X77.727 Y112.683 E1545.65224
G0 F15000 X78.349 Y112.683
G1 F9000 X79.716 Y111.316 E1545.71943
G0 F15000 X80.338 Y111.316
G1 F9000 X78.971 Y112.683 E1545.78662
G0 F15000 X79.593 Y112.683
G1 F9000 X80.96 Y111.316 E1545.85382
G0 F15000 X81.582 Y111.316
G1 F9000 X80.216 Y112.683 E1545.92098
G0 F15000 X80.837 Y112.684
G1 F9000 X82.205 Y111.316 E1545.98823
G0 F15000 X82.827 Y111.316
G1 F9000 X81.459 Y112.684 E1546.05547
G0 F15000 X82.082 Y112.684
G1 F9000 X83.449 Y111.316 E1546.12269
G0 F15000 X84.071 Y111.316
G1 F9000 X82.704 Y112.684 E1546.1899
G0 F15000 X83.326 Y112.684
G1 F9000 X84.694 Y111.316 E1546.25715
G0 F15000 X84.972 Y111.66
G1 F9000 X83.948 Y112.684 E1546.30748
G0 F15000 X84.571 Y112.684
G1 F9000 X84.972 Y112.282 E1546.32721
G1 F2400 E1545.82721
;MESH:Pin 5mm - AKM.STL
G0 F15000 X96.615 Y113.78
;TYPE:WALL-OUTER
G1 F2400 E1546.32721
G1 F9000 X96.748 Y113.736 E1546.33208
G1 X125.732 Y113.739 E1547.33948
G1 F8284.5 X126.248 Y113.702 E1547.35901
G1 X126.028 Y113.444 E1547.37181
G1 F9000 X126.028 Y110.552 E1547.47233
G1 F8267.2 X126.204 Y110.297 E1547.48405
G1 X125.736 Y110.26 E1547.50182
G1 F9000 X96.748 Y110.26 E1548.50935
G1 X96.615 Y110.216 E1548.51422
G1 X96.531 Y110.078 E1548.51983
G1 X96.528 Y108.784 E1548.56481
G1 X95.468 Y108.784 E1548.60165
G1 X95.468 Y115.212 E1548.82507
G1 X96.528 Y115.212 E1548.86191
G1 X96.528 Y113.956 E1548.90556
G1 X96.615 Y113.78 E1548.91239
G1 F2400 E1548.41239
G0 F15000 X126.248 Y113.702
G1 F2400 E1548.91239
G1 F7630.1 X127.032 Y113.701 E1548.94453
G1 F2400 E1548.44453
G0 F15000 X127.714 Y112.914
G1 F2400 E1548.94453
G1 F9000 X127.627 Y113.207 E1548.95515
G1 X127.426 Y113.463 E1548.96646
G1 F8372.1 X127.106 Y113.669 E1548.98068
G1 F7704.3 X127.032 Y113.701 E1548.98396
G1 X127.115 Y113.706 E1548.98733
G1 F8372.1 X127.494 Y113.739 E1549.00155
G1 F9000 X128.528 Y113.74 E1549.03749
G1 X128.528 Y110.26 E1549.15844
G1 X127.526 Y110.26 E1549.19327
G1 F8780.5 X127.352 Y110.271 E1549.19948
G1 F8016.2 X127.033 Y110.304 E1549.21199
G1 X127.322 Y110.442 E1549.22449
G1 F8780.5 X127.602 Y110.735 E1549.23893
G1 F9000 X127.716 Y111.104 E1549.25235
G1 X127.714 Y112.914 E1549.31526
G1 F2400 E1548.81526
G0 F15000 X127.033 Y110.304
G1 F2400 E1549.31526
G1 F7630.1 X126.944 Y110.296 E1549.31892
G1 F7689.3 X126.204 Y110.297 E1549.34903
G1 F2400 E1548.84903
G0 F15000 X128.081 Y110.707
;TYPE:WALL-INNER
G1 F2400 E1549.34903
G1 F10947.9 X128.122 Y111.025 E1549.35972
G1 F11938 X128.118 Y112.999 E1549.42006
G1 F10870.6 X128.075 Y113.287 E1549.42984
G1 F2400 E1548.92984
G0 F15000 X96.748 Y113.296
G1 F2400 E1549.42984
G1 F10500 X125.588 Y113.3 E1550.43223
G1 X125.588 Y110.7 E1550.52259
G1 X96.748 Y110.7 E1551.52498
G1 X96.351 Y110.568 E1551.53952
G1 F8619.4 X96.003 Y110.17 E1551.56191
G1 X95.908 Y110.79 E1551.58846
G1 F10500 X95.908 Y113.206 E1551.67244
G1 F8717 X95.998 Y113.956 E1551.70406
G1 X96.351 Y113.428 E1551.73065
G1 F10500 X96.748 Y113.296 E1551.74519
G1 F2400 E1551.24519
G0 F15000 X95.998 Y113.956
G1 F2400 E1551.74519
G1 F7451.6 X95.998 Y114.682 E1551.78075
G1 F2400 E1551.28075
G0 F15000 X96.003 Y110.17
G1 F2400 E1551.78075
G1 F7380.2 X95.998 Y109.314 E1551.82308
G1 F2400 E1551.32308
G0 F15000 X96.756 Y112.9
;TYPE:SKIN
G1 F2400 E1551.82308
G1 F9000 X125.192 Y112.904 E1552.81142
G1 X125.192 Y111.096 E1552.87426
G1 X96.717 Y111.096 E1553.86397
G1 X96.301 Y110.954 E1553.87924
G1 X96.304 Y113.037 E1553.95164
G1 X96.756 Y112.9 E1553.96806
G1 F2400 E1553.46806
G0 F15000 X97.139 Y111.316
G1 F2400 E1553.96806
G1 F9000 X96.523 Y111.932 E1553.99834
G0 F15000 X96.524 Y112.553
G1 F9000 X97.761 Y111.316 E1554.05914
G0 F15000 X98.383 Y111.316
G1 F9000 X97.019 Y112.681 E1554.12621
G0 F15000 X97.641 Y112.681
G1 F9000 X99.006 Y111.316 E1554.1933
G0 F15000 X99.628 Y111.316
G1 F9000 X98.263 Y112.681 E1554.2604
G0 F15000 X98.885 Y112.681
G1 F9000 X100.25 Y111.316 E1554.32749
G0 F15000 X100.872 Y111.316
G1 F9000 X99.508 Y112.681 E1554.39456
G0 F15000 X100.13 Y112.681
G1 F9000 X101.495 Y111.316 E1554.46166
G0 F15000 X102.117 Y111.316
G1 F9000 X100.752 Y112.681 E1554.52875
G0 F15000 X101.374 Y112.681
G1 F9000 X102.739 Y111.316 E1554.59585
G0 F15000 X103.361 Y111.316
G1 F9000 X101.997 Y112.681 E1554.66292
G0 F15000 X102.618 Y112.682
G1 F9000 X103.984 Y111.316 E1554.73006
G0 F15000 X104.606 Y111.316
G1 F9000 X103.24 Y112.682 E1554.79721
G0 F15000 X103.863 Y112.682
G1 F9000 X105.228 Y111.316 E1554.86432
G0 F15000 X105.85 Y111.316
G1 F9000 X104.485 Y112.682 E1554.93144
G0 F15000 X105.107 Y112.682
G1 F9000 X106.473 Y111.316 E1554.99859
G0 F15000 X107.095 Y111.316
G1 F9000 X105.729 Y112.682 E1555.06573
G0 F15000 X106.352 Y112.682
G1 F9000 X107.717 Y111.316 E1555.13285
G0 F15000 X108.339 Y111.316
G1 F9000 X106.974 Y112.682 E1555.19997
G0 F15000 X107.596 Y112.682
G1 F9000 X108.962 Y111.316 E1555.26711
G0 F15000 X109.584 Y111.316
G1 F9000 X108.218 Y112.682 E1555.33426
G0 F15000 X108.84 Y112.682
G1 F9000 X110.206 Y111.316 E1555.4014
G0 F15000 X110.828 Y111.316
G1 F9000 X109.462 Y112.682 E1555.46855
G0 F15000 X110.085 Y112.682
G1 F9000 X111.451 Y111.316 E1555.53569
G0 F15000 X112.073 Y111.316
G1 F9000 X110.707 Y112.682 E1555.60283
G0 F15000 X111.329 Y112.682
G1 F9000 X112.695 Y111.316 E1555.66998
G0 F15000 X113.317 Y111.316
G1 F9000 X111.951 Y112.682 E1555.73712
G0 F15000 X112.574 Y112.682
G1 F9000 X113.94 Y111.316 E1555.80426
G0 F15000 X114.562 Y111.316
G1 F9000 X113.196 Y112.682 E1555.87141
G0 F15000 X113.817 Y112.683
G1 F9000 X115.184 Y111.316 E1555.9386
G0 F15000 X115.806 Y111.316
G1 F9000 X114.44 Y112.683 E1556.00577
G0 F15000 X115.062 Y112.683
G1 F9000 X116.429 Y111.316 E1556.07296
G0 F15000 X117.051 Y111.316
G1 F9000 X115.684 Y112.683 E1556.14016
G0 F15000 X116.306 Y112.683
G1 F9000 X117.673 Y111.316 E1556.20735
G0 F15000 X118.295 Y111.316
G1 F9000 X116.929 Y112.683 E1556.27452
G0 F15000 X117.551 Y112.683
G1 F9000 X118.918 Y111.316 E1556.34171
G0 F15000 X119.54 Y111.316
G1 F9000 X118.173 Y112.683 E1556.4089
G0 F15000 X118.795 Y112.683
G1 F9000 X120.162 Y111.316 E1556.4761
G0 F15000 X120.784 Y111.316
G1 F9000 X119.417 Y112.684 E1556.54331
G0 F15000 X120.039 Y112.684
G1 F9000 X121.407 Y111.316 E1556.61056
G0 F15000 X122.029 Y111.316
G1 F9000 X120.661 Y112.684 E1556.6778
G0 F15000 X121.284 Y112.684
G1 F9000 X122.651 Y111.316 E1556.74502
G0 F15000 X123.273 Y111.316
G1 F9000 X121.906 Y112.684 E1556.81223
G0 F15000 X122.528 Y112.684
G1 F9000 X123.896 Y111.316 E1556.87947
G0 F15000 X124.518 Y111.316
G1 F9000 X123.15 Y112.684 E1556.94672
G0 F15000 X123.773 Y112.684
G1 F9000 X124.972 Y111.485 E1557.00565
G0 F15000 X124.972 Y112.107
G1 F9000 X124.395 Y112.684 E1557.03401
G1 F2400 E1556.53401
;MESH:Pin 5mm - AKM.STL(2)
G0 F15000 X126.248 Y103.702
;TYPE:WALL-OUTER
G1 F2400 E1557.03401
G1 F7630.1 X127.032 Y103.701 E1557.06616
G1 F2400 E1556.56616
G0 F15000 X127.714 Y102.914
G1 F2400 E1557.06616
G1 F9000 X127.627 Y103.207 E1557.07678
G1 X127.426 Y103.463 E1557.08809
G1 F8372.1 X127.106 Y103.669 E1557.10231
G1 F7704.3 X127.032 Y103.701 E1557.10558
G1 X127.115 Y103.706 E1557.10896
G1 F8372.1 X127.494 Y103.739 E1557.12318
G1 F9000 X128.528 Y103.74 E1557.15911
G1 X128.528 Y100.26 E1557.28007
G1 X127.526 Y100.26 E1557.31489
G1 F8780.5 X127.352 Y100.271 E1557.32111
G1 F8016.2 X127.033 Y100.304 E1557.33362
G1 X127.322 Y100.442 E1557.34612
G1 F8780.5 X127.602 Y100.735 E1557.36056
G1 F9000 X127.716 Y101.104 E1557.37398
G1 X127.714 Y102.914 E1557.43689
G1 F2400 E1556.93689
G0 F15000 X127.033 Y100.304
G1 F2400 E1557.43689
G1 F7630.1 X126.944 Y100.296 E1557.44055
G1 F7689.3 X126.204 Y100.297 E1557.47066
G1 F2400 E1556.97066
G0 F15000 X96.615 Y103.78
G1 F2400 E1557.47066
G1 F9000 X96.748 Y103.736 E1557.47553
G1 X125.732 Y103.739 E1558.48292
G1 F8284.5 X126.248 Y103.702 E1558.50245
G1 X126.028 Y103.444 E1558.51525
G1 F9000 X126.028 Y100.552 E1558.61577
G1 F8267.2 X126.204 Y100.297 E1558.62749
G1 X125.736 Y100.26 E1558.64526
G1 F9000 X96.748 Y100.26 E1559.65279
G1 X96.615 Y100.216 E1559.65766
G1 X96.531 Y100.078 E1559.66327
G1 X96.528 Y98.784 E1559.70825
G1 X95.468 Y98.784 E1559.74509
G1 X95.468 Y105.212 E1559.96851
G1 X96.528 Y105.212 E1560.00535
G1 X96.528 Y103.956 E1560.049
G1 X96.615 Y103.78 E1560.05583
G0 F15000 X96.748 Y103.296
;TYPE:WALL-INNER
G1 F10500 X125.588 Y103.3 E1561.05822
G1 X125.588 Y100.7 E1561.14858
G1 X96.748 Y100.7 E1562.15097
G1 X96.351 Y100.568 E1562.16551
G1 F8619.4 X96.003 Y100.17 E1562.1879
G1 X95.908 Y100.79 E1562.21445
G1 F10500 X95.908 Y103.206 E1562.29843
G1 F8717 X95.998 Y103.956 E1562.33005
G1 X96.351 Y103.428 E1562.35664
G1 F10500 X96.748 Y103.296 E1562.37118
G1 F2400 E1561.87118
G0 F15000 X95.998 Y103.956
G1 F2400 E1562.37118
G1 F7451.6 X95.998 Y104.682 E1562.40674
G1 F2400 E1561.90674
G0 F15000 X96.003 Y100.17
G1 F2400 E1562.40674
G1 F7380.2 X95.998 Y99.314 E1562.44907
G1 F2400 E1561.94907
G0 F15000 X128.081 Y100.707
G1 F2400 E1562.44907
G1 F10947.9 X128.122 Y101.025 E1562.45976
G1 F11938 X128.118 Y102.999 E1562.5201
G1 F10870.6 X128.075 Y103.287 E1562.52988
G1 F2400 E1562.02988
G0 F15000 X96.756 Y102.9
;TYPE:SKIN
G1 F2400 E1562.52988
G1 F9000 X125.192 Y102.904 E1563.51822
G1 X125.192 Y101.096 E1563.58106
G1 X96.717 Y101.096 E1564.57077
G1 X96.301 Y100.954 E1564.58604
G1 X96.304 Y103.037 E1564.65844
G1 X96.756 Y102.9 E1564.67486
G1 F2400 E1564.17486
G0 F15000 X97.183 Y101.316
G1 F2400 E1564.67486
G1 F9000 X96.523 Y101.976 E1564.7073
G0 F15000 X96.524 Y102.597
G1 F9000 X97.805 Y101.316 E1564.77026
G0 F15000 X98.427 Y101.316
G1 F9000 X97.063 Y102.68 E1564.83731
G0 F15000 X97.685 Y102.68
G1 F9000 X99.049 Y101.316 E1564.90436
G0 F15000 X99.672 Y101.316
G1 F9000 X98.308 Y102.68 E1564.9714
G0 F15000 X98.93 Y102.68
G1 F9000 X100.294 Y101.316 E1565.03845
G0 F15000 X100.916 Y101.316
G1 F9000 X99.552 Y102.68 E1565.10549
G0 F15000 X100.174 Y102.68
G1 F9000 X101.538 Y101.316 E1565.17254
G0 F15000 X102.161 Y101.316
G1 F9000 X100.797 Y102.68 E1565.23958
G0 F15000 X101.418 Y102.681
G1 F9000 X102.783 Y101.316 E1565.30668
G0 F15000 X103.405 Y101.316
G1 F9000 X102.04 Y102.681 E1565.37377
G0 F15000 X102.663 Y102.681
G1 F9000 X104.027 Y101.316 E1565.44084
G0 F15000 X104.65 Y101.316
G1 F9000 X103.285 Y102.681 E1565.50794
G0 F15000 X103.907 Y102.681
G1 F9000 X105.272 Y101.316 E1565.57503
G0 F15000 X105.894 Y101.316
G1 F9000 X104.529 Y102.681 E1565.64213
G0 F15000 X105.152 Y102.681
G1 F9000 X106.516 Y101.316 E1565.7092
G0 F15000 X107.139 Y101.316
G1 F9000 X105.774 Y102.681 E1565.77629
G0 F15000 X106.396 Y102.682
G1 F9000 X107.761 Y101.316 E1565.84341
G0 F15000 X108.383 Y101.316
G1 F9000 X107.018 Y102.682 E1565.91053
G0 F15000 X107.64 Y102.682
G1 F9000 X109.005 Y101.316 E1565.97765
G0 F15000 X109.628 Y101.316
G1 F9000 X108.262 Y102.682 E1566.04479
G0 F15000 X108.885 Y102.682
G1 F9000 X110.25 Y101.316 E1566.11191
G0 F15000 X110.872 Y101.316
G1 F9000 X109.507 Y102.682 E1566.17903
G0 F15000 X110.129 Y102.682
G1 F9000 X111.494 Y101.316 E1566.24615
G0 F15000 X112.117 Y101.316
G1 F9000 X110.751 Y102.683 E1566.31332
G0 F15000 X111.373 Y102.683
G1 F9000 X112.739 Y101.316 E1566.38049
G0 F15000 X113.361 Y101.316
G1 F9000 X111.995 Y102.683 E1566.44766
G0 F15000 X112.617 Y102.683
G1 F9000 X113.983 Y101.316 E1566.51482
G0 F15000 X114.606 Y101.316
G1 F9000 X113.24 Y102.683 E1566.58199
G0 F15000 X113.862 Y102.683
G1 F9000 X115.228 Y101.316 E1566.64916
G0 F15000 X115.85 Y101.316
G1 F9000 X114.484 Y102.683 E1566.71633
G0 F15000 X115.106 Y102.683
G1 F9000 X116.473 Y101.316 E1566.78352
G0 F15000 X117.095 Y101.316
G1 F9000 X115.728 Y102.683 E1566.85072
G0 F15000 X116.35 Y102.683
G1 F9000 X117.717 Y101.316 E1566.91791
G0 F15000 X118.339 Y101.316
G1 F9000 X116.972 Y102.683 E1566.9851
G0 F15000 X117.595 Y102.683
G1 F9000 X118.962 Y101.316 E1567.05229
G0 F15000 X119.584 Y101.316
G1 F9000 X118.217 Y102.683 E1567.11949
G0 F15000 X118.839 Y102.683
G1 F9000 X120.206 Y101.316 E1567.18668
G0 F15000 X120.828 Y101.316
G1 F9000 X119.461 Y102.683 E1567.25387
G0 F15000 X120.084 Y102.683
G1 F9000 X121.451 Y101.316 E1567.32107
G0 F15000 X122.073 Y101.316
G1 F9000 X120.705 Y102.684 E1567.38831
G0 F15000 X121.328 Y102.684
G1 F9000 X122.695 Y101.316 E1567.45553
G0 F15000 X123.317 Y101.316
G1 F9000 X121.95 Y102.684 E1567.52274
G0 F15000 X122.572 Y102.684
G1 F9000 X123.94 Y101.316 E1567.58999
G0 F15000 X124.562 Y101.316
G1 F9000 X123.194 Y102.684 E1567.65723
G0 F15000 X123.817 Y102.684
G1 F9000 X124.972 Y101.529 E1567.714
G0 F15000 X124.972 Y102.151
G1 F9000 X124.439 Y102.684 E1567.7402
G1 F2400 E1567.2402
;MESH:Pin 5mm - AKM.STL(5)
G0 F15000 X136.615 Y93.78
;TYPE:WALL-OUTER
G1 F2400 E1567.7402
G1 F9000 X136.748 Y93.736 E1567.74507
G1 X165.732 Y93.739 E1568.75246
G1 F8284.5 X166.248 Y93.702 E1568.77199
G1 X166.028 Y93.444 E1568.7848
G1 F9000 X166.028 Y90.552 E1568.88531
G1 F8267.2 X166.204 Y90.297 E1568.89704
G1 X165.736 Y90.26 E1568.9148
G1 F9000 X136.748 Y90.26 E1569.92233
G1 X136.615 Y90.216 E1569.9272
G1 X136.531 Y90.078 E1569.93282
G1 X136.528 Y88.784 E1569.97779
G1 X135.468 Y88.784 E1570.01463
G1 X135.468 Y95.212 E1570.23805
G1 X136.528 Y95.212 E1570.27489
G1 X136.528 Y93.956 E1570.31855
G1 X136.615 Y93.78 E1570.32537
G1 F2400 E1569.82537
G0 F15000 X166.248 Y93.702
G1 F2400 E1570.32537
G1 F7630.1 X167.032 Y93.701 E1570.35751
G1 F2400 E1569.85751
G0 F15000 X167.714 Y92.914
G1 F2400 E1570.35751
G1 F9000 X167.627 Y93.207 E1570.36814
G1 X167.426 Y93.463 E1570.37945
G1 F8372.1 X167.106 Y93.669 E1570.39367
G1 F7704.3 X167.032 Y93.701 E1570.39694
G1 X167.115 Y93.706 E1570.40032
G1 F8372.1 X167.494 Y93.739 E1570.41453
G1 F9000 X168.528 Y93.74 E1570.45047
G1 X168.528 Y90.26 E1570.57142
G1 X167.526 Y90.26 E1570.60625
G1 F8780.5 X167.352 Y90.271 E1570.61246
G1 F8016.2 X167.033 Y90.304 E1570.62498
G1 X167.322 Y90.442 E1570.63747
G1 F8780.5 X167.602 Y90.735 E1570.65191
G1 F9000 X167.716 Y91.104 E1570.66534
G1 X167.714 Y92.914 E1570.72825
G1 F2400 E1570.22825
G0 F15000 X167.033 Y90.304
G1 F2400 E1570.72825
G1 F7630.1 X166.944 Y90.296 E1570.73191
G1 F7689.3 X166.204 Y90.297 E1570.76201
G1 F2400 E1570.26201
G0 F15000 X168.081 Y90.707
;TYPE:WALL-INNER
G1 F2400 E1570.76201
G1 F10947.9 X168.122 Y91.025 E1570.7727
G1 F11938 X168.118 Y92.999 E1570.83305
G1 F10870.6 X168.075 Y93.287 E1570.84282
G1 F2400 E1570.34282
G0 F15000 X136.748 Y93.296
G1 F2400 E1570.84282
G1 F10500 X165.588 Y93.3 E1571.84521
G1 X165.588 Y90.7 E1571.93558
G1 X136.748 Y90.7 E1572.93797
G1 X136.351 Y90.568 E1572.95251
G1 F8619.4 X136.003 Y90.17 E1572.97489
G1 X135.908 Y90.79 E1573.00145
G1 F10500 X135.908 Y93.206 E1573.08542
G1 F8717 X135.998 Y93.956 E1573.11705
G1 X136.351 Y93.428 E1573.14364
G1 F10500 X136.748 Y93.296 E1573.15818
G1 F2400 E1572.65818
G0 F15000 X135.998 Y93.956
G1 F2400 E1573.15818
G1 F7451.6 X135.998 Y94.682 E1573.19373
G1 F2400 E1572.69373
G0 F15000 X136.003 Y90.17
G1 F2400 E1573.19373
G1 F7380.2 X135.998 Y89.314 E1573.23606
G1 F2400 E1572.73606
G0 F15000 X136.756 Y92.9
;TYPE:SKIN
G1 F2400 E1573.23606
G1 F9000 X165.192 Y92.904 E1574.22441
G1 X165.192 Y91.096 E1574.28725
G1 X136.717 Y91.096 E1575.27695
G1 X136.301 Y90.954 E1575.29223
G1 X136.304 Y93.037 E1575.36463
G1 X136.756 Y92.9 E1575.38104
G1 F2400 E1574.88104
G0 F15000 X137.051 Y91.316
G1 F2400 E1575.38104
G1 F9000 X136.523 Y91.845 E1575.40702
G0 F15000 X136.524 Y92.466
G1 F9000 X137.674 Y91.316 E1575.46355
G0 F15000 X138.296 Y91.316
G1 F9000 X136.931 Y92.681 E1575.53064
G0 F15000 X137.553 Y92.681
G1 F9000 X138.918 Y91.316 E1575.59774
G0 F15000 X139.54 Y91.316
G1 F9000 X138.175 Y92.681 E1575.66483
G0 F15000 X138.797 Y92.681
G1 F9000 X140.163 Y91.316 E1575.73195
G0 F15000 X140.785 Y91.316
G1 F9000 X139.42 Y92.681 E1575.79904
G0 F15000 X140.042 Y92.681
G1 F9000 X141.407 Y91.316 E1575.86614
G0 F15000 X142.029 Y91.316
G1 F9000 X140.664 Y92.681 E1575.93323
G0 F15000 X141.286 Y92.681
G1 F9000 X142.652 Y91.316 E1576.00035
G0 F15000 X143.274 Y91.316
G1 F9000 X141.909 Y92.681 E1576.06745
G0 F15000 X142.53 Y92.682
G1 F9000 X143.896 Y91.316 E1576.13459
G0 F15000 X144.518 Y91.316
G1 F9000 X143.152 Y92.682 E1576.20174
G0 F15000 X143.775 Y92.682
G1 F9000 X145.141 Y91.316 E1576.26888
G0 F15000 X145.763 Y91.316
G1 F9000 X144.397 Y92.682 E1576.33602
G0 F15000 X145.019 Y92.682
G1 F9000 X146.385 Y91.316 E1576.40317
G0 F15000 X147.007 Y91.316
G1 F9000 X145.641 Y92.682 E1576.47031
G0 F15000 X146.264 Y92.682
G1 F9000 X147.63 Y91.316 E1576.53745
G0 F15000 X148.252 Y91.316
G1 F9000 X146.886 Y92.682 E1576.6046
G0 F15000 X147.508 Y92.682
G1 F9000 X148.874 Y91.316 E1576.67174
G0 F15000 X149.497 Y91.316
G1 F9000 X148.13 Y92.683 E1576.73894
G0 F15000 X148.752 Y92.683
G1 F9000 X150.119 Y91.316 E1576.80613
G0 F15000 X150.741 Y91.316
G1 F9000 X149.374 Y92.683 E1576.87332
G0 F15000 X149.996 Y92.683
G1 F9000 X151.363 Y91.316 E1576.94051
G0 F15000 X151.986 Y91.316
G1 F9000 X150.619 Y92.683 E1577.00771
G0 F15000 X151.241 Y92.683
G1 F9000 X152.608 Y91.316 E1577.0749
G0 F15000 X153.23 Y91.316
G1 F9000 X151.863 Y92.683 E1577.14209
G0 F15000 X152.485 Y92.683
G1 F9000 X153.852 Y91.316 E1577.20929
G0 F15000 X154.475 Y91.316
G1 F9000 X153.108 Y92.683 E1577.27648
G0 F15000 X153.729 Y92.683
G1 F9000 X155.097 Y91.316 E1577.3437
G0 F15000 X155.719 Y91.316
G1 F9000 X154.352 Y92.683 E1577.41089
G0 F15000 X154.974 Y92.683
G1 F9000 X156.341 Y91.316 E1577.47808
G0 F15000 X156.964 Y91.316
G1 F9000 X155.596 Y92.683 E1577.5453
G0 F15000 X156.218 Y92.683
G1 F9000 X157.586 Y91.316 E1577.61252
G0 F15000 X158.208 Y91.316
G1 F9000 X156.841 Y92.683 E1577.67971
G0 F15000 X157.463 Y92.683
G1 F9000 X158.83 Y91.316 E1577.7469
G0 F15000 X159.453 Y91.316
G1 F9000 X158.085 Y92.683 E1577.81412
G0 F15000 X158.707 Y92.683
G1 F9000 X160.075 Y91.316 E1577.88134
G0 F15000 X160.697 Y91.316
G1 F9000 X159.329 Y92.684 E1577.94858
G0 F15000 X159.951 Y92.684
G1 F9000 X161.319 Y91.316 E1578.01582
G0 F15000 X161.942 Y91.316
G1 F9000 X160.573 Y92.684 E1578.08309
G0 F15000 X161.196 Y92.684
G1 F9000 X162.564 Y91.316 E1578.15033
G0 F15000 X163.186 Y91.316
G1 F9000 X161.818 Y92.684 E1578.21757
G0 F15000 X162.44 Y92.684
G1 F9000 X163.808 Y91.316 E1578.28482
G0 F15000 X164.431 Y91.316
G1 F9000 X163.062 Y92.684 E1578.35208
G0 F15000 X163.685 Y92.684
G1 F9000 X164.972 Y91.397 E1578.41534
G0 F15000 X164.972 Y92.019
G1 F9000 X164.307 Y92.684 E1578.44803
G1 X164.23 Y92.761
G1 F2400 E1577.94803
;MESH:Pin 5mm - AKM.STL(3)
G0 F15000 X166.204 Y100.297
;TYPE:WALL-OUTER
G1 F2400 E1578.44803
G1 F7689.3 X166.944 Y100.296 E1578.47813
G1 F7630.1 X167.033 Y100.304 E1578.4818
G1 F2400 E1577.9818
G0 F15000 X167.714 Y102.914
G1 F2400 E1578.4818
G1 F9000 X167.627 Y103.207 E1578.49242
G1 X167.426 Y103.463 E1578.50373
G1 F8372.1 X167.106 Y103.669 E1578.51795
G1 F7704.3 X167.032 Y103.701 E1578.52123
G1 X167.115 Y103.706 E1578.5246
G1 F8372.1 X167.494 Y103.739 E1578.53882
G1 F9000 X168.528 Y103.74 E1578.57476
G1 X168.528 Y100.26 E1578.69571
G1 X167.526 Y100.26 E1578.73054
G1 F8780.5 X167.352 Y100.271 E1578.73675
G1 F8016.2 X167.033 Y100.304 E1578.74926
G1 X167.322 Y100.442 E1578.76176
G1 F8780.5 X167.602 Y100.735 E1578.7762
G1 F9000 X167.716 Y101.104 E1578.78962
G1 X167.714 Y102.914 E1578.85253
G1 F2400 E1578.35253
G0 F15000 X167.032 Y103.701
G1 F2400 E1578.85253
G1 F7630.1 X166.248 Y103.702 E1578.88467
G1 F2400 E1578.38467
G0 F15000 X136.615 Y103.78
G1 F2400 E1578.88467
G1 F9000 X136.748 Y103.736 E1578.88954
G1 X165.732 Y103.739 E1579.89693
G1 F8284.5 X166.248 Y103.702 E1579.91647
G1 X166.028 Y103.444 E1579.92927
G1 F9000 X166.028 Y100.552 E1580.02979
G1 F8267.2 X166.204 Y100.297 E1580.04151
G1 X165.736 Y100.26 E1580.05927
G1 F9000 X136.748 Y100.26 E1581.06681
G1 X136.615 Y100.216 E1581.07167
G1 X136.531 Y100.078 E1581.07729
G1 X136.528 Y98.784 E1581.12226
G1 X135.468 Y98.784 E1581.15911
G1 X135.468 Y105.212 E1581.38252
G1 X136.528 Y105.212 E1581.41937
G1 X136.528 Y103.956 E1581.46302
G1 X136.615 Y103.78 E1581.46984
G0 F15000 X136.748 Y103.296
;TYPE:WALL-INNER
G1 F10500 X165.588 Y103.3 E1582.47223
G1 X165.588 Y100.7 E1582.5626
G1 X136.748 Y100.7 E1583.56499
G1 X136.351 Y100.568 E1583.57953
G1 F8619.4 X136.003 Y100.17 E1583.60191
G1 X135.908 Y100.79 E1583.62847
G1 F10500 X135.908 Y103.206 E1583.71244
G1 F8717 X135.998 Y103.956 E1583.74407
G1 X136.351 Y103.428 E1583.77066
G1 F10500 X136.748 Y103.296 E1583.7852
G1 F2400 E1583.2852
G0 F15000 X135.998 Y103.956
G1 F2400 E1583.7852
G1 F7451.6 X135.998 Y104.682 E1583.82076
G1 F2400 E1583.32076
G0 F15000 X136.003 Y100.17
G1 F2400 E1583.82076
G1 F7380.2 X135.998 Y99.314 E1583.86309
G1 F2400 E1583.36309
G0 F15000 X168.081 Y100.707
G1 F2400 E1583.86309
G1 F10947.9 X168.122 Y101.025 E1583.87377
G1 F11938 X168.118 Y102.999 E1583.93412
G1 F10870.6 X168.075 Y103.287 E1583.9439
G1 F2400 E1583.4439
G0 F15000 X136.756 Y102.9
;TYPE:SKIN
G1 F2400 E1583.9439
G1 F9000 X165.192 Y102.904 E1584.93224
G1 X165.192 Y101.096 E1584.99508
G1 X136.717 Y101.096 E1585.98478
G1 X136.301 Y100.954 E1586.00006
G1 X136.304 Y103.037 E1586.07246
G1 X136.756 Y102.9 E1586.08887
G1 F2400 E1585.58887
G0 F15000 X137.008 Y101.316
G1 F2400 E1586.08887
G1 F9000 X136.523 Y101.801 E1586.11271
G0 F15000 X136.524 Y102.422
G1 F9000 X137.63 Y101.316 E1586.16708
G0 F15000 X138.252 Y101.316
G1 F9000 X136.887 Y102.681 E1586.23417
G0 F15000 X137.509 Y102.681
G1 F9000 X138.874 Y101.316 E1586.30127
G0 F15000 X139.497 Y101.316
G1 F9000 X138.131 Y102.681 E1586.36839
G0 F15000 X138.753 Y102.681
G1 F9000 X140.119 Y101.316 E1586.43551
G0 F15000 X140.741 Y101.316
G1 F9000 X139.376 Y102.681 E1586.5026
G0 F15000 X139.998 Y102.681
G1 F9000 X141.363 Y101.316 E1586.56969
G0 F15000 X141.986 Y101.316
G1 F9000 X140.62 Y102.681 E1586.63681
G0 F15000 X141.242 Y102.681
G1 F9000 X142.608 Y101.316 E1586.70393
G0 F15000 X143.23 Y101.316
G1 F9000 X141.865 Y102.681 E1586.77103
G0 F15000 X142.486 Y102.682
G1 F9000 X143.852 Y101.316 E1586.83817
G0 F15000 X144.475 Y101.316
G1 F9000 X143.109 Y102.682 E1586.90532
G0 F15000 X143.731 Y102.682
G1 F9000 X145.097 Y101.316 E1586.97246
G0 F15000 X145.719 Y101.316
G1 F9000 X144.353 Y102.682 E1587.0396
G0 F15000 X144.975 Y102.682
G1 F9000 X146.341 Y101.316 E1587.10675
G0 F15000 X146.964 Y101.316
G1 F9000 X145.598 Y102.682 E1587.17389
G0 F15000 X146.22 Y102.682
G1 F9000 X147.586 Y101.316 E1587.24103
G0 F15000 X148.208 Y101.316
G1 F9000 X146.842 Y102.682 E1587.30818
G0 F15000 X147.464 Y102.682
G1 F9000 X148.83 Y101.316 E1587.37532
G0 F15000 X149.453 Y101.316
G1 F9000 X148.086 Y102.683 E1587.44252
G0 F15000 X148.708 Y102.683
G1 F9000 X150.075 Y101.316 E1587.50971
G0 F15000 X150.697 Y101.316
G1 F9000 X149.33 Y102.683 E1587.5769
G0 F15000 X149.953 Y102.683
G1 F9000 X151.319 Y101.316 E1587.64407
G0 F15000 X151.942 Y101.316
G1 F9000 X150.575 Y102.683 E1587.71126
G0 F15000 X151.197 Y102.683
G1 F9000 X152.564 Y101.316 E1587.77846
G0 F15000 X153.186 Y101.316
G1 F9000 X151.819 Y102.683 E1587.84565
G0 F15000 X152.442 Y102.683
G1 F9000 X153.808 Y101.316 E1587.91282
G0 F15000 X154.431 Y101.316
G1 F9000 X153.064 Y102.683 E1587.98001
G0 F15000 X153.685 Y102.683
G1 F9000 X155.053 Y101.316 E1588.04723
G0 F15000 X155.675 Y101.316
G1 F9000 X154.308 Y102.683 E1588.11442
G0 F15000 X154.93 Y102.683
G1 F9000 X156.297 Y101.316 E1588.18161
G0 F15000 X156.92 Y101.316
G1 F9000 X155.552 Y102.683 E1588.24883
G0 F15000 X156.174 Y102.683
G1 F9000 X157.542 Y101.316 E1588.31605
G0 F15000 X158.164 Y101.316
G1 F9000 X156.797 Y102.683 E1588.38324
G0 F15000 X157.419 Y102.683
G1 F9000 X158.786 Y101.316 E1588.45043
G0 F15000 X159.409 Y101.316
G1 F9000 X158.041 Y102.683 E1588.51765
G0 F15000 X158.663 Y102.683
G1 F9000 X160.031 Y101.316 E1588.58487
G0 F15000 X160.653 Y101.316
G1 F9000 X159.285 Y102.684 E1588.65211
G0 F15000 X159.907 Y102.684
G1 F9000 X161.276 Y101.316 E1588.71938
G0 F15000 X161.898 Y101.316
G1 F9000 X160.53 Y102.684 E1588.78662
G0 F15000 X161.152 Y102.684
G1 F9000 X162.52 Y101.316 E1588.85386
G0 F15000 X163.142 Y101.316
G1 F9000 X161.774 Y102.684 E1588.9211
G0 F15000 X162.396 Y102.684
G1 F9000 X163.765 Y101.316 E1588.98837
G0 F15000 X164.387 Y101.316
G1 F9000 X163.019 Y102.684 E1589.05561
G0 F15000 X163.641 Y102.684
G1 F9000 X164.972 Y101.353 E1589.12104
G0 F15000 X164.972 Y101.975
G1 F9000 X164.263 Y102.684 E1589.15589
G0 F15000 X164.885 Y102.684
G1 F9000 X164.972 Y102.598 E1589.16014
G1 F2400 E1588.66014
;MESH:Pin 5mm - AKM.STL(1)
G0 F15000 X166.204 Y110.297
;TYPE:WALL-OUTER
G1 F2400 E1589.16014
G1 F7689.3 X166.944 Y110.296 E1589.19024
G1 F7630.1 X167.033 Y110.304 E1589.19391
G1 F2400 E1588.69391
G0 F15000 X167.714 Y112.914
G1 F2400 E1589.19391
G1 F9000 X167.627 Y113.207 E1589.20453
G1 X167.426 Y113.463 E1589.21584
G1 F8372.1 X167.106 Y113.669 E1589.23006
G1 F7704.3 X167.032 Y113.701 E1589.23334
G1 X167.115 Y113.706 E1589.23671
G1 F8372.1 X167.494 Y113.739 E1589.25093
G1 F9000 X168.528 Y113.74 E1589.28686
G1 X168.528 Y110.26 E1589.40782
G1 X167.526 Y110.26 E1589.44264
G1 F8780.5 X167.352 Y110.271 E1589.44886
G1 F8016.2 X167.033 Y110.304 E1589.46137
G1 X167.322 Y110.442 E1589.47387
G1 F8780.5 X167.602 Y110.735 E1589.48831
G1 F9000 X167.716 Y111.104 E1589.50173
G1 X167.714 Y112.914 E1589.56464
G1 F2400 E1589.06464
G0 F15000 X167.032 Y113.701
G1 F2400 E1589.56464
G1 F7630.1 X166.248 Y113.702 E1589.59678
G1 F2400 E1589.09678
G0 F15000 X136.615 Y113.78
G1 F2400 E1589.59678
G1 F9000 X136.748 Y113.736 E1589.60165
G1 X165.732 Y113.739 E1590.60904
G1 F8284.5 X166.248 Y113.702 E1590.62858
G1 X166.028 Y113.444 E1590.64138
G1 F9000 X166.028 Y110.552 E1590.7419
G1 F8267.2 X166.204 Y110.297 E1590.75362
G1 X165.736 Y110.26 E1590.77138
G1 F9000 X136.748 Y110.26 E1591.77891
G1 X136.615 Y110.216 E1591.78378
G1 X136.531 Y110.078 E1591.7894
G1 X136.528 Y108.784 E1591.83437
G1 X135.468 Y108.784 E1591.87122
G1 X135.468 Y115.212 E1592.09463
G1 X136.528 Y115.212 E1592.13147
G1 X136.528 Y113.956 E1592.17513
G1 X136.615 Y113.78 E1592.18195
G0 F15000 X136.748 Y113.296
;TYPE:WALL-INNER
G1 F10500 X165.588 Y113.3 E1593.18434
G1 X165.588 Y110.7 E1593.27471
G1 X136.748 Y110.7 E1594.2771
G1 X136.351 Y110.568 E1594.29164
G1 F8619.4 X136.003 Y110.17 E1594.31402
G1 X135.908 Y110.79 E1594.34058
G1 F10500 X135.908 Y113.206 E1594.42455
G1 F8717 X135.998 Y113.956 E1594.45618
G1 X136.351 Y113.428 E1594.48277
G1 F10500 X136.748 Y113.296 E1594.49731
G1 F2400 E1593.99731
G0 F15000 X135.998 Y113.956
G1 F2400 E1594.49731
G1 F7451.6 X135.998 Y114.682 E1594.53286
G1 F2400 E1594.03286
G0 F15000 X136.003 Y110.17
G1 F2400 E1594.53286
G1 F7380.2 X135.998 Y109.314 E1594.57519
G1 F2400 E1594.07519
G0 F15000 X168.081 Y110.707
G1 F2400 E1594.57519
G1 F10947.9 X168.122 Y111.025 E1594.58588
G1 F11938 X168.118 Y112.999 E1594.64623
G1 F10870.6 X168.075 Y113.287 E1594.656
G1 F2400 E1594.156
G0 F15000 X136.756 Y112.9
;TYPE:SKIN
G1 F2400 E1594.656
G1 F9000 X165.192 Y112.904 E1595.64435
G1 X165.192 Y111.096 E1595.70719
G1 X136.717 Y111.096 E1596.69689
G1 X136.301 Y110.954 E1596.71217
G1 X136.304 Y113.037 E1596.78457
G1 X136.756 Y112.9 E1596.80098
G1 F2400 E1596.30098
G0 F15000 X136.964 Y111.316
G1 F2400 E1596.80098
G1 F9000 X136.523 Y111.757 E1596.82266
G0 F15000 X136.524 Y112.378
G1 F9000 X137.586 Y111.316 E1596.87486
G0 F15000 X138.208 Y111.316
G1 F9000 X136.843 Y112.681 E1596.94196
G0 F15000 X137.465 Y112.681
G1 F9000 X138.831 Y111.316 E1597.00907
G0 F15000 X139.453 Y111.316
G1 F9000 X138.087 Y112.681 E1597.07619
G0 F15000 X138.71 Y112.681
G1 F9000 X140.075 Y111.316 E1597.14329
G0 F15000 X140.697 Y111.316
G1 F9000 X139.332 Y112.681 E1597.21038
G0 F15000 X139.954 Y112.681
G1 F9000 X141.32 Y111.316 E1597.2775
G0 F15000 X141.942 Y111.316
G1 F9000 X140.576 Y112.681 E1597.34462
G0 F15000 X141.199 Y112.681
G1 F9000 X142.564 Y111.316 E1597.41172
G0 F15000 X143.186 Y111.316
G1 F9000 X141.821 Y112.681 E1597.47881
G0 F15000 X142.442 Y112.682
G1 F9000 X143.809 Y111.316 E1597.54598
G0 F15000 X144.431 Y111.316
G1 F9000 X143.065 Y112.682 E1597.61312
G0 F15000 X143.687 Y112.682
G1 F9000 X145.053 Y111.316 E1597.68027
G0 F15000 X145.675 Y111.316
G1 F9000 X144.309 Y112.682 E1597.74741
G0 F15000 X144.931 Y112.682
G1 F9000 X146.298 Y111.316 E1597.81458
G0 F15000 X146.92 Y111.316
G1 F9000 X145.554 Y112.682 E1597.88172
G0 F15000 X146.176 Y112.682
G1 F9000 X147.542 Y111.316 E1597.94887
G0 F15000 X148.164 Y111.316
G1 F9000 X146.798 Y112.682 E1598.01601
G0 F15000 X147.42 Y112.682
G1 F9000 X148.787 Y111.316 E1598.08318
G0 F15000 X149.409 Y111.316
G1 F9000 X148.042 Y112.682 E1598.15035
G0 F15000 X148.664 Y112.682
G1 F9000 X150.031 Y111.316 E1598.21752
G0 F15000 X150.653 Y111.316
G1 F9000 X149.287 Y112.682 E1598.28466
G0 F15000 X149.909 Y112.682
G1 F9000 X151.276 Y111.316 E1598.35183
G0 F15000 X151.898 Y111.316
G1 F9000 X150.531 Y112.682 E1598.419
G0 F15000 X151.153 Y112.682
G1 F9000 X152.52 Y111.316 E1598.48616
G0 F15000 X153.142 Y111.316
G1 F9000 X151.776 Y112.682 E1598.55331
G0 F15000 X152.398 Y112.682
G1 F9000 X153.765 Y111.316 E1598.62048
G0 F15000 X154.387 Y111.316
G1 F9000 X153.02 Y112.682 E1598.68765
G0 F15000 X153.642 Y112.683
G1 F9000 X155.009 Y111.316 E1598.75484
G0 F15000 X155.631 Y111.316
G1 F9000 X154.264 Y112.683 E1598.82203
G0 F15000 X154.886 Y112.683
G1 F9000 X156.254 Y111.316 E1598.88925
G0 F15000 X156.876 Y111.316
G1 F9000 X155.508 Y112.683 E1598.95647
G0 F15000 X156.131 Y112.683
G1 F9000 X157.498 Y111.316 E1599.02366
G0 F15000 X158.12 Y111.316
G1 F9000 X156.753 Y112.683 E1599.09085
G0 F15000 X157.375 Y112.683
G1 F9000 X158.743 Y111.316 E1599.15807
G0 F15000 X159.365 Y111.316
G1 F9000 X157.997 Y112.683 E1599.22529
G0 F15000 X158.62 Y112.683
G1 F9000 X159.987 Y111.316 E1599.29248
G0 F15000 X160.609 Y111.316
G1 F9000 X159.242 Y112.683 E1599.35967
G0 F15000 X159.863 Y112.684
G1 F9000 X161.232 Y111.316 E1599.42694
G0 F15000 X161.854 Y111.316
G1 F9000 X160.486 Y112.684 E1599.49418
G0 F15000 X161.108 Y112.684
G1 F9000 X162.476 Y111.316 E1599.56142
G0 F15000 X163.098 Y111.316
G1 F9000 X161.73 Y112.684 E1599.62867
G0 F15000 X162.352 Y112.684
G1 F9000 X163.721 Y111.316 E1599.69593
G0 F15000 X164.343 Y111.316
G1 F9000 X162.975 Y112.684 E1599.76318
G0 F15000 X163.597 Y112.684
G1 F9000 X164.965 Y111.316 E1599.83042
G0 F15000 X164.972 Y111.931
G1 F9000 X164.219 Y112.684 E1599.86743
G0 F15000 X164.841 Y112.684
G1 F9000 X164.972 Y112.554 E1599.87384
G1 F2400 E1599.37384
;MESH:Pin 5mm - AKM.STL(7)
G0 F15000 X166.204 Y120.297
;TYPE:WALL-OUTER
G1 F2400 E1599.87384
G1 F7689.3 X166.944 Y120.296 E1599.90395
G1 F7630.1 X167.033 Y120.304 E1599.90761
G1 F2400 E1599.40761
G0 F15000 X167.714 Y122.914
G1 F2400 E1599.90761
G1 F9000 X167.627 Y123.207 E1599.91824
G1 X167.426 Y123.463 E1599.92955
G1 F8372.1 X167.106 Y123.669 E1599.94377
G1 F7704.3 X167.032 Y123.701 E1599.94704
G1 X167.115 Y123.706 E1599.95042
G1 F8372.1 X167.494 Y123.739 E1599.96463
G1 F9000 X168.528 Y123.74 E1600.00057
G1 X168.528 Y120.26 E1600.12152
G1 X167.526 Y120.26 E1600.15635
G1 F8780.5 X167.352 Y120.271 E1600.16256
G1 F8016.2 X167.033 Y120.304 E1600.17508
G1 X167.322 Y120.442 E1600.18757
G1 F8780.5 X167.602 Y120.735 E1600.20201
G1 F9000 X167.716 Y121.104 E1600.21543
G1 X167.714 Y122.914 E1600.27834
G1 F2400 E1599.77834
G0 F15000 X167.032 Y123.701
G1 F2400 E1600.27834
G1 F7630.1 X166.248 Y123.702 E1600.31049
G1 F2400 E1599.81049
G0 F15000 X136.615 Y123.78
G1 F2400 E1600.31049
G1 F9000 X136.748 Y123.736 E1600.31536
G1 X165.732 Y123.739 E1601.32275
G1 F8284.5 X166.248 Y123.702 E1601.34228
G1 X166.028 Y123.444 E1601.35508
G1 F9000 X166.028 Y120.552 E1601.4556
G1 F8267.2 X166.204 Y120.297 E1601.46732
G1 X165.736 Y120.26 E1601.48509
G1 F9000 X136.748 Y120.26 E1602.49262
G1 X136.615 Y120.216 E1602.49749
G1 X136.531 Y120.078 E1602.5031
G1 X136.528 Y118.784 E1602.54808
G1 X135.468 Y118.784 E1602.58492
G1 X135.468 Y125.212 E1602.80834
G1 X136.528 Y125.212 E1602.84518
G1 X136.528 Y123.956 E1602.88883
G1 X136.615 Y123.78 E1602.89566
G0 F15000 X136.748 Y123.296
;TYPE:WALL-INNER
G1 F10500 X165.588 Y123.3 E1603.89805
G1 X165.588 Y120.7 E1603.98841
G1 X136.748 Y120.7 E1604.9908
G1 X136.351 Y120.568 E1605.00534
G1 F8619.4 X136.003 Y120.17 E1605.02773
G1 X135.908 Y120.79 E1605.05428
G1 F10500 X135.908 Y123.206 E1605.13826
G1 F8717 X135.998 Y123.956 E1605.16988
G1 X136.351 Y123.428 E1605.19647
G1 F10500 X136.748 Y123.296 E1605.21101
G1 F2400 E1604.71101
G0 F15000 X135.998 Y123.956
G1 F2400 E1605.21101
G1 F7451.6 X135.998 Y124.682 E1605.24657
G1 F2400 E1604.74657
G0 F15000 X136.003 Y120.17
G1 F2400 E1605.24657
G1 F7380.2 X135.998 Y119.314 E1605.2889
G1 F2400 E1604.7889
G0 F15000 X168.081 Y120.707
G1 F2400 E1605.2889
G1 F10947.9 X168.122 Y121.025 E1605.29959
G1 F11938 X168.118 Y122.999 E1605.35993
G1 F10870.6 X168.075 Y123.287 E1605.36971
G1 F2400 E1604.86971
G0 F15000 X136.756 Y122.9
;TYPE:SKIN
G1 F2400 E1605.36971
G1 F9000 X165.192 Y122.904 E1606.35805
G1 X165.192 Y121.096 E1606.42089
G1 X136.717 Y121.096 E1607.4106
G1 X136.301 Y120.954 E1607.42587
G1 X136.304 Y123.037 E1607.49827
G1 X136.756 Y122.9 E1607.51469
G1 F2400 E1607.01469
G0 F15000 X136.92 Y121.315
G1 F2400 E1607.51469
G1 F9000 X136.523 Y121.713 E1607.53423
G0 F15000 X136.523 Y122.334
G1 F9000 X137.542 Y121.315 E1607.58431
G0 F15000 X138.164 Y121.315
G1 F9000 X136.799 Y122.681 E1607.65143
G0 F15000 X137.421 Y122.681
G1 F9000 X138.787 Y121.315 E1607.71858
G0 F15000 X139.409 Y121.315
G1 F9000 X138.044 Y122.681 E1607.7857
G0 F15000 X138.666 Y122.681
G1 F9000 X140.031 Y121.315 E1607.85282
G0 F15000 X140.653 Y121.315
G1 F9000 X139.288 Y122.681 E1607.91994
G0 F15000 X139.91 Y122.681
G1 F9000 X141.276 Y121.315 E1607.98708
G0 F15000 X141.898 Y121.315
G1 F9000 X140.533 Y122.681 E1608.0542
G0 F15000 X141.155 Y122.681
G1 F9000 X142.52 Y121.315 E1608.12132
G0 F15000 X143.142 Y121.315
G1 F9000 X141.776 Y122.682 E1608.18849
G0 F15000 X142.399 Y122.682
G1 F9000 X143.765 Y121.315 E1608.25565
G0 F15000 X144.387 Y121.315
G1 F9000 X143.021 Y122.682 E1608.32282
G0 F15000 X143.643 Y122.682
G1 F9000 X145.009 Y121.315 E1608.38999
G0 F15000 X145.631 Y121.315
G1 F9000 X144.265 Y122.682 E1608.45716
G0 F15000 X144.888 Y122.682
G1 F9000 X146.254 Y121.315 E1608.52433
G0 F15000 X146.876 Y121.315
G1 F9000 X145.51 Y122.682 E1608.5915
G0 F15000 X146.131 Y122.682
G1 F9000 X147.498 Y121.315 E1608.65869
G0 F15000 X148.12 Y121.315
G1 F9000 X146.754 Y122.682 E1608.72586
G0 F15000 X147.376 Y122.682
G1 F9000 X148.743 Y121.315 E1608.79305
G0 F15000 X149.365 Y121.315
G1 F9000 X147.998 Y122.682 E1608.86024
G0 F15000 X148.62 Y122.682
G1 F9000 X149.987 Y121.315 E1608.92744
G0 F15000 X150.61 Y121.315
G1 F9000 X149.243 Y122.682 E1608.99463
G0 F15000 X149.865 Y122.682
G1 F9000 X151.232 Y121.315 E1609.06182
G0 F15000 X151.854 Y121.315
G1 F9000 X150.487 Y122.682 E1609.12902
G0 F15000 X151.109 Y122.683
G1 F9000 X152.476 Y121.315 E1609.19623
G0 F15000 X153.099 Y121.315
G1 F9000 X151.731 Y122.683 E1609.26347
G0 F15000 X152.353 Y122.683
G1 F9000 X153.721 Y121.315 E1609.33072
G0 F15000 X154.343 Y121.315
G1 F9000 X152.975 Y122.683 E1609.39796
G0 F15000 X153.598 Y122.683
G1 F9000 X154.965 Y121.315 E1609.46518
G0 F15000 X155.588 Y121.315
G1 F9000 X154.22 Y122.683 E1609.53242
G0 F15000 X154.842 Y122.683
G1 F9000 X156.21 Y121.315 E1609.59966
G0 F15000 X156.832 Y121.315
G1 F9000 X155.464 Y122.683 E1609.6669
G0 F15000 X156.086 Y122.684
G1 F9000 X157.454 Y121.315 E1609.73417
G0 F15000 X158.077 Y121.315
G1 F9000 X156.708 Y122.684 E1609.80146
G0 F15000 X157.331 Y122.684
G1 F9000 X158.699 Y121.315 E1609.86873
G0 F15000 X159.321 Y121.315
G1 F9000 X157.953 Y122.684 E1609.93599
G0 F15000 X158.575 Y122.684
G1 F9000 X159.943 Y121.315 E1610.00326
G0 F15000 X160.566 Y121.315
G1 F9000 X159.197 Y122.684 E1610.07055
G0 F15000 X159.82 Y122.684
G1 F9000 X161.188 Y121.315 E1610.13782
G0 F15000 X161.81 Y121.315
G1 F9000 X160.441 Y122.684 E1610.20511
G0 F15000 X161.063 Y122.684
G1 F9000 X162.432 Y121.315 E1610.2724
G0 F15000 X163.055 Y121.315
G1 F9000 X161.686 Y122.684 E1610.33969
G0 F15000 X162.308 Y122.684
G1 F9000 X163.677 Y121.315 E1610.40698
G0 F15000 X164.299 Y121.315
G1 F9000 X162.93 Y122.684 E1610.47428
G0 F15000 X163.552 Y122.684
G1 F9000 X164.921 Y121.315 E1610.54157
G0 F15000 X164.972 Y121.888
G1 F9000 X164.175 Y122.684 E1610.58072
G0 F15000 X164.797 Y122.684
G1 F9000 X164.972 Y122.51 E1610.5893
G1 F2400 E1610.0893
;MESH:Pin 5mm - AKM.STL(6)
G0 F15000 X176.615 Y103.78
;TYPE:WALL-OUTER
G1 F2400 E1610.5893
G1 F9000 X176.748 Y103.736 E1610.59416
G1 X205.732 Y103.739 E1611.60156
G1 F8284.5 X206.248 Y103.702 E1611.62109
G1 X206.028 Y103.444 E1611.63389
G1 F9000 X206.028 Y100.552 E1611.73441
G1 F8267.2 X206.204 Y100.297 E1611.74613
G1 X205.736 Y100.26 E1611.7639
G1 F9000 X176.748 Y100.26 E1612.77143
G1 X176.615 Y100.216 E1612.7763
G1 X176.531 Y100.078 E1612.78191
G1 X176.528 Y98.784 E1612.82689
G1 X175.468 Y98.784 E1612.86373
G1 X175.468 Y105.212 E1613.08715
G1 X176.528 Y105.212 E1613.12399
G1 X176.528 Y103.956 E1613.16764
G1 X176.615 Y103.78 E1613.17447
G1 F2400 E1612.67447
G0 F15000 X206.248 Y103.702
G1 F2400 E1613.17447
G1 F7630.1 X207.032 Y103.701 E1613.20661
G1 F2400 E1612.70661
G0 F15000 X207.714 Y102.914
G1 F2400 E1613.20661
G1 F9000 X207.627 Y103.207 E1613.21723
G1 X207.426 Y103.463 E1613.22854
G1 F8372.1 X207.106 Y103.669 E1613.24276
G1 F7704.3 X207.032 Y103.701 E1613.24604
G1 X207.115 Y103.706 E1613.24941
G1 F8372.1 X207.494 Y103.739 E1613.26363
G1 F9000 X208.528 Y103.74 E1613.29957
G1 X208.528 Y100.26 E1613.42052
G1 X207.526 Y100.26 E1613.45535
G1 F8780.5 X207.352 Y100.271 E1613.46156
G1 F8016.2 X207.033 Y100.304 E1613.47407
G1 X207.322 Y100.442 E1613.48657
G1 F8780.5 X207.602 Y100.735 E1613.50101
G1 F9000 X207.716 Y101.104 E1613.51443
G1 X207.714 Y102.914 E1613.57734
G1 F2400 E1613.07734
G0 F15000 X207.033 Y100.304
G1 F2400 E1613.57734
G1 F7630.1 X206.944 Y100.296 E1613.581
G1 F7689.3 X206.204 Y100.297 E1613.61111
G1 F2400 E1613.11111
G0 F15000 X208.081 Y100.707
;TYPE:WALL-INNER
G1 F2400 E1613.61111
G1 F10947.9 X208.122 Y101.025 E1613.6218
G1 F11938 X208.118 Y102.999 E1613.68214
G1 F10870.6 X208.075 Y103.287 E1613.69192
G1 F2400 E1613.19192
G0 F15000 X176.748 Y103.296
G1 F2400 E1613.69192
G1 F10500 X205.588 Y103.3 E1614.69431
G1 X205.588 Y100.7 E1614.78467
G1 X176.748 Y100.7 E1615.78706
G1 X176.351 Y100.568 E1615.8016
G1 F8619.4 X176.003 Y100.17 E1615.82399
G1 X175.908 Y100.79 E1615.85054
G1 F10500 X175.908 Y103.206 E1615.93452
G1 F8717 X175.998 Y103.956 E1615.96614
G1 X176.351 Y103.428 E1615.99273
G1 F10500 X176.748 Y103.296 E1616.00727
G1 F2400 E1615.50727
G0 F15000 X175.998 Y103.956
G1 F2400 E1616.00727
G1 F7451.6 X175.998 Y104.682 E1616.04283
G1 F2400 E1615.54283
G0 F15000 X176.003 Y100.17
G1 F2400 E1616.04283
G1 F7380.2 X175.998 Y99.314 E1616.08516
G1 F2400 E1615.58516
G0 F15000 X176.756 Y102.9
;TYPE:SKIN
G1 F2400 E1616.08516
G1 F9000 X205.192 Y102.904 E1617.07351
G1 X205.192 Y101.096 E1617.13635
G1 X176.717 Y101.096 E1618.12605
G1 X176.301 Y100.954 E1618.14132
G1 X176.304 Y103.037 E1618.21372
G1 X176.756 Y102.9 E1618.23014
G1 F2400 E1617.73014
G0 F15000 X176.832 Y101.316
G1 F2400 E1618.23014
G1 F9000 X176.522 Y101.625 E1618.24535
G0 F15000 X176.524 Y102.246
G1 F9000 X177.454 Y101.316 E1618.29106
G0 F15000 X178.076 Y101.316
G1 F9000 X176.712 Y102.68 E1618.35811
G0 F15000 X177.334 Y102.68
G1 F9000 X178.699 Y101.316 E1618.42518
G0 F15000 X179.321 Y101.316
G1 F9000 X177.956 Y102.68 E1618.49225
G0 F15000 X178.578 Y102.68
G1 F9000 X179.943 Y101.316 E1618.55932
G0 F15000 X180.565 Y101.316
G1 F9000 X179.201 Y102.68 E1618.62637
G0 F15000 X179.823 Y102.68
G1 F9000 X181.188 Y101.316 E1618.69344
G0 F15000 X181.81 Y101.316
G1 F9000 X180.445 Y102.68 E1618.76051
G0 F15000 X181.067 Y102.68
G1 F9000 X182.432 Y101.316 E1618.82758
G0 F15000 X183.054 Y101.316
G1 F9000 X181.689 Y102.681 E1618.89467
G0 F15000 X182.311 Y102.681
G1 F9000 X183.677 Y101.316 E1618.96179
G0 F15000 X184.299 Y101.316
G1 F9000 X182.933 Y102.681 E1619.02891
G0 F15000 X183.556 Y102.681
G1 F9000 X184.921 Y101.316 E1619.096
G0 F15000 X185.543 Y101.316
G1 F9000 X184.178 Y102.681 E1619.1631
G0 F15000 X184.8 Y102.681
G1 F9000 X186.166 Y101.316 E1619.23022
G0 F15000 X186.788 Y101.316
G1 F9000 X185.422 Y102.681 E1619.29734
G0 F15000 X186.044 Y102.682
G1 F9000 X187.41 Y101.316 E1619.36448
G0 F15000 X188.032 Y101.316
G1 F9000 X186.666 Y102.682 E1619.43162
G0 F15000 X187.289 Y102.682
G1 F9000 X188.655 Y101.316 E1619.49877
G0 F15000 X189.277 Y101.316
G1 F9000 X187.911 Y102.682 E1619.56591
G0 F15000 X188.533 Y102.682
G1 F9000 X189.899 Y101.316 E1619.63306
G0 F15000 X190.521 Y101.316
G1 F9000 X189.155 Y102.682 E1619.7002
G0 F15000 X189.778 Y102.682
G1 F9000 X191.144 Y101.316 E1619.76734
G0 F15000 X191.766 Y101.316
G1 F9000 X190.4 Y102.682 E1619.83449
G0 F15000 X191.021 Y102.683
G1 F9000 X192.388 Y101.316 E1619.90168
G0 F15000 X193.01 Y101.316
G1 F9000 X191.644 Y102.683 E1619.96885
G0 F15000 X192.266 Y102.683
G1 F9000 X193.633 Y101.316 E1620.03604
G0 F15000 X194.255 Y101.316
G1 F9000 X192.888 Y102.683 E1620.10324
G0 F15000 X193.51 Y102.683
G1 F9000 X194.877 Y101.316 E1620.17043
G0 F15000 X195.499 Y101.316
G1 F9000 X194.133 Y102.683 E1620.2376
G0 F15000 X194.755 Y102.683
G1 F9000 X196.122 Y101.316 E1620.30479
G0 F15000 X196.744 Y101.316
G1 F9000 X195.377 Y102.683 E1620.37198
G0 F15000 X195.999 Y102.683
G1 F9000 X197.366 Y101.316 E1620.43918
G0 F15000 X197.988 Y101.316
G1 F9000 X196.621 Y102.683 E1620.50637
G0 F15000 X197.243 Y102.683
G1 F9000 X198.611 Y101.316 E1620.57359
G0 F15000 X199.233 Y101.316
G1 F9000 X197.865 Y102.683 E1620.6408
G0 F15000 X198.488 Y102.683
G1 F9000 X199.855 Y101.316 E1620.708
G0 F15000 X200.478 Y101.316
G1 F9000 X199.11 Y102.683 E1620.77521
G0 F15000 X199.732 Y102.683
G1 F9000 X201.1 Y101.316 E1620.84243
G0 F15000 X201.722 Y101.316
G1 F9000 X200.354 Y102.684 E1620.90967
G0 F15000 X200.976 Y102.684
G1 F9000 X202.344 Y101.316 E1620.97692
G0 F15000 X202.967 Y101.316
G1 F9000 X201.598 Y102.684 E1621.04418
G0 F15000 X202.221 Y102.684
G1 F9000 X203.589 Y101.316 E1621.11142
G0 F15000 X204.211 Y101.316
G1 F9000 X202.843 Y102.684 E1621.17867
G0 F15000 X203.465 Y102.684
G1 F9000 X204.833 Y101.316 E1621.24591
G0 F15000 X204.972 Y101.799
G1 F9000 X204.087 Y102.684 E1621.28941
G0 F15000 X204.71 Y102.684
G1 F9000 X204.972 Y102.422 E1621.30229
G1 F2400 E1620.80229
;MESH:NONMESH
G0 F600 X204.972 Y102.422 Z3.8
G0 F15000 X56.615 Y113.608
;TIME_ELAPSED:666.770464
;LAYER:18
;TYPE:WALL-OUTER
;MESH:Pin 5mm - AKM.STL(4)
G1 F2400 E1621.30229
G1 F9000 X56.748 Y113.564 E1621.30716
G1 X84.46 Y113.567 E1622.27034
G1 F9061.8 X85.182 Y113.57 E1622.29526
G1 F9187.9 X85.904 Y113.573 E1622.31984
G1 F10259.1 X86.248 Y113.616 E1622.33041
G1 X86.034 Y113.444 E1622.33879
G1 F9187.9 X86.031 Y112.722 E1622.36337
G1 F9061.8 X86.028 Y112 E1622.38829
G1 F9103.4 X86.033 Y111.276 E1622.41317
G1 F9317.6 X86.038 Y110.552 E1622.43748
G1 F10393.7 X86.219 Y110.383 E1622.44493
G1 X85.908 Y110.422 E1622.45436
G1 F9317.6 X85.184 Y110.427 E1622.47867
G1 F9103.4 X84.46 Y110.432 E1622.50355
G1 F9000 X56.748 Y110.432 E1623.46673
G1 X56.615 Y110.388 E1623.4716
G1 X56.531 Y110.25 E1623.47721
G1 X56.528 Y108.88 E1623.52483
G1 X55.468 Y108.88 E1623.56167
G1 X55.468 Y115.12 E1623.77855
G1 X56.528 Y115.12 E1623.8154
G1 X56.528 Y113.784 E1623.86183
G1 X56.615 Y113.608 E1623.86866
G1 F2400 E1623.36866
G0 F15000 X86.248 Y113.616
G1 F2400 E1623.86866
G1 F11478.3 X86.969 Y113.615 E1623.88831
G0 F15000 X87.593 Y113.276
G1 F9000 X87.443 Y113.456 E1623.89645
G1 F9383.9 X87.24 Y113.568 E1623.90418
G1 F9974.8 X87.173 Y113.591 E1623.9064
G1 F10790.2 X86.969 Y113.615 E1623.91235
G1 X87.173 Y113.591 E1623.91831
G1 F9974.8 X87.245 Y113.585 E1623.92057
G1 F9383.9 X87.476 Y113.567 E1623.9283
G1 F9000 X88.528 Y113.568 E1623.96486
G1 X88.528 Y110.432 E1624.07386
G1 X87.45 Y110.432 E1624.11133
G1 F9209.3 X87.329 Y110.422 E1624.11545
G1 F10179.9 X87.045 Y110.39 E1624.12423
G1 F11314.3 X86.981 Y110.384 E1624.12601
G1 X87.045 Y110.39 E1624.12779
G1 F10179.9 X87.321 Y110.464 E1624.13657
G1 F9209.3 X87.604 Y110.74 E1624.15
G1 F9000 X87.716 Y111.071 E1624.16214
G1 X87.714 Y112.918 E1624.22634
G1 X87.593 Y113.276 E1624.23947
G1 F2400 E1623.73947
G0 F15000 X86.981 Y110.384
G1 F2400 E1624.23947
G1 F11545.2 X86.219 Y110.383 E1624.26012
G1 F2400 E1623.76012
G0 F15000 X88.1 Y110.86
;TYPE:WALL-INNER
G1 F2400 E1624.26012
G1 F11521.2 X88.122 Y111.013 E1624.26501
G1 F12000 X88.12 Y112.001 E1624.29506
G1 F12126 X88.118 Y112.989 E1624.3248
G1 F11550 X88.098 Y113.138 E1624.32955
G1 F2400 E1623.82955
G0 F15000 X56.748 Y113.124
G1 F2400 E1624.32955
G1 F10500 X85.588 Y113.128 E1625.33193
G1 X85.588 Y110.872 E1625.41035
G1 X56.748 Y110.872 E1626.41273
G1 X56.351 Y110.74 E1626.42727
G1 F8619.4 X56.003 Y110.342 E1626.44966
G1 X55.908 Y110.962 E1626.47622
G1 F10500 X55.908 Y113.034 E1626.54823
G1 F8717 X55.998 Y113.784 E1626.57986
G1 X56.351 Y113.256 E1626.60645
G1 F10500 X56.748 Y113.124 E1626.62099
G1 F2400 E1626.12099
G0 F15000 X55.998 Y113.784
G1 F2400 E1626.62099
G1 F7451.6 X55.998 Y114.59 E1626.66046
G1 F2400 E1626.16046
G0 F15000 X56.003 Y110.342
G1 F2400 E1626.66046
G1 F7380.2 X55.998 Y109.41 E1626.70655
G1 F2400 E1626.20655
G0 F15000 X56.756 Y112.728
;TYPE:SKIN
G1 F2400 E1626.70655
G1 F9000 X85.192 Y112.732 E1627.6949
G1 X85.192 Y111.268 E1627.74578
G1 X56.717 Y111.268 E1628.73548
G1 X56.301 Y111.126 E1628.75076
G1 X56.304 Y112.865 E1628.8112
G1 X56.756 Y112.728 E1628.82762
G0 F15000 X57.127 Y112.508
G1 F9000 X56.523 Y111.904 E1628.85731
G0 F15000 X56.73 Y111.488
G1 F9000 X57.749 Y112.508 E1628.90742
G0 F15000 X58.372 Y112.508
G1 F9000 X57.352 Y111.488 E1628.95755
G0 F15000 X57.974 Y111.488
G1 F9000 X58.994 Y112.508 E1629.00769
G0 F15000 X59.616 Y112.508
G1 F9000 X58.597 Y111.488 E1629.0578
G0 F15000 X59.219 Y111.488
G1 F9000 X60.238 Y112.508 E1629.10792
G0 F15000 X60.861 Y112.508
G1 F9000 X59.841 Y111.488 E1629.15805
G0 F15000 X60.463 Y111.488
G1 F9000 X61.484 Y112.508 E1629.20821
G0 F15000 X62.106 Y112.508
G1 F9000 X61.086 Y111.488 E1629.25835
G0 F15000 X61.708 Y111.488
G1 F9000 X62.728 Y112.508 E1629.30849
G0 F15000 X63.35 Y112.508
G1 F9000 X62.33 Y111.488 E1629.35862
G0 F15000 X62.952 Y111.488
G1 F9000 X63.973 Y112.508 E1629.40878
G0 F15000 X64.595 Y112.508
G1 F9000 X63.575 Y111.488 E1629.45892
G0 F15000 X64.197 Y111.488
G1 F9000 X65.217 Y112.508 E1629.50906
G0 F15000 X65.839 Y112.508
G1 F9000 X64.819 Y111.488 E1629.55919
G0 F15000 X65.441 Y111.488
G1 F9000 X66.462 Y112.509 E1629.60938
G0 F15000 X67.085 Y112.509
G1 F9000 X66.064 Y111.488 E1629.65957
G0 F15000 X66.686 Y111.488
G1 F9000 X67.707 Y112.509 E1629.70975
G0 F15000 X68.329 Y112.509
G1 F9000 X67.308 Y111.488 E1629.75994
G0 F15000 X67.93 Y111.488
G1 F9000 X68.951 Y112.509 E1629.81012
G0 F15000 X69.574 Y112.509
G1 F9000 X68.553 Y111.488 E1629.86031
G0 F15000 X69.175 Y111.488
G1 F9000 X70.196 Y112.509 E1629.9105
G0 F15000 X70.819 Y112.51
G1 F9000 X69.797 Y111.488 E1629.96073
G0 F15000 X70.419 Y111.488
G1 F9000 X71.441 Y112.51 E1630.01097
G0 F15000 X72.063 Y112.51
G1 F9000 X71.042 Y111.488 E1630.06118
G0 F15000 X71.664 Y111.488
G1 F9000 X72.686 Y112.51 E1630.11141
G0 F15000 X73.308 Y112.51
G1 F9000 X72.286 Y111.488 E1630.16165
G0 F15000 X72.908 Y111.488
G1 F9000 X73.93 Y112.51 E1630.21188
G0 F15000 X74.552 Y112.51
G1 F9000 X73.531 Y111.488 E1630.26209
G0 F15000 X74.153 Y111.488
G1 F9000 X75.175 Y112.51 E1630.31233
G0 F15000 X75.798 Y112.511
G1 F9000 X74.775 Y111.488 E1630.36261
G0 F15000 X75.397 Y111.488
G1 F9000 X76.42 Y112.511 E1630.41289
G0 F15000 X77.042 Y112.511
G1 F9000 X76.02 Y111.488 E1630.46315
G0 F15000 X76.642 Y111.488
G1 F9000 X77.664 Y112.511 E1630.51341
G0 F15000 X78.287 Y112.511
G1 F9000 X77.264 Y111.488 E1630.5637
G0 F15000 X77.886 Y111.488
G1 F9000 X78.909 Y112.511 E1630.61398
G0 F15000 X79.531 Y112.511
G1 F9000 X78.509 Y111.488 E1630.66424
G0 F15000 X79.131 Y111.488
G1 F9000 X80.153 Y112.511 E1630.7145
G0 F15000 X80.776 Y112.511
G1 F9000 X79.753 Y111.488 E1630.76478
G0 F15000 X80.375 Y111.488
G1 F9000 X81.399 Y112.511 E1630.81509
G0 F15000 X82.021 Y112.511
G1 F9000 X80.998 Y111.488 E1630.86538
G0 F15000 X81.62 Y111.488
G1 F9000 X82.643 Y112.511 E1630.91566
G0 F15000 X83.265 Y112.511
G1 F9000 X82.242 Y111.488 E1630.96595
G0 F15000 X82.864 Y111.488
G1 F9000 X83.888 Y112.511 E1631.01625
G0 F15000 X84.51 Y112.511
G1 F9000 X83.487 Y111.488 E1631.06654
G0 F15000 X84.109 Y111.488
G1 F9000 X84.972 Y112.351 E1631.10896
G0 F15000 X84.972 Y111.729
G1 F9000 X84.731 Y111.488 E1631.1208
G1 F2400 E1630.6208
;MESH:Pin 5mm - AKM.STL
G0 F15000 X96.615 Y113.608
;TYPE:WALL-OUTER
G1 F2400 E1631.1208
G1 F9000 X96.748 Y113.564 E1631.12567
G1 X124.46 Y113.567 E1632.08886
G1 F9061.8 X125.182 Y113.57 E1632.11378
G1 F9187.9 X125.904 Y113.573 E1632.13836
G1 F10259.1 X126.248 Y113.616 E1632.14893
G1 X126.034 Y113.444 E1632.1573
G1 F9187.9 X126.031 Y112.722 E1632.18188
G1 F9061.8 X126.028 Y112 E1632.20681
G1 F9103.4 X126.033 Y111.276 E1632.23169
G1 F9317.6 X126.038 Y110.552 E1632.25599
G1 F10393.7 X126.219 Y110.383 E1632.26345
G1 X125.908 Y110.422 E1632.27288
G1 F9317.6 X125.184 Y110.427 E1632.29719
G1 F9103.4 X124.46 Y110.432 E1632.32206
G1 F9000 X96.748 Y110.432 E1633.28525
G1 X96.615 Y110.388 E1633.29011
G1 X96.531 Y110.25 E1633.29573
G1 X96.528 Y108.88 E1633.34335
G1 X95.468 Y108.88 E1633.38019
G1 X95.468 Y115.12 E1633.59707
G1 X96.528 Y115.12 E1633.63391
G1 X96.528 Y113.784 E1633.68035
G1 X96.615 Y113.608 E1633.68717
G1 F2400 E1633.18717
G0 F15000 X126.248 Y113.616
G1 F2400 E1633.68717
G1 F11478.3 X126.969 Y113.615 E1633.70682
G0 F15000 X127.593 Y113.276
G1 F9000 X127.443 Y113.456 E1633.71497
G1 F9383.9 X127.24 Y113.568 E1633.72269
G1 F9974.8 X127.173 Y113.591 E1633.72492
G1 F10790.2 X126.969 Y113.615 E1633.73087
G1 X127.173 Y113.591 E1633.73683
G1 F9974.8 X127.245 Y113.585 E1633.73909
G1 F9383.9 X127.476 Y113.567 E1633.74681
G1 F9000 X128.528 Y113.568 E1633.78338
G1 X128.528 Y110.432 E1633.89238
G1 X127.45 Y110.432 E1633.92984
G1 F9209.3 X127.329 Y110.422 E1633.93397
G1 F10179.9 X127.045 Y110.39 E1633.94275
G1 F11314.3 X126.981 Y110.384 E1633.94453
G1 X127.045 Y110.39 E1633.9463
G1 F10179.9 X127.321 Y110.464 E1633.95509
G1 F9209.3 X127.604 Y110.74 E1633.96851
G1 F9000 X127.716 Y111.071 E1633.98066
G1 X127.714 Y112.918 E1634.04485
G1 X127.593 Y113.276 E1634.05799
G1 F2400 E1633.55799
G0 F15000 X126.981 Y110.384
G1 F2400 E1634.05799
G1 F11545.2 X126.219 Y110.383 E1634.07863
G1 F2400 E1633.57863
G0 F15000 X128.1 Y110.86
;TYPE:WALL-INNER
G1 F2400 E1634.07863
G1 F11521.2 X128.122 Y111.013 E1634.08353
G1 F12000 X128.12 Y112.001 E1634.11358
G1 F12126 X128.118 Y112.989 E1634.14331
G1 F11550 X128.098 Y113.138 E1634.14806
G1 F2400 E1633.64806
G0 F15000 X96.748 Y113.124
G1 F2400 E1634.14806
G1 F10500 X125.588 Y113.128 E1635.15045
G1 X125.588 Y110.872 E1635.22886
G1 X96.748 Y110.872 E1636.23125
G1 X96.351 Y110.74 E1636.24579
G1 F8619.4 X96.003 Y110.342 E1636.26817
G1 X95.908 Y110.962 E1636.29473
G1 F10500 X95.908 Y113.034 E1636.36675
G1 F8717 X95.998 Y113.784 E1636.39837
G1 X96.351 Y113.256 E1636.42496
G1 F10500 X96.748 Y113.124 E1636.43951
G1 F2400 E1635.93951
G0 F15000 X95.998 Y113.784
G1 F2400 E1636.43951
G1 F7451.6 X95.998 Y114.59 E1636.47898
G1 F2400 E1635.97898
G0 F15000 X96.003 Y110.342
G1 F2400 E1636.47898
G1 F7380.2 X95.998 Y109.41 E1636.52507
G1 F2400 E1636.02507
G0 F15000 X96.756 Y112.728
;TYPE:SKIN
G1 F2400 E1636.52507
G1 F9000 X125.192 Y112.732 E1637.51341
G1 X125.192 Y111.268 E1637.5643
G1 X96.717 Y111.268 E1638.554
G1 X96.301 Y111.126 E1638.56928
G1 X96.304 Y112.865 E1638.62972
G1 X96.756 Y112.728 E1638.64613
G0 F15000 X96.951 Y112.508
G1 F9000 X96.524 Y112.081 E1638.66712
G0 F15000 X96.554 Y111.488
G1 F9000 X97.574 Y112.508 E1638.71726
G0 F15000 X98.196 Y112.508
G1 F9000 X97.176 Y111.488 E1638.7674
G0 F15000 X97.799 Y111.488
G1 F9000 X98.818 Y112.508 E1638.81751
G0 F15000 X99.44 Y112.508
G1 F9000 X98.421 Y111.488 E1638.86762
G0 F15000 X99.043 Y111.488
G1 F9000 X100.063 Y112.508 E1638.91776
G0 F15000 X100.685 Y112.508
G1 F9000 X99.665 Y111.488 E1638.96789
G0 F15000 X100.288 Y111.488
G1 F9000 X101.308 Y112.508 E1639.01803
G0 F15000 X101.93 Y112.508
G1 F9000 X100.91 Y111.488 E1639.06817
G0 F15000 X101.532 Y111.488
G1 F9000 X102.552 Y112.508 E1639.1183
G0 F15000 X103.175 Y112.508
G1 F9000 X102.154 Y111.488 E1639.16846
G0 F15000 X102.777 Y111.488
G1 F9000 X103.797 Y112.508 E1639.2186
G0 F15000 X104.419 Y112.508
G1 F9000 X103.399 Y111.488 E1639.26874
G0 F15000 X104.021 Y111.488
G1 F9000 X105.041 Y112.508 E1639.31887
G0 F15000 X105.664 Y112.508
G1 F9000 X104.643 Y111.488 E1639.36904
G0 F15000 X105.266 Y111.488
G1 F9000 X106.287 Y112.509 E1639.41922
G0 F15000 X106.909 Y112.509
G1 F9000 X105.888 Y111.488 E1639.46941
G0 F15000 X106.51 Y111.488
G1 F9000 X107.531 Y112.509 E1639.51959
G0 F15000 X108.153 Y112.509
G1 F9000 X107.132 Y111.488 E1639.56978
G0 F15000 X107.755 Y111.488
G1 F9000 X108.776 Y112.509 E1639.61996
G0 F15000 X109.398 Y112.509
G1 F9000 X108.377 Y111.488 E1639.67015
G0 F15000 X108.999 Y111.488
G1 F9000 X110.02 Y112.509 E1639.72034
G0 F15000 X110.642 Y112.509
G1 F9000 X109.621 Y111.488 E1639.77052
G0 F15000 X110.244 Y111.488
G1 F9000 X111.265 Y112.51 E1639.82073
G0 F15000 X111.888 Y112.51
G1 F9000 X110.866 Y111.488 E1639.87097
G0 F15000 X111.488 Y111.488
G1 F9000 X112.51 Y112.51 E1639.9212
G0 F15000 X113.132 Y112.51
G1 F9000 X112.11 Y111.488 E1639.97144
G0 F15000 X112.733 Y111.488
G1 F9000 X113.754 Y112.51 E1640.02165
G0 F15000 X114.377 Y112.51
G1 F9000 X113.355 Y111.488 E1640.07188
G0 F15000 X113.977 Y111.488
G1 F9000 X114.999 Y112.51 E1640.12212
G0 F15000 X115.622 Y112.511
G1 F9000 X114.599 Y111.488 E1640.1724
G0 F15000 X115.222 Y111.488
G1 F9000 X116.244 Y112.511 E1640.22266
G0 F15000 X116.866 Y112.511
G1 F9000 X115.844 Y111.488 E1640.27292
G0 F15000 X116.466 Y111.488
G1 F9000 X117.489 Y112.511 E1640.32321
G0 F15000 X118.111 Y112.511
G1 F9000 X117.088 Y111.488 E1640.37349
G0 F15000 X117.711 Y111.488
G1 F9000 X118.733 Y112.511 E1640.42375
G0 F15000 X119.355 Y112.511
G1 F9000 X118.333 Y111.488 E1640.47401
G0 F15000 X118.955 Y111.488
G1 F9000 X119.978 Y112.511 E1640.52429
G0 F15000 X120.601 Y112.511
G1 F9000 X119.577 Y111.488 E1640.5746
G0 F15000 X120.2 Y111.488
G1 F9000 X121.223 Y112.511 E1640.62489
G0 F15000 X121.845 Y112.511
G1 F9000 X120.822 Y111.488 E1640.67517
G0 F15000 X121.444 Y111.488
G1 F9000 X122.467 Y112.511 E1640.72545
G0 F15000 X123.09 Y112.511
G1 F9000 X122.066 Y111.488 E1640.77576
G0 F15000 X122.689 Y111.488
G1 F9000 X123.712 Y112.511 E1640.82605
G0 F15000 X124.334 Y112.511
G1 F9000 X123.311 Y111.488 E1640.87633
G0 F15000 X123.933 Y111.488
G1 F9000 X124.956 Y112.511 E1640.92661
G0 F15000 X124.973 Y111.905
G1 F9000 X124.555 Y111.488 E1640.94714
G1 F2400 E1640.44714
;MESH:Pin 5mm - AKM.STL(2)
G0 F15000 X126.248 Y103.616
;TYPE:WALL-OUTER
G1 F2400 E1640.94714
G1 F11478.3 X126.969 Y103.615 E1640.96679
G0 F15000 X127.593 Y103.276
G1 F9000 X127.443 Y103.456 E1640.97493
G1 F9383.9 X127.24 Y103.568 E1640.98266
G1 F9974.8 X127.173 Y103.591 E1640.98488
G1 F10790.2 X126.969 Y103.615 E1640.99083
G1 X127.173 Y103.591 E1640.99679
G1 F9974.8 X127.245 Y103.585 E1640.99905
G1 F9383.9 X127.476 Y103.567 E1641.00678
G1 F9000 X128.528 Y103.568 E1641.04334
G1 X128.528 Y100.432 E1641.15234
G1 X127.45 Y100.432 E1641.18981
G1 F9209.3 X127.329 Y100.422 E1641.19393
G1 F10179.9 X127.045 Y100.39 E1641.20271
G1 F11314.3 X126.981 Y100.384 E1641.20449
G1 X127.045 Y100.39 E1641.20627
G1 F10179.9 X127.321 Y100.464 E1641.21505
G1 F9209.3 X127.604 Y100.74 E1641.22848
G1 F9000 X127.716 Y101.071 E1641.24062
G1 X127.714 Y102.918 E1641.30482
G1 X127.593 Y103.276 E1641.31795
G1 F2400 E1640.81795
G0 F15000 X126.981 Y100.384
G1 F2400 E1641.31795
G1 F11545.2 X126.219 Y100.383 E1641.3386
G1 F2400 E1640.8386
G0 F15000 X96.615 Y103.608
G1 F2400 E1641.3386
G1 F9000 X96.748 Y103.564 E1641.34347
G1 X124.46 Y103.567 E1642.30665
G1 F9061.8 X125.182 Y103.57 E1642.33157
G1 F9187.9 X125.904 Y103.573 E1642.35615
G1 F10259.1 X126.248 Y103.616 E1642.36672
G1 X126.034 Y103.444 E1642.3751
G1 F9187.9 X126.031 Y102.722 E1642.39968
G1 F9061.8 X126.028 Y102 E1642.4246
G1 F9103.4 X126.033 Y101.276 E1642.44948
G1 F9317.6 X126.038 Y100.552 E1642.47379
G1 F10393.7 X126.219 Y100.383 E1642.48124
G1 X125.908 Y100.422 E1642.49067
G1 F9317.6 X125.184 Y100.427 E1642.51498
G1 F9103.4 X124.46 Y100.432 E1642.53986
G1 F9000 X96.748 Y100.432 E1643.50304
G1 X96.615 Y100.388 E1643.50791
G1 X96.531 Y100.25 E1643.51352
G1 X96.528 Y98.88 E1643.56114
G1 X95.468 Y98.88 E1643.59798
G1 X95.468 Y105.12 E1643.81486
G1 X96.528 Y105.12 E1643.85171
G1 X96.528 Y103.784 E1643.89814
G1 X96.615 Y103.608 E1643.90497
G0 F15000 X96.748 Y103.124
;TYPE:WALL-INNER
G1 F10500 X125.588 Y103.128 E1644.90735
G1 X125.588 Y100.872 E1644.98576
G1 X96.748 Y100.872 E1645.98815
G1 X96.351 Y100.74 E1646.00269
G1 F8619.4 X96.003 Y100.342 E1646.02508
G1 X95.908 Y100.962 E1646.05164
G1 F10500 X95.908 Y103.034 E1646.12365
G1 F8717 X95.998 Y103.784 E1646.15528
G1 X96.351 Y103.256 E1646.18187
G1 F10500 X96.748 Y103.124 E1646.19641
G1 F2400 E1645.69641
G0 F15000 X95.998 Y103.784
G1 F2400 E1646.19641
G1 F7451.6 X95.998 Y104.59 E1646.23588
G1 F2400 E1645.73588
G0 F15000 X96.003 Y100.342
G1 F2400 E1646.23588
G1 F7380.2 X95.998 Y99.41 E1646.28197
G1 F2400 E1645.78197
G0 F15000 X128.1 Y100.86
G1 F2400 E1646.28197
G1 F11521.2 X128.122 Y101.013 E1646.28687
G1 F12000 X128.12 Y102.001 E1646.31691
G1 F12126 X128.118 Y102.989 E1646.34665
G1 F11550 X128.098 Y103.138 E1646.3514
G1 F2400 E1645.8514
G0 F15000 X96.756 Y102.728
;TYPE:SKIN
G1 F2400 E1646.3514
G1 F9000 X125.192 Y102.732 E1647.33974
G1 X125.192 Y101.268 E1647.39063
G1 X96.717 Y101.268 E1648.38033
G1 X96.301 Y101.126 E1648.39561
G1 X96.304 Y102.865 E1648.45605
G1 X96.756 Y102.728 E1648.47247
G0 F15000 X96.908 Y102.508
G1 F9000 X96.524 Y102.125 E1648.49132
G0 F15000 X96.522 Y101.5
G1 F9000 X97.53 Y102.508 E1648.54086
G0 F15000 X98.152 Y102.508
G1 F9000 X97.132 Y101.488 E1648.591
G0 F15000 X97.755 Y101.488
G1 F9000 X98.774 Y102.508 E1648.64111
G0 F15000 X99.397 Y102.508
G1 F9000 X98.377 Y101.488 E1648.69125
G0 F15000 X98.999 Y101.488
G1 F9000 X100.019 Y102.508 E1648.74138
G0 F15000 X100.641 Y102.508
G1 F9000 X99.621 Y101.488 E1648.79152
G0 F15000 X100.244 Y101.488
G1 F9000 X101.263 Y102.508 E1648.84163
G0 F15000 X101.886 Y102.508
G1 F9000 X100.866 Y101.488 E1648.89177
G0 F15000 X101.488 Y101.488
G1 F9000 X102.509 Y102.509 E1648.94196
G0 F15000 X103.131 Y102.509
G1 F9000 X102.11 Y101.488 E1648.99214
G0 F15000 X102.733 Y101.488
G1 F9000 X103.753 Y102.509 E1649.0423
G0 F15000 X104.375 Y102.509
G1 F9000 X103.355 Y101.488 E1649.09246
G0 F15000 X103.977 Y101.488
G1 F9000 X104.998 Y102.509 E1649.14265
G0 F15000 X105.62 Y102.509
G1 F9000 X104.599 Y101.488 E1649.19284
G0 F15000 X105.222 Y101.488
G1 F9000 X106.242 Y102.509 E1649.243
G0 F15000 X106.864 Y102.509
G1 F9000 X105.844 Y101.488 E1649.29316
G0 F15000 X106.466 Y101.488
G1 F9000 X107.487 Y102.509 E1649.34334
G0 F15000 X108.11 Y102.509
G1 F9000 X107.088 Y101.488 E1649.39355
G0 F15000 X107.711 Y101.488
G1 F9000 X108.732 Y102.509 E1649.44374
G0 F15000 X109.354 Y102.509
G1 F9000 X108.333 Y101.488 E1649.49393
G0 F15000 X108.955 Y101.488
G1 F9000 X109.976 Y102.509 E1649.54411
G0 F15000 X110.599 Y102.509
G1 F9000 X109.578 Y101.488 E1649.5943
G0 F15000 X110.2 Y101.488
G1 F9000 X111.221 Y102.509 E1649.64448
G0 F15000 X111.843 Y102.509
G1 F9000 X110.822 Y101.488 E1649.69467
G0 F15000 X111.444 Y101.488
G1 F9000 X112.465 Y102.509 E1649.74486
G0 F15000 X113.088 Y102.509
G1 F9000 X112.067 Y101.488 E1649.79504
G0 F15000 X112.689 Y101.488
G1 F9000 X113.711 Y102.51 E1649.84528
G0 F15000 X114.333 Y102.51
G1 F9000 X113.311 Y101.488 E1649.89551
G0 F15000 X113.933 Y101.488
G1 F9000 X114.955 Y102.51 E1649.94575
G0 F15000 X115.577 Y102.51
G1 F9000 X114.556 Y101.488 E1649.99596
G0 F15000 X115.178 Y101.488
G1 F9000 X116.2 Y102.51 E1650.04619
G0 F15000 X116.822 Y102.51
G1 F9000 X115.8 Y101.488 E1650.09643
G0 F15000 X116.422 Y101.488
G1 F9000 X117.444 Y102.51 E1650.14666
G0 F15000 X118.066 Y102.51
G1 F9000 X117.045 Y101.488 E1650.19687
G0 F15000 X117.667 Y101.488
G1 F9000 X118.689 Y102.51 E1650.24711
G0 F15000 X119.312 Y102.511
G1 F9000 X118.289 Y101.488 E1650.29739
G0 F15000 X118.911 Y101.488
G1 F9000 X119.934 Y102.511 E1650.34768
G0 F15000 X120.556 Y102.511
G1 F9000 X119.534 Y101.488 E1650.39793
G0 F15000 X120.156 Y101.488
G1 F9000 X121.178 Y102.511 E1650.44819
G0 F15000 X121.801 Y102.511
G1 F9000 X120.778 Y101.488 E1650.49848
G0 F15000 X121.4 Y101.488
G1 F9000 X122.423 Y102.511 E1650.54876
G0 F15000 X123.045 Y102.511
G1 F9000 X122.023 Y101.488 E1650.59902
G0 F15000 X122.645 Y101.488
G1 F9000 X123.667 Y102.511 E1650.64928
G0 F15000 X124.29 Y102.511
G1 F9000 X123.267 Y101.488 E1650.69957
G0 F15000 X123.889 Y101.488
G1 F9000 X124.912 Y102.511 E1650.74985
G0 F15000 X124.972 Y101.949
G1 F9000 X124.512 Y101.488 E1650.77249
G1 F2400 E1650.27249
;MESH:Pin 5mm - AKM.STL(5)
G0 F15000 X136.615 Y93.608
;TYPE:WALL-OUTER
G1 F2400 E1650.77249
G1 F9000 X136.748 Y93.564 E1650.77735
G1 X164.46 Y93.567 E1651.74054
G1 F9061.8 X165.182 Y93.57 E1651.76546
G1 F9187.9 X165.904 Y93.573 E1651.79004
G1 F10259.1 X166.248 Y93.616 E1651.80061
G1 X166.034 Y93.444 E1651.80898
G1 F9187.9 X166.031 Y92.722 E1651.83356
G1 F9061.8 X166.028 Y92 E1651.85849
G1 F9103.4 X166.033 Y91.276 E1651.88337
G1 F9317.6 X166.038 Y90.552 E1651.90767
G1 F10393.7 X166.219 Y90.383 E1651.91513
G1 X165.908 Y90.422 E1651.92456
G1 F9317.6 X165.184 Y90.427 E1651.94887
G1 F9103.4 X164.46 Y90.432 E1651.97374
G1 F9000 X136.748 Y90.432 E1652.93693
G1 X136.615 Y90.388 E1652.9418
G1 X136.531 Y90.25 E1652.94741
G1 X136.528 Y88.88 E1652.99503
G1 X135.468 Y88.88 E1653.03187
G1 X135.468 Y95.12 E1653.24875
G1 X136.528 Y95.12 E1653.28559
G1 X136.528 Y93.784 E1653.33203
G1 X136.615 Y93.608 E1653.33885
G1 F2400 E1652.83885
G0 F15000 X166.248 Y93.616
G1 F2400 E1653.33885
G1 F11478.3 X166.969 Y93.615 E1653.3585
G0 F15000 X167.593 Y93.276
G1 F9000 X167.443 Y93.456 E1653.36665
G1 F9383.9 X167.24 Y93.568 E1653.37437
G1 F9974.8 X167.173 Y93.591 E1653.3766
G1 F10790.2 X166.969 Y93.615 E1653.38255
G1 X167.173 Y93.591 E1653.38851
G1 F9974.8 X167.245 Y93.585 E1653.39077
G1 F9383.9 X167.476 Y93.567 E1653.3985
G1 F9000 X168.528 Y93.568 E1653.43506
G1 X168.528 Y90.432 E1653.54406
G1 X167.45 Y90.432 E1653.58153
G1 F9209.3 X167.329 Y90.422 E1653.58565
G1 F10179.9 X167.045 Y90.39 E1653.59443
G1 F11314.3 X166.981 Y90.384 E1653.59621
G1 X167.045 Y90.39 E1653.59799
G1 F10179.9 X167.321 Y90.464 E1653.60677
G1 F9209.3 X167.604 Y90.74 E1653.62019
G1 F9000 X167.716 Y91.071 E1653.63234
G1 X167.714 Y92.918 E1653.69653
G1 X167.593 Y93.276 E1653.70967
G1 F2400 E1653.20967
G0 F15000 X166.981 Y90.384
G1 F2400 E1653.70967
G1 F11545.2 X166.219 Y90.383 E1653.73031
G1 F2400 E1653.23031
G0 F15000 X168.1 Y90.86
;TYPE:WALL-INNER
G1 F2400 E1653.73031
G1 F11521.2 X168.122 Y91.013 E1653.73521
G1 F12000 X168.12 Y92.001 E1653.76526
G1 F12126 X168.118 Y92.989 E1653.79499
G1 F11550 X168.098 Y93.138 E1653.79974
G1 F2400 E1653.29974
G0 F15000 X136.748 Y93.124
G1 F2400 E1653.79974
G1 F10500 X165.588 Y93.128 E1654.80213
G1 X165.588 Y90.872 E1654.88054
G1 X136.748 Y90.872 E1655.88293
G1 X136.351 Y90.74 E1655.89747
G1 F8619.4 X136.003 Y90.342 E1655.91986
G1 X135.908 Y90.962 E1655.94641
G1 F10500 X135.908 Y93.034 E1656.01843
G1 F8717 X135.998 Y93.784 E1656.05005
G1 X136.351 Y93.256 E1656.07664
G1 F10500 X136.748 Y93.124 E1656.09119
G1 F2400 E1655.59119
G0 F15000 X135.998 Y93.784
G1 F2400 E1656.09119
G1 F7451.6 X135.998 Y94.59 E1656.13066
G1 F2400 E1655.63066
G0 F15000 X136.003 Y90.342
G1 F2400 E1656.13066
G1 F7380.2 X135.998 Y89.41 E1656.17675
G1 F2400 E1655.67675
G0 F15000 X136.756 Y92.728
;TYPE:SKIN
G1 F2400 E1656.17675
G1 F9000 X165.192 Y92.732 E1657.16509
G1 X165.192 Y91.268 E1657.21598
G1 X136.717 Y91.268 E1658.20568
G1 X136.301 Y91.126 E1658.22096
G1 X136.304 Y92.865 E1658.2814
G1 X136.756 Y92.728 E1658.29781
G0 F15000 X136.688 Y92.508
G1 F9000 X136.525 Y92.345 E1658.30583
G0 F15000 X136.523 Y91.72
G1 F9000 X137.31 Y92.508 E1658.34454
G0 F15000 X137.932 Y92.508
G1 F9000 X136.913 Y91.488 E1658.39465
G0 F15000 X137.535 Y91.488
G1 F9000 X138.555 Y92.508 E1658.44478
G0 F15000 X139.177 Y92.508
G1 F9000 X138.157 Y91.488 E1658.49492
G0 F15000 X138.78 Y91.488
G1 F9000 X139.799 Y92.508 E1658.54503
G0 F15000 X140.422 Y92.508
G1 F9000 X139.402 Y91.488 E1658.59517
G0 F15000 X140.024 Y91.488
G1 F9000 X141.044 Y92.508 E1658.64531
G0 F15000 X141.667 Y92.509
G1 F9000 X140.646 Y91.488 E1658.69549
G0 F15000 X141.269 Y91.488
G1 F9000 X142.289 Y92.509 E1658.74565
G0 F15000 X142.911 Y92.509
G1 F9000 X141.891 Y91.488 E1658.79581
G0 F15000 X142.513 Y91.488
G1 F9000 X143.533 Y92.509 E1658.84598
G0 F15000 X144.156 Y92.509
G1 F9000 X143.135 Y91.488 E1658.89616
G0 F15000 X143.758 Y91.488
G1 F9000 X144.778 Y92.509 E1658.94632
G0 F15000 X145.4 Y92.509
G1 F9000 X144.38 Y91.488 E1658.99648
G0 F15000 X145.002 Y91.488
G1 F9000 X146.023 Y92.509 E1659.04667
G0 F15000 X146.645 Y92.509
G1 F9000 X145.624 Y91.488 E1659.09686
G0 F15000 X146.247 Y91.488
G1 F9000 X147.268 Y92.509 E1659.14704
G0 F15000 X147.89 Y92.509
G1 F9000 X146.869 Y91.488 E1659.19723
G0 F15000 X147.491 Y91.488
G1 F9000 X148.512 Y92.509 E1659.24741
G0 F15000 X149.134 Y92.509
G1 F9000 X148.113 Y91.488 E1659.2976
G0 F15000 X148.736 Y91.488
G1 F9000 X149.757 Y92.509 E1659.34778
G0 F15000 X150.379 Y92.509
G1 F9000 X149.358 Y91.488 E1659.39797
G0 F15000 X149.98 Y91.488
G1 F9000 X151.002 Y92.51 E1659.44821
G0 F15000 X151.624 Y92.51
G1 F9000 X150.602 Y91.488 E1659.49844
G0 F15000 X151.225 Y91.488
G1 F9000 X152.246 Y92.51 E1659.54865
G0 F15000 X152.869 Y92.51
G1 F9000 X151.847 Y91.488 E1659.59889
G0 F15000 X152.469 Y91.488
G1 F9000 X153.491 Y92.51 E1659.64912
G0 F15000 X154.113 Y92.51
G1 F9000 X153.091 Y91.488 E1659.69936
G0 F15000 X153.714 Y91.488
G1 F9000 X154.735 Y92.51 E1659.74957
G0 F15000 X155.358 Y92.51
G1 F9000 X154.336 Y91.488 E1659.7998
G0 F15000 X154.958 Y91.488
G1 F9000 X155.981 Y92.511 E1659.85009
G0 F15000 X156.603 Y92.511
G1 F9000 X155.58 Y91.488 E1659.90037
G0 F15000 X156.203 Y91.488
G1 F9000 X157.225 Y92.511 E1659.95063
G0 F15000 X157.847 Y92.511
G1 F9000 X156.825 Y91.488 E1660.00089
G0 F15000 X157.447 Y91.488
G1 F9000 X158.47 Y92.511 E1660.05117
G0 F15000 X159.092 Y92.511
G1 F9000 X158.069 Y91.488 E1660.10146
G0 F15000 X158.692 Y91.488
G1 F9000 X159.714 Y92.511 E1660.15172
G0 F15000 X160.337 Y92.511
G1 F9000 X159.314 Y91.488 E1660.202
G0 F15000 X159.936 Y91.488
G1 F9000 X160.959 Y92.511 E1660.25228
G0 F15000 X161.582 Y92.511
G1 F9000 X160.558 Y91.488 E1660.30259
G0 F15000 X161.181 Y91.488
G1 F9000 X162.204 Y92.511 E1660.35288
G0 F15000 X162.826 Y92.511
G1 F9000 X161.803 Y91.488 E1660.40316
G0 F15000 X162.425 Y91.488
G1 F9000 X163.448 Y92.511 E1660.45345
G0 F15000 X164.071 Y92.511
G1 F9000 X163.048 Y91.488 E1660.50373
G0 F15000 X163.67 Y91.488
G1 F9000 X164.693 Y92.511 E1660.55401
G0 F15000 X164.972 Y92.169
G1 F9000 X164.292 Y91.488 E1660.58746
G1 X164.215 Y91.411
G1 F2400 E1660.08746
;MESH:Pin 5mm - AKM.STL(3)
G0 F15000 X166.219 Y100.383
;TYPE:WALL-OUTER
G1 F2400 E1660.58746
G1 F11545.2 X166.981 Y100.384 E1660.60811
G1 F2400 E1660.10811
G0 F15000 X167.593 Y103.276
G1 F2400 E1660.60811
G1 F9000 X167.443 Y103.456 E1660.61625
G1 F9383.9 X167.24 Y103.568 E1660.62398
G1 F9974.8 X167.173 Y103.591 E1660.6262
G1 F10790.2 X166.969 Y103.615 E1660.63216
G1 X167.173 Y103.591 E1660.63811
G1 F9974.8 X167.245 Y103.585 E1660.64038
G1 F9383.9 X167.476 Y103.567 E1660.6481
G1 F9000 X168.528 Y103.568 E1660.68467
G1 X168.528 Y100.432 E1660.79366
G1 X167.45 Y100.432 E1660.83113
G1 F9209.3 X167.329 Y100.422 E1660.83526
G1 F10179.9 X167.045 Y100.39 E1660.84404
G1 F11314.3 X166.981 Y100.384 E1660.84581
G1 X167.045 Y100.39 E1660.84759
G1 F10179.9 X167.321 Y100.464 E1660.85637
G1 F9209.3 X167.604 Y100.74 E1660.8698
G1 F9000 X167.716 Y101.071 E1660.88194
G1 X167.714 Y102.918 E1660.94614
G1 X167.593 Y103.276 E1660.95928
G0 F15000 X166.969 Y103.615
G1 F11478.3 X166.248 Y103.616 E1660.97892
G1 F2400 E1660.47892
G0 F15000 X136.615 Y103.608
G1 F2400 E1660.97892
G1 F9000 X136.748 Y103.564 E1660.98379
G1 X164.46 Y103.567 E1661.94698
G1 F9061.8 X165.182 Y103.57 E1661.9719
G1 F9187.9 X165.904 Y103.573 E1661.99648
G1 F10259.1 X166.248 Y103.616 E1662.00705
G1 X166.034 Y103.444 E1662.01542
G1 F9187.9 X166.031 Y102.722 E1662.04
G1 F9061.8 X166.028 Y102 E1662.06493
G1 F9103.4 X166.033 Y101.276 E1662.08981
G1 F9317.6 X166.038 Y100.552 E1662.11411
G1 F10393.7 X166.219 Y100.383 E1662.12157
G1 X165.908 Y100.422 E1662.131
G1 F9317.6 X165.184 Y100.427 E1662.1553
G1 F9103.4 X164.46 Y100.432 E1662.18018
G1 F9000 X136.748 Y100.432 E1663.14337
G1 X136.615 Y100.388 E1663.14823
G1 X136.531 Y100.25 E1663.15385
G1 X136.528 Y98.88 E1663.20147
G1 X135.468 Y98.88 E1663.23831
G1 X135.468 Y105.12 E1663.45519
G1 X136.528 Y105.12 E1663.49203
G1 X136.528 Y103.784 E1663.53847
G1 X136.615 Y103.608 E1663.54529
G0 F15000 X136.748 Y103.124
;TYPE:WALL-INNER
G1 F10500 X165.588 Y103.128 E1664.54768
G1 X165.588 Y100.872 E1664.62609
G1 X136.748 Y100.872 E1665.62848
G1 X136.351 Y100.74 E1665.64302
G1 F8619.4 X136.003 Y100.342 E1665.6654
G1 X135.908 Y100.962 E1665.69196
G1 F10500 X135.908 Y103.034 E1665.76398
G1 F8717 X135.998 Y103.784 E1665.7956
G1 X136.351 Y103.256 E1665.82219
G1 F10500 X136.748 Y103.124 E1665.83673
G1 F2400 E1665.33673
G0 F15000 X135.998 Y103.784
G1 F2400 E1665.83673
G1 F7451.6 X135.998 Y104.59 E1665.87621
G1 F2400 E1665.37621
G0 F15000 X136.003 Y100.342
G1 F2400 E1665.87621
G1 F7380.2 X135.998 Y99.41 E1665.9223
G1 F2400 E1665.4223
G0 F15000 X168.1 Y100.86
G1 F2400 E1665.9223
G1 F11521.2 X168.122 Y101.013 E1665.92719
G1 F12000 X168.12 Y102.001 E1665.95724
G1 F12126 X168.118 Y102.989 E1665.98698
G1 F11550 X168.098 Y103.138 E1665.99173
G1 F2400 E1665.49173
G0 F15000 X136.756 Y102.728
;TYPE:SKIN
G1 F2400 E1665.99173
G1 F9000 X165.192 Y102.732 E1666.98007
G1 X165.192 Y101.268 E1667.03095
G1 X136.717 Y101.268 E1668.02066
G1 X136.301 Y101.126 E1668.03593
G1 X136.304 Y102.865 E1668.09638
G1 X136.756 Y102.728 E1668.11279
G0 F15000 X136.733 Y102.509
G1 F9000 X136.525 Y102.301 E1668.12302
G0 F15000 X136.523 Y101.676
G1 F9000 X137.355 Y102.509 E1668.16394
G0 F15000 X137.977 Y102.509
G1 F9000 X136.957 Y101.488 E1668.2141
G0 F15000 X137.579 Y101.488
G1 F9000 X138.599 Y102.509 E1668.26426
G0 F15000 X139.222 Y102.509
G1 F9000 X138.201 Y101.488 E1668.31444
G0 F15000 X138.823 Y101.488
G1 F9000 X139.844 Y102.509 E1668.36463
G0 F15000 X140.466 Y102.509
G1 F9000 X139.446 Y101.488 E1668.41479
G0 F15000 X140.068 Y101.488
G1 F9000 X141.088 Y102.509 E1668.46495
G0 F15000 X141.711 Y102.509
G1 F9000 X140.69 Y101.488 E1668.51514
G0 F15000 X141.312 Y101.488
G1 F9000 X142.334 Y102.509 E1668.56535
G0 F15000 X142.956 Y102.509
G1 F9000 X141.935 Y101.488 E1668.61554
G0 F15000 X142.557 Y101.488
G1 F9000 X143.578 Y102.509 E1668.66572
G0 F15000 X144.2 Y102.509
G1 F9000 X143.179 Y101.488 E1668.71591
G0 F15000 X143.801 Y101.488
G1 F9000 X144.823 Y102.509 E1668.76612
G0 F15000 X145.445 Y102.509
G1 F9000 X144.424 Y101.488 E1668.8163
G0 F15000 X145.046 Y101.488
G1 F9000 X146.067 Y102.509 E1668.86649
G0 F15000 X146.689 Y102.509
G1 F9000 X145.668 Y101.488 E1668.91667
G0 F15000 X146.29 Y101.488
G1 F9000 X147.312 Y102.509 E1668.96688
G0 F15000 X147.935 Y102.51
G1 F9000 X146.913 Y101.488 E1669.01712
G0 F15000 X147.535 Y101.488
G1 F9000 X148.557 Y102.51 E1669.06735
G0 F15000 X149.179 Y102.51
G1 F9000 X148.157 Y101.488 E1669.11759
G0 F15000 X148.78 Y101.488
G1 F9000 X149.801 Y102.51 E1669.1678
G0 F15000 X150.424 Y102.51
G1 F9000 X149.402 Y101.488 E1669.21804
G0 F15000 X150.024 Y101.488
G1 F9000 X151.046 Y102.51 E1669.26827
G0 F15000 X151.668 Y102.51
G1 F9000 X150.646 Y101.488 E1669.31851
G0 F15000 X151.269 Y101.488
G1 F9000 X152.29 Y102.51 E1669.36872
G0 F15000 X152.913 Y102.51
G1 F9000 X151.891 Y101.488 E1669.41895
G0 F15000 X152.513 Y101.488
G1 F9000 X153.535 Y102.51 E1669.46919
G0 F15000 X154.158 Y102.511
G1 F9000 X153.135 Y101.488 E1669.51947
G0 F15000 X153.758 Y101.488
G1 F9000 X154.78 Y102.511 E1669.56973
G0 F15000 X155.402 Y102.511
G1 F9000 X154.38 Y101.488 E1669.61999
G0 F15000 X155.002 Y101.488
G1 F9000 X156.025 Y102.511 E1669.67027
G0 F15000 X156.647 Y102.511
G1 F9000 X155.624 Y101.488 E1669.72056
G0 F15000 X156.247 Y101.488
G1 F9000 X157.269 Y102.511 E1669.77082
G0 F15000 X157.891 Y102.511
G1 F9000 X156.869 Y101.488 E1669.82108
G0 F15000 X157.491 Y101.488
G1 F9000 X158.514 Y102.511 E1669.87136
G0 F15000 X159.136 Y102.511
G1 F9000 X158.113 Y101.488 E1669.92164
G0 F15000 X158.736 Y101.488
G1 F9000 X159.759 Y102.511 E1669.97193
G0 F15000 X160.381 Y102.511
G1 F9000 X159.358 Y101.488 E1670.02221
G0 F15000 X159.98 Y101.488
G1 F9000 X161.003 Y102.511 E1670.0725
G0 F15000 X161.626 Y102.511
G1 F9000 X160.602 Y101.488 E1670.12281
G0 F15000 X161.225 Y101.488
G1 F9000 X162.248 Y102.511 E1670.17309
G0 F15000 X162.87 Y102.511
G1 F9000 X161.847 Y101.488 E1670.22337
G0 F15000 X162.469 Y101.488
G1 F9000 X163.492 Y102.511 E1670.27366
G0 F15000 X164.115 Y102.511
G1 F9000 X163.091 Y101.488 E1670.32397
G0 F15000 X163.714 Y101.488
G1 F9000 X164.737 Y102.511 E1670.37425
G0 F15000 X164.972 Y102.125
G1 F9000 X164.336 Y101.488 E1670.40554
G1 X164.259 Y101.411
G1 F2400 E1669.90554
;MESH:Pin 5mm - AKM.STL(1)
G0 F15000 X166.219 Y110.383
;TYPE:WALL-OUTER
G1 F2400 E1670.40554
G1 F11545.2 X166.981 Y110.384 E1670.42618
G1 F2400 E1669.92618
G0 F15000 X167.593 Y113.276
G1 F2400 E1670.42618
G1 F9000 X167.443 Y113.456 E1670.43433
G1 F9383.9 X167.24 Y113.568 E1670.44206
G1 F9974.8 X167.173 Y113.591 E1670.44428
G1 F10790.2 X166.969 Y113.615 E1670.45023
G1 X167.173 Y113.591 E1670.45619
G1 F9974.8 X167.245 Y113.585 E1670.45845
G1 F9383.9 X167.476 Y113.567 E1670.46618
G1 F9000 X168.528 Y113.568 E1670.50274
G1 X168.528 Y110.432 E1670.61174
G1 X167.45 Y110.432 E1670.64921
G1 F9209.3 X167.329 Y110.422 E1670.65333
G1 F10179.9 X167.045 Y110.39 E1670.66211
G1 F11314.3 X166.981 Y110.384 E1670.66389
G1 X167.045 Y110.39 E1670.66567
G1 F10179.9 X167.321 Y110.464 E1670.67445
G1 F9209.3 X167.604 Y110.74 E1670.68787
G1 F9000 X167.716 Y111.071 E1670.70002
G1 X167.714 Y112.918 E1670.76422
G1 X167.593 Y113.276 E1670.77735
G0 F15000 X166.969 Y113.615
G1 F11478.3 X166.248 Y113.616 E1670.797
G1 F2400 E1670.297
G0 F15000 X136.615 Y113.608
G1 F2400 E1670.797
G1 F9000 X136.748 Y113.564 E1670.80187
G1 X164.46 Y113.567 E1671.76505
G1 F9061.8 X165.182 Y113.57 E1671.78997
G1 F9187.9 X165.904 Y113.573 E1671.81455
G1 F10259.1 X166.248 Y113.616 E1671.82512
G1 X166.034 Y113.444 E1671.8335
G1 F9187.9 X166.031 Y112.722 E1671.85808
G1 F9061.8 X166.028 Y112 E1671.883
G1 F9103.4 X166.033 Y111.276 E1671.90788
G1 F9317.6 X166.038 Y110.552 E1671.93219
G1 F10393.7 X166.219 Y110.383 E1671.93964
G1 X165.908 Y110.422 E1671.94907
G1 F9317.6 X165.184 Y110.427 E1671.97338
G1 F9103.4 X164.46 Y110.432 E1671.99826
G1 F9000 X136.748 Y110.432 E1672.96144
G1 X136.615 Y110.388 E1672.96631
G1 X136.531 Y110.25 E1672.97192
G1 X136.528 Y108.88 E1673.01954
G1 X135.468 Y108.88 E1673.05638
G1 X135.468 Y115.12 E1673.27327
G1 X136.528 Y115.12 E1673.31011
G1 X136.528 Y113.784 E1673.35654
G1 X136.615 Y113.608 E1673.36337
G0 F15000 X136.748 Y113.124
;TYPE:WALL-INNER
G1 F10500 X165.588 Y113.128 E1674.36575
G1 X165.588 Y110.872 E1674.44417
G1 X136.748 Y110.872 E1675.44655
G1 X136.351 Y110.74 E1675.46109
G1 F8619.4 X136.003 Y110.342 E1675.48348
G1 X135.908 Y110.962 E1675.51004
G1 F10500 X135.908 Y113.034 E1675.58205
G1 F8717 X135.998 Y113.784 E1675.61368
G1 X136.351 Y113.256 E1675.64027
G1 F10500 X136.748 Y113.124 E1675.65481
G1 F2400 E1675.15481
G0 F15000 X135.998 Y113.784
G1 F2400 E1675.65481
G1 F7451.6 X135.998 Y114.59 E1675.69428
G1 F2400 E1675.19428
G0 F15000 X136.003 Y110.342
G1 F2400 E1675.69428
G1 F7380.2 X135.998 Y109.41 E1675.74037
G1 F2400 E1675.24037
G0 F15000 X168.1 Y110.86
G1 F2400 E1675.74037
G1 F11521.2 X168.122 Y111.013 E1675.74527
G1 F12000 X168.12 Y112.001 E1675.77531
G1 F12126 X168.118 Y112.989 E1675.80505
G1 F11550 X168.098 Y113.138 E1675.8098
G1 F2400 E1675.3098
G0 F15000 X136.756 Y112.728
;TYPE:SKIN
G1 F2400 E1675.8098
G1 F9000 X165.192 Y112.732 E1676.79815
G1 X165.192 Y111.268 E1676.84903
G1 X136.717 Y111.268 E1677.83873
G1 X136.301 Y111.126 E1677.85401
G1 X136.304 Y112.865 E1677.91445
G1 X136.756 Y112.728 E1677.93087
G0 F15000 X136.776 Y112.508
G1 F9000 X136.525 Y112.257 E1677.9432
G0 F15000 X136.522 Y111.632
G1 F9000 X137.399 Y112.508 E1677.98629
G0 F15000 X138.021 Y112.508
G1 F9000 X137.001 Y111.488 E1678.03642
G0 F15000 X137.623 Y111.488
G1 F9000 X138.643 Y112.508 E1678.08656
G0 F15000 X139.265 Y112.508
G1 F9000 X138.245 Y111.488 E1678.1367
G0 F15000 X138.867 Y111.488
G1 F9000 X139.888 Y112.508 E1678.18686
G0 F15000 X140.51 Y112.508
G1 F9000 X139.49 Y111.488 E1678.23699
G0 F15000 X140.112 Y111.488
G1 F9000 X141.132 Y112.508 E1678.28713
G0 F15000 X141.754 Y112.508
G1 F9000 X140.734 Y111.488 E1678.33727
G0 F15000 X141.356 Y111.488
G1 F9000 X142.377 Y112.509 E1678.38745
G0 F15000 X143 Y112.509
G1 F9000 X141.979 Y111.488 E1678.43764
G0 F15000 X142.601 Y111.488
G1 F9000 X143.622 Y112.509 E1678.48783
G0 F15000 X144.244 Y112.509
G1 F9000 X143.223 Y111.488 E1678.53801
G0 F15000 X143.845 Y111.488
G1 F9000 X144.866 Y112.509 E1678.5882
G0 F15000 X145.489 Y112.509
G1 F9000 X144.468 Y111.488 E1678.63838
G0 F15000 X145.09 Y111.488
G1 F9000 X146.111 Y112.509 E1678.68857
G0 F15000 X146.733 Y112.509
G1 F9000 X145.712 Y111.488 E1678.73875
G0 F15000 X146.334 Y111.488
G1 F9000 X147.355 Y112.509 E1678.78894
G0 F15000 X147.978 Y112.51
G1 F9000 X146.957 Y111.488 E1678.83915
G0 F15000 X147.579 Y111.488
G1 F9000 X148.601 Y112.51 E1678.88939
G0 F15000 X149.223 Y112.51
G1 F9000 X148.201 Y111.488 E1678.93962
G0 F15000 X148.823 Y111.488
G1 F9000 X149.845 Y112.51 E1678.98986
G0 F15000 X150.467 Y112.51
G1 F9000 X149.446 Y111.488 E1679.04007
G0 F15000 X150.068 Y111.488
G1 F9000 X151.09 Y112.51 E1679.0903
G0 F15000 X151.712 Y112.51
G1 F9000 X150.69 Y111.488 E1679.14054
G0 F15000 X151.312 Y111.488
G1 F9000 X152.334 Y112.51 E1679.19077
G0 F15000 X152.956 Y112.51
G1 F9000 X151.935 Y111.488 E1679.24098
G0 F15000 X152.557 Y111.488
G1 F9000 X153.579 Y112.51 E1679.29122
G0 F15000 X154.202 Y112.511
G1 F9000 X153.179 Y111.488 E1679.3415
G0 F15000 X153.801 Y111.488
G1 F9000 X154.824 Y112.511 E1679.39178
G0 F15000 X155.446 Y112.511
G1 F9000 X154.424 Y111.488 E1679.44204
G0 F15000 X155.046 Y111.488
G1 F9000 X156.068 Y112.511 E1679.4923
G0 F15000 X156.691 Y112.511
G1 F9000 X155.668 Y111.488 E1679.54259
G0 F15000 X156.29 Y111.488
G1 F9000 X157.313 Y112.511 E1679.59287
G0 F15000 X157.935 Y112.511
G1 F9000 X156.913 Y111.488 E1679.64313
G0 F15000 X157.535 Y111.488
G1 F9000 X158.557 Y112.511 E1679.69339
G0 F15000 X159.18 Y112.511
G1 F9000 X158.157 Y111.488 E1679.74368
G0 F15000 X158.779 Y111.488
G1 F9000 X159.803 Y112.511 E1679.79398
G0 F15000 X160.425 Y112.511
G1 F9000 X159.402 Y111.488 E1679.84427
G0 F15000 X160.024 Y111.488
G1 F9000 X161.047 Y112.511 E1679.89455
G0 F15000 X161.669 Y112.511
G1 F9000 X160.646 Y111.488 E1679.94484
G0 F15000 X161.268 Y111.488
G1 F9000 X162.292 Y112.511 E1679.99515
G0 F15000 X162.914 Y112.511
G1 F9000 X161.891 Y111.488 E1680.04543
G0 F15000 X162.513 Y111.488
G1 F9000 X163.536 Y112.511 E1680.09571
G0 F15000 X164.158 Y112.511
G1 F9000 X163.135 Y111.488 E1680.146
G0 F15000 X163.757 Y111.488
G1 F9000 X164.781 Y112.511 E1680.19631
G0 F15000 X164.972 Y112.081
G1 F9000 X164.38 Y111.488 E1680.22543
G1 F2400 E1679.72543
;MESH:Pin 5mm - AKM.STL(7)
G0 F15000 X166.219 Y120.383
;TYPE:WALL-OUTER
G1 F2400 E1680.22543
G1 F11545.2 X166.981 Y120.384 E1680.24608
G1 F2400 E1679.74608
G0 F15000 X167.593 Y123.276
G1 F2400 E1680.24608
G1 F9000 X167.443 Y123.456 E1680.25422
G1 F9383.9 X167.24 Y123.568 E1680.26195
G1 F9974.8 X167.173 Y123.591 E1680.26417
G1 F10790.2 X166.969 Y123.615 E1680.27012
G1 X167.173 Y123.591 E1680.27608
G1 F9974.8 X167.245 Y123.585 E1680.27835
G1 F9383.9 X167.476 Y123.567 E1680.28607
G1 F9000 X168.528 Y123.568 E1680.32263
G1 X168.528 Y120.432 E1680.43163
G1 X167.45 Y120.432 E1680.4691
G1 F9209.3 X167.329 Y120.422 E1680.47322
G1 F10179.9 X167.045 Y120.39 E1680.482
G1 F11314.3 X166.981 Y120.384 E1680.48378
G1 X167.045 Y120.39 E1680.48556
G1 F10179.9 X167.321 Y120.464 E1680.49434
G1 F9209.3 X167.604 Y120.74 E1680.50777
G1 F9000 X167.716 Y121.071 E1680.51991
G1 X167.714 Y122.918 E1680.58411
G1 X167.593 Y123.276 E1680.59724
G0 F15000 X166.969 Y123.615
G1 F11478.3 X166.248 Y123.616 E1680.61689
G1 F2400 E1680.11689
G0 F15000 X136.615 Y123.608
G1 F2400 E1680.61689
G1 F9000 X136.748 Y123.564 E1680.62176
G1 X164.46 Y123.567 E1681.58494
G1 F9061.8 X165.182 Y123.57 E1681.60987
G1 F9187.9 X165.904 Y123.573 E1681.63445
G1 F10259.1 X166.248 Y123.616 E1681.64502
G1 X166.034 Y123.444 E1681.65339
G1 F9187.9 X166.031 Y122.722 E1681.67797
G1 F9061.8 X166.028 Y122 E1681.70289
G1 F9103.4 X166.033 Y121.276 E1681.72777
G1 F9317.6 X166.038 Y120.552 E1681.75208
G1 F10393.7 X166.219 Y120.383 E1681.75953
G1 X165.908 Y120.422 E1681.76897
G1 F9317.6 X165.184 Y120.427 E1681.79327
G1 F9103.4 X164.46 Y120.432 E1681.81815
G1 F9000 X136.748 Y120.432 E1682.78133
G1 X136.615 Y120.388 E1682.7862
G1 X136.531 Y120.25 E1682.79182
G1 X136.528 Y118.88 E1682.83943
G1 X135.468 Y118.88 E1682.87628
G1 X135.468 Y125.12 E1683.09316
G1 X136.528 Y125.12 E1683.13
G1 X136.528 Y123.784 E1683.17644
G1 X136.615 Y123.608 E1683.18326
G0 F15000 X136.748 Y123.124
;TYPE:WALL-INNER
G1 F10500 X165.588 Y123.128 E1684.18565
G1 X165.588 Y120.872 E1684.26406
G1 X136.748 Y120.872 E1685.26645
G1 X136.351 Y120.74 E1685.28099
G1 F8619.4 X136.003 Y120.342 E1685.30337
G1 X135.908 Y120.962 E1685.32993
G1 F10500 X135.908 Y123.034 E1685.40194
G1 F8717 X135.998 Y123.784 E1685.43357
G1 X136.351 Y123.256 E1685.46016
G1 F10500 X136.748 Y123.124 E1685.4747
G1 F2400 E1684.9747
G0 F15000 X135.998 Y123.784
G1 F2400 E1685.4747
G1 F7451.6 X135.998 Y124.59 E1685.51418
G1 F2400 E1685.01418
G0 F15000 X136.003 Y120.342
G1 F2400 E1685.51418
G1 F7380.2 X135.998 Y119.41 E1685.56026
G1 F2400 E1685.06026
G0 F15000 X168.1 Y120.86
G1 F2400 E1685.56026
G1 F11521.2 X168.122 Y121.013 E1685.56516
G1 F12000 X168.12 Y122.001 E1685.59521
G1 F12126 X168.118 Y122.989 E1685.62494
G1 F11550 X168.098 Y123.138 E1685.62969
G1 F2400 E1685.12969
G0 F15000 X136.756 Y122.728
;TYPE:SKIN
G1 F2400 E1685.62969
G1 F9000 X165.192 Y122.732 E1686.61804
G1 X165.192 Y121.268 E1686.66892
G1 X136.717 Y121.268 E1687.65862
G1 X136.301 Y121.126 E1687.6739
G1 X136.304 Y122.865 E1687.73434
G1 X136.756 Y122.728 E1687.75076
G0 F15000 X136.82 Y122.508
G1 F9000 X136.525 Y122.213 E1687.76526
G0 F15000 X136.522 Y121.588
G1 F9000 X137.442 Y122.508 E1687.81048
G0 F15000 X138.065 Y122.508
G1 F9000 X137.044 Y121.488 E1687.86064
G0 F15000 X137.667 Y121.488
G1 F9000 X138.687 Y122.508 E1687.91078
G0 F15000 X139.309 Y122.508
G1 F9000 X138.289 Y121.488 E1687.96092
G0 F15000 X138.911 Y121.488
G1 F9000 X139.931 Y122.508 E1688.01105
G0 F15000 X140.554 Y122.508
G1 F9000 X139.533 Y121.488 E1688.06121
G0 F15000 X140.156 Y121.488
G1 F9000 X141.176 Y122.508 E1688.11135
G0 F15000 X141.798 Y122.508
G1 F9000 X140.778 Y121.488 E1688.16149
G0 F15000 X141.4 Y121.488
G1 F9000 X142.421 Y122.509 E1688.21167
G0 F15000 X143.043 Y122.509
G1 F9000 X142.022 Y121.488 E1688.26186
G0 F15000 X142.645 Y121.488
G1 F9000 X143.666 Y122.509 E1688.31204
G0 F15000 X144.288 Y122.509
G1 F9000 X143.267 Y121.488 E1688.36223
G0 F15000 X143.889 Y121.488
G1 F9000 X144.91 Y122.509 E1688.41242
G0 F15000 X145.532 Y122.509
G1 F9000 X144.511 Y121.488 E1688.4626
G0 F15000 X145.134 Y121.488
G1 F9000 X146.155 Y122.509 E1688.51279
G0 F15000 X146.777 Y122.509
G1 F9000 X145.756 Y121.488 E1688.56297
G0 F15000 X146.378 Y121.488
G1 F9000 X147.399 Y122.509 E1688.61316
G0 F15000 X148.022 Y122.51
G1 F9000 X147 Y121.488 E1688.66339
G0 F15000 X147.623 Y121.488
G1 F9000 X148.644 Y122.51 E1688.7136
G0 F15000 X149.267 Y122.51
G1 F9000 X148.245 Y121.488 E1688.76384
G0 F15000 X148.867 Y121.488
G1 F9000 X149.889 Y122.51 E1688.81407
G0 F15000 X150.511 Y122.51
G1 F9000 X149.489 Y121.488 E1688.86431
G0 F15000 X150.112 Y121.488
G1 F9000 X151.133 Y122.51 E1688.91452
G0 F15000 X151.756 Y122.51
G1 F9000 X150.734 Y121.488 E1688.96475
G0 F15000 X151.356 Y121.488
G1 F9000 X152.378 Y122.51 E1689.01499
G0 F15000 X153 Y122.51
G1 F9000 X151.978 Y121.488 E1689.06522
G0 F15000 X152.601 Y121.488
G1 F9000 X153.623 Y122.51 E1689.11546
G0 F15000 X154.245 Y122.51
G1 F9000 X153.223 Y121.488 E1689.16569
G0 F15000 X153.845 Y121.488
G1 F9000 X154.868 Y122.51 E1689.21595
G0 F15000 X155.49 Y122.51
G1 F9000 X154.467 Y121.488 E1689.26621
G0 F15000 X155.09 Y121.488
G1 F9000 X156.112 Y122.51 E1689.31645
G0 F15000 X156.734 Y122.51
G1 F9000 X155.712 Y121.488 E1689.36668
G0 F15000 X156.334 Y121.488
G1 F9000 X157.357 Y122.51 E1689.41694
G0 F15000 X157.979 Y122.51
G1 F9000 X156.956 Y121.488 E1689.4672
G0 F15000 X157.579 Y121.488
G1 F9000 X158.601 Y122.51 E1689.51744
G0 F15000 X159.223 Y122.51
G1 F9000 X158.201 Y121.488 E1689.56767
G0 F15000 X158.823 Y121.488
G1 F9000 X159.846 Y122.511 E1689.61796
G0 F15000 X160.469 Y122.511
G1 F9000 X159.446 Y121.488 E1689.66824
G0 F15000 X160.068 Y121.488
G1 F9000 X161.091 Y122.511 E1689.71853
G0 F15000 X161.713 Y122.511
G1 F9000 X160.69 Y121.488 E1689.76881
G0 F15000 X161.312 Y121.488
G1 F9000 X162.335 Y122.511 E1689.81909
G0 F15000 X162.958 Y122.511
G1 F9000 X161.935 Y121.488 E1689.86938
G0 F15000 X162.557 Y121.488
G1 F9000 X163.58 Y122.511 E1689.91966
G0 F15000 X164.202 Y122.511
G1 F9000 X163.179 Y121.488 E1689.96995
G0 F15000 X163.801 Y121.488
G1 F9000 X164.824 Y122.511 E1690.02023
G0 F15000 X164.972 Y122.037
G1 F9000 X164.424 Y121.488 E1690.04719
G1 F2400 E1689.54719
;MESH:Pin 5mm - AKM.STL(6)
G0 F15000 X176.615 Y103.608
;TYPE:WALL-OUTER
G1 F2400 E1690.04719
G1 F9000 X176.748 Y103.564 E1690.05206
G1 X204.46 Y103.567 E1691.01524
G1 F9061.8 X205.182 Y103.57 E1691.04016
G1 F9187.9 X205.904 Y103.573 E1691.06475
G1 F10259.1 X206.248 Y103.616 E1691.07532
G1 X206.034 Y103.444 E1691.08369
G1 F9187.9 X206.031 Y102.722 E1691.10827
G1 F9061.8 X206.028 Y102 E1691.13319
G1 F9103.4 X206.033 Y101.276 E1691.15807
G1 F9317.6 X206.038 Y100.552 E1691.18238
G1 F10393.7 X206.219 Y100.383 E1691.18983
G1 X205.908 Y100.422 E1691.19926
G1 F9317.6 X205.184 Y100.427 E1691.22357
G1 F9103.4 X204.46 Y100.432 E1691.24845
G1 F9000 X176.748 Y100.432 E1692.21163
G1 X176.615 Y100.388 E1692.2165
G1 X176.531 Y100.25 E1692.22212
G1 X176.528 Y98.88 E1692.26973
G1 X175.468 Y98.88 E1692.30657
G1 X175.468 Y105.12 E1692.52346
G1 X176.528 Y105.12 E1692.5603
G1 X176.528 Y103.784 E1692.60673
G1 X176.615 Y103.608 E1692.61356
G1 F2400 E1692.11356
G0 F15000 X206.248 Y103.616
G1 F2400 E1692.61356
G1 F11478.3 X206.969 Y103.615 E1692.63321
G0 F15000 X207.593 Y103.276
G1 F9000 X207.443 Y103.456 E1692.64135
G1 F9383.9 X207.24 Y103.568 E1692.64908
G1 F9974.8 X207.173 Y103.591 E1692.6513
G1 F10790.2 X206.969 Y103.615 E1692.65726
G1 X207.173 Y103.591 E1692.66321
G1 F9974.8 X207.245 Y103.585 E1692.66548
G1 F9383.9 X207.476 Y103.567 E1692.6732
G1 F9000 X208.528 Y103.568 E1692.70976
G1 X208.528 Y100.432 E1692.81876
G1 X207.45 Y100.432 E1692.85623
G1 F9209.3 X207.329 Y100.422 E1692.86035
G1 F10179.9 X207.045 Y100.39 E1692.86914
G1 F11314.3 X206.981 Y100.384 E1692.87091
G1 X207.045 Y100.39 E1692.87269
G1 F10179.9 X207.321 Y100.464 E1692.88147
G1 F9209.3 X207.604 Y100.74 E1692.8949
G1 F9000 X207.716 Y101.071 E1692.90704
G1 X207.714 Y102.918 E1692.97124
G1 X207.593 Y103.276 E1692.98437
G1 F2400 E1692.48437
G0 F15000 X206.981 Y100.384
G1 F2400 E1692.98437
G1 F11545.2 X206.219 Y100.383 E1693.00502
G1 F2400 E1692.50502
G0 F15000 X208.1 Y100.86
;TYPE:WALL-INNER
G1 F2400 E1693.00502
G1 F11521.2 X208.122 Y101.013 E1693.00992
G1 F12000 X208.12 Y102.001 E1693.03996
G1 F12126 X208.118 Y102.989 E1693.0697
G1 F11550 X208.098 Y103.138 E1693.07445
G1 F2400 E1692.57445
G0 F15000 X176.748 Y103.124
G1 F2400 E1693.07445
G1 F10500 X205.588 Y103.128 E1694.07684
G1 X205.588 Y100.872 E1694.15525
G1 X176.748 Y100.872 E1695.15764
G1 X176.351 Y100.74 E1695.17218
G1 F8619.4 X176.003 Y100.342 E1695.19456
G1 X175.908 Y100.962 E1695.22112
G1 F10500 X175.908 Y103.034 E1695.29313
G1 F8717 X175.998 Y103.784 E1695.32476
G1 X176.351 Y103.256 E1695.35135
G1 F10500 X176.748 Y103.124 E1695.36589
G1 F2400 E1694.86589
G0 F15000 X175.998 Y103.784
G1 F2400 E1695.36589
G1 F7451.6 X175.998 Y104.59 E1695.40537
G1 F2400 E1694.90537
G0 F15000 X176.003 Y100.342
G1 F2400 E1695.40537
G1 F7380.2 X175.998 Y99.41 E1695.45145
G1 F2400 E1694.95145
G0 F15000 X176.756 Y102.728
;TYPE:SKIN
G1 F2400 E1695.45145
G1 F9000 X205.192 Y102.732 E1696.4398
G1 X205.192 Y101.268 E1696.49068
G1 X176.717 Y101.268 E1697.48038
G1 X176.301 Y101.126 E1697.49566
G1 X176.304 Y102.865 E1697.5561
G1 X176.756 Y102.728 E1697.57252
G0 F15000 X177.178 Y102.508
G1 F9000 X176.523 Y101.852 E1697.60474
G0 F15000 X176.781 Y101.488
G1 F9000 X177.801 Y102.508 E1697.65488
G0 F15000 X178.423 Y102.508
G1 F9000 X177.403 Y101.488 E1697.70501
G0 F15000 X178.025 Y101.488
G1 F9000 X179.045 Y102.508 E1697.75515
G0 F15000 X179.667 Y102.508
G1 F9000 X178.648 Y101.488 E1697.80526
G0 F15000 X179.27 Y101.488
G1 F9000 X180.29 Y102.508 E1697.8554
G0 F15000 X180.912 Y102.508
G1 F9000 X179.892 Y101.488 E1697.90554
G0 F15000 X180.514 Y101.488
G1 F9000 X181.535 Y102.509 E1697.95572
G0 F15000 X182.157 Y102.509
G1 F9000 X181.137 Y101.488 E1698.00588
G0 F15000 X181.759 Y101.488
G1 F9000 X182.779 Y102.509 E1698.05604
G0 F15000 X183.402 Y102.509
G1 F9000 X182.381 Y101.488 E1698.10623
G0 F15000 X183.003 Y101.488
G1 F9000 X184.024 Y102.509 E1698.15642
G0 F15000 X184.646 Y102.509
G1 F9000 X183.626 Y101.488 E1698.20658
G0 F15000 X184.248 Y101.488
G1 F9000 X185.268 Y102.509 E1698.25674
G0 F15000 X185.891 Y102.509
G1 F9000 X184.87 Y101.488 E1698.30692
G0 F15000 X185.492 Y101.488
G1 F9000 X186.514 Y102.509 E1698.35713
G0 F15000 X187.136 Y102.509
G1 F9000 X186.115 Y101.488 E1698.40732
G0 F15000 X186.737 Y101.488
G1 F9000 X187.758 Y102.509 E1698.45751
G0 F15000 X188.38 Y102.509
G1 F9000 X187.359 Y101.488 E1698.50769
G0 F15000 X187.982 Y101.488
G1 F9000 X189.003 Y102.509 E1698.55788
G0 F15000 X189.625 Y102.509
G1 F9000 X188.604 Y101.488 E1698.60806
G0 F15000 X189.226 Y101.488
G1 F9000 X190.247 Y102.509 E1698.65825
G0 F15000 X190.87 Y102.51
G1 F9000 X189.848 Y101.488 E1698.70848
G0 F15000 X190.471 Y101.488
G1 F9000 X191.492 Y102.51 E1698.75869
G0 F15000 X192.115 Y102.51
G1 F9000 X191.093 Y101.488 E1698.80893
G0 F15000 X191.715 Y101.488
G1 F9000 X192.737 Y102.51 E1698.85916
G0 F15000 X193.359 Y102.51
G1 F9000 X192.337 Y101.488 E1698.9094
G0 F15000 X192.96 Y101.488
G1 F9000 X193.981 Y102.51 E1698.95961
G0 F15000 X194.604 Y102.51
G1 F9000 X193.582 Y101.488 E1699.00984
G0 F15000 X194.204 Y101.488
G1 F9000 X195.226 Y102.51 E1699.06008
G0 F15000 X195.849 Y102.511
G1 F9000 X194.826 Y101.488 E1699.11036
G0 F15000 X195.449 Y101.488
G1 F9000 X196.471 Y102.511 E1699.16062
G0 F15000 X197.093 Y102.511
G1 F9000 X196.071 Y101.488 E1699.21088
G0 F15000 X196.693 Y101.488
G1 F9000 X197.716 Y102.511 E1699.26117
G0 F15000 X198.338 Y102.511
G1 F9000 X197.315 Y101.488 E1699.31145
G0 F15000 X197.938 Y101.488
G1 F9000 X198.96 Y102.511 E1699.36171
G0 F15000 X199.582 Y102.511
G1 F9000 X198.56 Y101.488 E1699.41197
G0 F15000 X199.182 Y101.488
G1 F9000 X200.205 Y102.511 E1699.46225
G0 F15000 X200.828 Y102.511
G1 F9000 X199.804 Y101.488 E1699.51256
G0 F15000 X200.427 Y101.488
G1 F9000 X201.45 Y102.511 E1699.56285
G0 F15000 X202.072 Y102.511
G1 F9000 X201.049 Y101.488 E1699.61313
G0 F15000 X201.671 Y101.488
G1 F9000 X202.694 Y102.511 E1699.66342
G0 F15000 X203.317 Y102.511
G1 F9000 X202.293 Y101.488 E1699.71372
G0 F15000 X202.916 Y101.488
G1 F9000 X203.939 Y102.511 E1699.76401
G0 F15000 X204.561 Y102.511
G1 F9000 X203.538 Y101.488 E1699.81429
G0 F15000 X204.16 Y101.488
G1 F9000 X204.972 Y102.3 E1699.85421
G0 F15000 X204.972 Y101.678
G1 F9000 X204.782 Y101.488 E1699.86354
G1 F2400 E1699.36354
;MESH:NONMESH
G0 F600 X204.782 Y101.488 Z4
G0 F15000 X56.615 Y113.396
;TIME_ELAPSED:703.777325
;LAYER:19
;TYPE:WALL-OUTER
;MESH:Pin 5mm - AKM.STL(4)
G1 F2400 E1699.86354
G1 F9000 X56.748 Y113.352 E1699.86841
G1 X84.676 Y113.352 E1700.8391
G1 F9361.7 X85.398 Y113.405 E1700.86329
G1 F10179.9 X86.12 Y113.458 E1700.88554
G1 F11123.6 X86.248 Y113.508 E1700.8894
G1 X86.134 Y113.444 E1700.89308
G1 F10179.9 X86.081 Y112.722 E1700.91532
G1 F9361.7 X86.028 Y112 E1700.93951
G1 F9383.9 X86.082 Y111.276 E1700.96372
G1 F10206.2 X86.136 Y110.552 E1700.98597
G1 F11154.9 X86.248 Y110.49 E1700.98956
G1 X86.124 Y110.54 E1700.99331
G1 F10206.2 X85.4 Y110.594 E1701.01556
G1 F9383.9 X84.676 Y110.648 E1701.03976
G1 F9000 X56.748 Y110.645 E1702.01045
G1 X56.615 Y110.6 E1702.01533
G1 X56.531 Y110.462 E1702.02094
G1 X56.528 Y108.988 E1702.07218
G1 X55.468 Y108.988 E1702.10902
G1 X55.468 Y115.008 E1702.31825
G1 X56.528 Y115.008 E1702.3551
G1 X56.528 Y113.572 E1702.40501
G1 X56.615 Y113.396 E1702.41183
G1 F2400 E1701.91183
G0 F15000 X86.248 Y113.508
G1 F2400 E1702.41183
G1 F11647.1 X86.953 Y113.507 E1702.43077
G1 F2400 E1701.93077
G0 F15000 X87.715 Y112.903
G1 F2400 E1702.43077
G1 F9000 X87.627 Y113.208 E1702.4418
G1 X87.534 Y113.353 E1702.44779
G1 X88.528 Y113.352 E1702.48233
G1 X88.528 Y110.648 E1702.57632
G1 X87.536 Y110.648 E1702.6108
G1 X87.685 Y110.916 E1702.62145
G1 X87.716 Y111.089 E1702.62756
G1 X87.715 Y112.903 E1702.69061
G1 F2400 E1702.19061
G0 F15000 X86.954 Y110.491
G1 F2400 E1702.69061
G1 F11647.1 X86.248 Y110.49 E1702.70957
G1 F2400 E1702.20957
G0 F15000 X88.121 Y111.055
;TYPE:WALL-INNER
G1 F2400 E1702.70957
G1 F12320 X88.12 Y112.944 E1702.76553
G1 F2400 E1702.26553
G0 F15000 X56.748 Y112.912
G1 F2400 E1702.76553
G1 F10500 X85.588 Y112.912 E1703.76792
G1 X85.588 Y111.088 E1703.83131
G1 X56.748 Y111.085 E1704.8337
G1 X56.351 Y110.952 E1704.84825
G1 F8619.4 X56.003 Y110.554 E1704.87064
G1 X55.908 Y111.174 E1704.89719
G1 F10500 X55.908 Y112.822 E1704.95447
G1 F8717 X55.998 Y113.572 E1704.9861
G1 X56.351 Y113.044 E1705.01269
G1 F10500 X56.748 Y112.912 E1705.02723
G1 F2400 E1704.52723
G0 F15000 X55.998 Y113.572
G1 F2400 E1705.02723
G1 F7451.6 X55.998 Y114.478 E1705.0716
G1 F2400 E1704.5716
G0 F15000 X56.003 Y110.554
G1 F2400 E1705.0716
G1 F7345 X56.001 Y110.036 E1705.09734
G1 F7415.7 X55.998 Y109.518 E1705.12283
G1 F2400 E1704.62283
G0 F15000 X56.818 Y111.998
;TYPE:SKIN
G1 F2400 E1705.12283
G1 F6655.5 X58.808 Y111.998 E1705.21636
G1 X60.798 Y111.998 E1705.3099
G1 X62.788 Y111.998 E1705.40343
G1 X64.778 Y111.998 E1705.49696
G1 F6666.7 X66.768 Y111.998 E1705.59033
G1 X68.758 Y111.998 E1705.68371
G1 X70.748 Y111.999 E1705.77708
G1 F6677.9 X72.738 Y111.999 E1705.8703
G1 X74.728 Y111.999 E1705.96351
G1 X76.718 Y111.999 E1706.05673
G1 X78.708 Y111.999 E1706.14995
G1 F6689.2 X80.698 Y111.999 E1706.24301
G1 X82.688 Y111.999 E1706.33607
G1 X84.678 Y112 E1706.42913
G1 F2400 E1705.92913
G0 F15000 X56.756 Y112.516
G1 F2400 E1706.42913
G1 F9000 X85.192 Y112.516 E1707.41747
G1 X85.192 Y111.484 E1707.45334
G1 X56.756 Y111.481 E1708.44169
G1 X56.301 Y111.338 E1708.45827
G1 X56.304 Y112.653 E1708.50397
G1 X56.756 Y112.516 E1708.52039
G1 F2400 E1708.02039
;MESH:Pin 5mm - AKM.STL
G0 F15000 X96.615 Y113.396
;TYPE:WALL-OUTER
G1 F2400 E1708.52039
G1 F9000 X96.748 Y113.352 E1708.52526
G1 X124.676 Y113.352 E1709.49595
G1 F9361.7 X125.398 Y113.405 E1709.52013
G1 F10179.9 X126.12 Y113.458 E1709.54238
G1 F11123.6 X126.248 Y113.508 E1709.54624
G1 X126.134 Y113.444 E1709.54992
G1 F10179.9 X126.081 Y112.722 E1709.57217
G1 F9361.7 X126.028 Y112 E1709.59636
G1 F9383.9 X126.082 Y111.276 E1709.62056
G1 F10206.2 X126.136 Y110.552 E1709.64281
G1 F11154.9 X126.248 Y110.49 E1709.6464
G1 X126.124 Y110.54 E1709.65015
G1 F10206.2 X125.4 Y110.594 E1709.6724
G1 F9383.9 X124.676 Y110.648 E1709.6966
G1 F9000 X96.748 Y110.645 E1710.66729
G1 X96.615 Y110.6 E1710.67217
G1 X96.531 Y110.462 E1710.67779
G1 X96.528 Y108.988 E1710.72902
G1 X95.468 Y108.988 E1710.76586
G1 X95.468 Y115.008 E1710.9751
G1 X96.528 Y115.008 E1711.01194
G1 X96.528 Y113.572 E1711.06185
G1 X96.615 Y113.396 E1711.06867
G1 F2400 E1710.56867
G0 F15000 X126.248 Y113.508
G1 F2400 E1711.06867
G1 F11647.1 X126.953 Y113.507 E1711.08761
G1 F2400 E1710.58761
G0 F15000 X127.715 Y112.903
G1 F2400 E1711.08761
G1 F9000 X127.627 Y113.208 E1711.09864
G1 X127.534 Y113.353 E1711.10463
G1 X128.528 Y113.352 E1711.13918
G1 X128.528 Y110.648 E1711.23316
G1 X127.536 Y110.648 E1711.26764
G1 X127.685 Y110.916 E1711.2783
G1 X127.716 Y111.089 E1711.2844
G1 X127.715 Y112.903 E1711.34745
G1 F2400 E1710.84745
G0 F15000 X126.954 Y110.491
G1 F2400 E1711.34745
G1 F11647.1 X126.248 Y110.49 E1711.36641
G1 F2400 E1710.86641
G0 F15000 X128.121 Y111.055
;TYPE:WALL-INNER
G1 F2400 E1711.36641
G1 F12320 X128.12 Y112.944 E1711.42237
G1 F2400 E1710.92237
G0 F15000 X96.748 Y112.912
G1 F2400 E1711.42237
G1 F10500 X125.588 Y112.912 E1712.42476
G1 X125.588 Y111.088 E1712.48816
G1 X96.748 Y111.085 E1713.49054
G1 X96.351 Y110.952 E1713.50509
G1 F8619.4 X96.003 Y110.554 E1713.52748
G1 X95.908 Y111.174 E1713.55404
G1 F10500 X95.908 Y112.822 E1713.61132
G1 F8717 X95.998 Y113.572 E1713.64294
G1 X96.351 Y113.044 E1713.66953
G1 F10500 X96.748 Y112.912 E1713.68407
G1 F2400 E1713.18407
G0 F15000 X95.998 Y113.572
G1 F2400 E1713.68407
G1 F7451.6 X95.998 Y114.478 E1713.72844
G1 F2400 E1713.22844
G0 F15000 X96.003 Y110.554
G1 F2400 E1713.72844
G1 F7345 X96.001 Y110.036 E1713.75418
G1 F7415.7 X95.998 Y109.518 E1713.77967
G1 F2400 E1713.27967
G0 F15000 X96.818 Y111.998
;TYPE:SKIN
G1 F2400 E1713.77967
G1 F6655.5 X98.808 Y111.998 E1713.87321
G1 X100.798 Y111.998 E1713.96674
G1 X102.788 Y111.998 E1714.06027
G1 X104.778 Y111.998 E1714.1538
G1 F6666.7 X106.768 Y111.998 E1714.24717
G1 X108.758 Y111.998 E1714.34055
G1 X110.748 Y111.999 E1714.43392
G1 F6677.9 X112.738 Y111.999 E1714.52714
G1 X114.728 Y111.999 E1714.62036
G1 X116.718 Y111.999 E1714.71357
G1 X118.708 Y111.999 E1714.80679
G1 F6689.2 X120.698 Y111.999 E1714.89985
G1 X122.688 Y111.999 E1714.99291
G1 X124.678 Y112 E1715.08597
G1 F2400 E1714.58597
G0 F15000 X96.756 Y112.516
G1 F2400 E1715.08597
G1 F9000 X125.192 Y112.516 E1716.07432
G1 X125.192 Y111.484 E1716.11019
G1 X96.756 Y111.481 E1717.09853
G1 X96.301 Y111.338 E1717.11511
G1 X96.304 Y112.653 E1717.16081
G1 X96.756 Y112.516 E1717.17723
G1 F2400 E1716.67723
;MESH:Pin 5mm - AKM.STL(2)
G0 F15000 X96.615 Y103.396
;TYPE:WALL-OUTER
G1 F2400 E1717.17723
G1 F9000 X96.748 Y103.352 E1717.1821
G1 X124.676 Y103.352 E1718.15279
G1 F9361.7 X125.398 Y103.405 E1718.17698
G1 F10179.9 X126.12 Y103.458 E1718.19922
G1 F11123.6 X126.248 Y103.508 E1718.20309
G1 X126.134 Y103.444 E1718.20676
G1 F10179.9 X126.081 Y102.722 E1718.22901
G1 F9361.7 X126.028 Y102 E1718.2532
G1 F9383.9 X126.082 Y101.276 E1718.2774
G1 F10206.2 X126.136 Y100.552 E1718.29965
G1 F11154.9 X126.248 Y100.49 E1718.30324
G1 X126.124 Y100.54 E1718.30699
G1 F10206.2 X125.4 Y100.594 E1718.32924
G1 F9383.9 X124.676 Y100.648 E1718.35344
G1 F9000 X96.748 Y100.645 E1719.32413
G1 X96.615 Y100.6 E1719.32901
G1 X96.531 Y100.462 E1719.33463
G1 X96.528 Y98.988 E1719.38586
G1 X95.468 Y98.988 E1719.4227
G1 X95.468 Y105.008 E1719.63194
G1 X96.528 Y105.008 E1719.66878
G1 X96.528 Y103.572 E1719.71869
G1 X96.615 Y103.396 E1719.72552
G1 F2400 E1719.22552
G0 F15000 X126.248 Y103.508
G1 F2400 E1719.72552
G1 F11647.1 X126.953 Y103.507 E1719.74445
G1 F2400 E1719.24445
G0 F15000 X127.715 Y102.903
G1 F2400 E1719.74445
G1 F9000 X127.627 Y103.208 E1719.75548
G1 X127.534 Y103.353 E1719.76147
G1 X128.528 Y103.352 E1719.79602
G1 X128.528 Y100.648 E1719.89
G1 X127.536 Y100.648 E1719.92448
G1 X127.685 Y100.916 E1719.93514
G1 X127.716 Y101.089 E1719.94125
G1 X127.715 Y102.903 E1720.0043
G1 F2400 E1719.5043
G0 F15000 X126.954 Y100.491
G1 F2400 E1720.0043
G1 F11647.1 X126.248 Y100.49 E1720.02326
G1 F2400 E1719.52326
G0 F15000 X128.121 Y101.055
;TYPE:WALL-INNER
G1 F2400 E1720.02326
G1 F12320 X128.12 Y102.944 E1720.07921
G1 F2400 E1719.57921
G0 F15000 X96.748 Y102.912
G1 F2400 E1720.07921
G1 F10500 X125.588 Y102.912 E1721.0816
G1 X125.588 Y101.088 E1721.145
G1 X96.748 Y101.085 E1722.14738
G1 X96.351 Y100.952 E1722.16194
G1 F8619.4 X96.003 Y100.554 E1722.18432
G1 X95.908 Y101.174 E1722.21088
G1 F10500 X95.908 Y102.822 E1722.26816
G1 F8717 X95.998 Y103.572 E1722.29978
G1 X96.351 Y103.044 E1722.32637
G1 F10500 X96.748 Y102.912 E1722.34091
G1 F2400 E1721.84091
G0 F15000 X95.998 Y103.572
G1 F2400 E1722.34091
G1 F7451.6 X95.998 Y104.478 E1722.38529
G1 F2400 E1721.88529
G0 F15000 X96.003 Y100.554
G1 F2400 E1722.38529
G1 F7345 X96.001 Y100.036 E1722.41102
G1 F7415.7 X95.998 Y99.518 E1722.43652
G1 F2400 E1721.93652
G0 F15000 X96.818 Y101.998
;TYPE:SKIN
G1 F2400 E1722.43652
G1 F6655.5 X98.808 Y101.998 E1722.53005
G1 X100.798 Y101.998 E1722.62358
G1 X102.788 Y101.998 E1722.71711
G1 X104.778 Y101.998 E1722.81064
G1 F6666.7 X106.768 Y101.998 E1722.90402
G1 X108.758 Y101.998 E1722.99739
G1 X110.748 Y101.999 E1723.09077
G1 F6677.9 X112.738 Y101.999 E1723.18398
G1 X114.728 Y101.999 E1723.2772
G1 X116.718 Y101.999 E1723.37042
G1 X118.708 Y101.999 E1723.46363
G1 F6689.2 X120.698 Y101.999 E1723.55669
G1 X122.688 Y101.999 E1723.64975
G1 X124.678 Y102 E1723.74281
G1 F2400 E1723.24281
G0 F15000 X96.756 Y102.516
G1 F2400 E1723.74281
G1 F9000 X125.192 Y102.516 E1724.73116
G1 X125.192 Y101.484 E1724.76703
G1 X96.756 Y101.481 E1725.75537
G1 X96.301 Y101.338 E1725.77195
G1 X96.304 Y102.653 E1725.81766
G1 X96.756 Y102.516 E1725.83407
G1 F2400 E1725.33407
;MESH:Pin 5mm - AKM.STL(5)
G0 F15000 X136.615 Y93.396
;TYPE:WALL-OUTER
G1 F2400 E1725.83407
G1 F9000 X136.748 Y93.352 E1725.83894
G1 X164.676 Y93.352 E1726.80963
G1 F9361.7 X165.398 Y93.405 E1726.83382
G1 F10179.9 X166.12 Y93.458 E1726.85607
G1 F11123.6 X166.248 Y93.508 E1726.85993
G1 X166.134 Y93.444 E1726.86361
G1 F10179.9 X166.081 Y92.722 E1726.88585
G1 F9361.7 X166.028 Y92 E1726.91004
G1 F9383.9 X166.082 Y91.276 E1726.93424
G1 F10206.2 X166.136 Y90.552 E1726.95649
G1 F11154.9 X166.248 Y90.49 E1726.96008
G1 X166.124 Y90.54 E1726.96383
G1 F10206.2 X165.4 Y90.594 E1726.98609
G1 F9383.9 X164.676 Y90.648 E1727.01029
G1 F9000 X136.748 Y90.645 E1727.98098
G1 X136.615 Y90.6 E1727.98586
G1 X136.531 Y90.462 E1727.99147
G1 X136.528 Y88.988 E1728.0427
G1 X135.468 Y88.988 E1728.07955
G1 X135.468 Y95.008 E1728.28878
G1 X136.528 Y95.008 E1728.32562
G1 X136.528 Y93.572 E1728.37553
G1 X136.615 Y93.396 E1728.38236
G1 F2400 E1727.88236
G0 F15000 X166.248 Y93.508
G1 F2400 E1728.38236
G1 F11647.1 X166.953 Y93.507 E1728.40129
G1 F2400 E1727.90129
G0 F15000 X167.715 Y92.903
G1 F2400 E1728.40129
G1 F9000 X167.627 Y93.208 E1728.41233
G1 X167.534 Y93.353 E1728.41831
G1 X168.528 Y93.352 E1728.45286
G1 X168.528 Y90.648 E1728.54684
G1 X167.536 Y90.648 E1728.58132
G1 X167.685 Y90.916 E1728.59198
G1 X167.716 Y91.089 E1728.59809
G1 X167.715 Y92.903 E1728.66114
G1 F2400 E1728.16114
G0 F15000 X166.954 Y90.491
G1 F2400 E1728.66114
G1 F11647.1 X166.248 Y90.49 E1728.6801
G1 F2400 E1728.1801
G0 F15000 X168.121 Y91.055
;TYPE:WALL-INNER
G1 F2400 E1728.6801
G1 F12320 X168.12 Y92.944 E1728.73606
G1 F2400 E1728.23606
G0 F15000 X136.748 Y92.912
G1 F2400 E1728.73606
G1 F10500 X165.588 Y92.912 E1729.73844
G1 X165.588 Y91.088 E1729.80184
G1 X136.748 Y91.085 E1730.80423
G1 X136.351 Y90.952 E1730.81878
G1 F8619.4 X136.003 Y90.554 E1730.84116
G1 X135.908 Y91.174 E1730.86772
G1 F10500 X135.908 Y92.822 E1730.925
G1 F8717 X135.998 Y93.572 E1730.95663
G1 X136.351 Y93.044 E1730.98322
G1 F10500 X136.748 Y92.912 E1730.99776
G1 F2400 E1730.49776
G0 F15000 X135.998 Y93.572
G1 F2400 E1730.99776
G1 F7451.6 X135.998 Y94.478 E1731.04213
G1 F2400 E1730.54213
G0 F15000 X136.003 Y90.554
G1 F2400 E1731.04213
G1 F7345 X136.001 Y90.036 E1731.06787
G1 F7415.7 X135.998 Y89.518 E1731.09336
G1 F2400 E1730.59336
G0 F15000 X136.818 Y91.998
;TYPE:SKIN
G1 F2400 E1731.09336
G1 F6655.5 X138.808 Y91.998 E1731.18689
G1 X140.798 Y91.998 E1731.28042
G1 X142.788 Y91.998 E1731.37395
G1 X144.778 Y91.998 E1731.46749
G1 F6666.7 X146.768 Y91.998 E1731.56086
G1 X148.758 Y91.998 E1731.65423
G1 X150.748 Y91.999 E1731.74761
G1 F6677.9 X152.738 Y91.999 E1731.84083
G1 X154.728 Y91.999 E1731.93404
G1 X156.718 Y91.999 E1732.02726
G1 X158.708 Y91.999 E1732.12048
G1 F6689.2 X160.698 Y91.999 E1732.21354
G1 X162.688 Y91.999 E1732.3066
G1 X164.678 Y92 E1732.39966
G1 F2400 E1731.89966
G0 F15000 X136.756 Y92.516
G1 F2400 E1732.39966
G1 F9000 X165.192 Y92.516 E1733.388
G1 X165.192 Y91.484 E1733.42387
G1 X136.756 Y91.481 E1734.41222
G1 X136.301 Y91.338 E1734.42879
G1 X136.304 Y92.653 E1734.4745
G1 X136.756 Y92.516 E1734.49091
G1 F2400 E1733.99091
;MESH:Pin 5mm - AKM.STL(3)
G0 F15000 X136.615 Y103.396
;TYPE:WALL-OUTER
G1 F2400 E1734.49091
G1 F9000 X136.748 Y103.352 E1734.49578
G1 X164.676 Y103.352 E1735.46647
G1 F9361.7 X165.398 Y103.405 E1735.49066
G1 F10179.9 X166.12 Y103.458 E1735.51291
G1 F11123.6 X166.248 Y103.508 E1735.51677
G1 X166.134 Y103.444 E1735.52045
G1 F10179.9 X166.081 Y102.722 E1735.54269
G1 F9361.7 X166.028 Y102 E1735.56688
G1 F9383.9 X166.082 Y101.276 E1735.59109
G1 F10206.2 X166.136 Y100.552 E1735.61334
G1 F11154.9 X166.248 Y100.49 E1735.61693
G1 X166.124 Y100.54 E1735.62068
G1 F10206.2 X165.4 Y100.594 E1735.64293
G1 F9383.9 X164.676 Y100.648 E1735.66713
G1 F9000 X136.748 Y100.645 E1736.63782
G1 X136.615 Y100.6 E1736.6427
G1 X136.531 Y100.462 E1736.64831
G1 X136.528 Y98.988 E1736.69955
G1 X135.468 Y98.988 E1736.73639
G1 X135.468 Y105.008 E1736.94562
G1 X136.528 Y105.008 E1736.98247
G1 X136.528 Y103.572 E1737.03238
G1 X136.615 Y103.396 E1737.0392
G1 F2400 E1736.5392
G0 F15000 X166.248 Y103.508
G1 F2400 E1737.0392
G1 F11647.1 X166.953 Y103.507 E1737.05814
G1 F2400 E1736.55814
G0 F15000 X167.715 Y102.903
G1 F2400 E1737.05814
G1 F9000 X167.627 Y103.208 E1737.06917
G1 X167.534 Y103.353 E1737.07516
G1 X168.528 Y103.352 E1737.1097
G1 X168.528 Y100.648 E1737.20369
G1 X167.536 Y100.648 E1737.23817
G1 X167.685 Y100.916 E1737.24882
G1 X167.716 Y101.089 E1737.25493
G1 X167.715 Y102.903 E1737.31798
G1 F2400 E1736.81798
G0 F15000 X166.954 Y100.491
G1 F2400 E1737.31798
G1 F11647.1 X166.248 Y100.49 E1737.33694
G1 F2400 E1736.83694
G0 F15000 X168.121 Y101.055
;TYPE:WALL-INNER
G1 F2400 E1737.33694
G1 F12320 X168.12 Y102.944 E1737.3929
G1 F2400 E1736.8929
G0 F15000 X136.748 Y102.912
G1 F2400 E1737.3929
G1 F10500 X165.588 Y102.912 E1738.39529
G1 X165.588 Y101.088 E1738.45868
G1 X136.748 Y101.085 E1739.46107
G1 X136.351 Y100.952 E1739.47562
G1 F8619.4 X136.003 Y100.554 E1739.49801
G1 X135.908 Y101.174 E1739.52456
G1 F10500 X135.908 Y102.822 E1739.58184
G1 F8717 X135.998 Y103.572 E1739.61347
G1 X136.351 Y103.044 E1739.64006
G1 F10500 X136.748 Y102.912 E1739.6546
G1 F2400 E1739.1546
G0 F15000 X135.998 Y103.572
G1 F2400 E1739.6546
G1 F7451.6 X135.998 Y104.478 E1739.69897
G1 F2400 E1739.19897
G0 F15000 X136.003 Y100.554
G1 F2400 E1739.69897
G1 F7345 X136.001 Y100.036 E1739.72471
G1 F7415.7 X135.998 Y99.518 E1739.7502
G1 F2400 E1739.2502
G0 F15000 X136.818 Y101.998
;TYPE:SKIN
G1 F2400 E1739.7502
G1 F6655.5 X138.808 Y101.998 E1739.84373
G1 X140.798 Y101.998 E1739.93727
G1 X142.788 Y101.998 E1740.0308
G1 X144.778 Y101.998 E1740.12433
G1 F6666.7 X146.768 Y101.998 E1740.2177
G1 X148.758 Y101.998 E1740.31108
G1 X150.748 Y101.999 E1740.40445
G1 F6677.9 X152.738 Y101.999 E1740.49767
G1 X154.728 Y101.999 E1740.59088
G1 X156.718 Y101.999 E1740.6841
G1 X158.708 Y101.999 E1740.77732
G1 F6689.2 X160.698 Y101.999 E1740.87038
G1 X162.688 Y101.999 E1740.96344
G1 X164.678 Y102 E1741.0565
G1 F2400 E1740.5565
G0 F15000 X136.756 Y102.516
G1 F2400 E1741.0565
G1 F9000 X165.192 Y102.516 E1742.04484
G1 X165.192 Y101.484 E1742.08071
G1 X136.756 Y101.481 E1743.06906
G1 X136.301 Y101.338 E1743.08564
G1 X136.304 Y102.653 E1743.13134
G1 X136.756 Y102.516 E1743.14776
G1 F2400 E1742.64776
;MESH:Pin 5mm - AKM.STL(1)
G0 F15000 X136.615 Y113.396
;TYPE:WALL-OUTER
G1 F2400 E1743.14776
G1 F9000 X136.748 Y113.352 E1743.15263
G1 X164.676 Y113.352 E1744.12332
G1 F9361.7 X165.398 Y113.405 E1744.1475
G1 F10179.9 X166.12 Y113.458 E1744.16975
G1 F11123.6 X166.248 Y113.508 E1744.17361
G1 X166.134 Y113.444 E1744.17729
G1 F10179.9 X166.081 Y112.722 E1744.19954
G1 F9361.7 X166.028 Y112 E1744.22373
G1 F9383.9 X166.082 Y111.276 E1744.24793
G1 F10206.2 X166.136 Y110.552 E1744.27018
G1 F11154.9 X166.248 Y110.49 E1744.27377
G1 X166.124 Y110.54 E1744.27752
G1 F10206.2 X165.4 Y110.594 E1744.29977
G1 F9383.9 X164.676 Y110.648 E1744.32397
G1 F9000 X136.748 Y110.645 E1745.29466
G1 X136.615 Y110.6 E1745.29954
G1 X136.531 Y110.462 E1745.30516
G1 X136.528 Y108.988 E1745.35639
G1 X135.468 Y108.988 E1745.39323
G1 X135.468 Y115.008 E1745.60247
G1 X136.528 Y115.008 E1745.63931
G1 X136.528 Y113.572 E1745.68922
G1 X136.615 Y113.396 E1745.69604
G1 F2400 E1745.19604
G0 F15000 X166.248 Y113.508
G1 F2400 E1745.69604
G1 F11647.1 X166.953 Y113.507 E1745.71498
G1 F2400 E1745.21498
G0 F15000 X167.715 Y112.903
G1 F2400 E1745.71498
G1 F9000 X167.627 Y113.208 E1745.72601
G1 X167.534 Y113.353 E1745.732
G1 X168.528 Y113.352 E1745.76655
G1 X168.528 Y110.648 E1745.86053
G1 X167.536 Y110.648 E1745.89501
G1 X167.685 Y110.916 E1745.90567
G1 X167.716 Y111.089 E1745.91177
G1 X167.715 Y112.903 E1745.97482
G1 F2400 E1745.47482
G0 F15000 X166.954 Y110.491
G1 F2400 E1745.97482
G1 F11647.1 X166.248 Y110.49 E1745.99378
G1 F2400 E1745.49378
G0 F15000 X168.121 Y111.055
;TYPE:WALL-INNER
G1 F2400 E1745.99378
G1 F12320 X168.12 Y112.944 E1746.04974
G1 F2400 E1745.54974
G0 F15000 X136.748 Y112.912
G1 F2400 E1746.04974
G1 F10500 X165.588 Y112.912 E1747.05213
G1 X165.588 Y111.088 E1747.11553
G1 X136.748 Y111.085 E1748.11791
G1 X136.351 Y110.952 E1748.13246
G1 F8619.4 X136.003 Y110.554 E1748.15485
G1 X135.908 Y111.174 E1748.18141
G1 F10500 X135.908 Y112.822 E1748.23869
G1 F8717 X135.998 Y113.572 E1748.27031
G1 X136.351 Y113.044 E1748.2969
G1 F10500 X136.748 Y112.912 E1748.31144
G1 F2400 E1747.81144
G0 F15000 X135.998 Y113.572
G1 F2400 E1748.31144
G1 F7451.6 X135.998 Y114.478 E1748.35581
G1 F2400 E1747.85581
G0 F15000 X136.003 Y110.554
G1 F2400 E1748.35581
G1 F7345 X136.001 Y110.036 E1748.38155
G1 F7415.7 X135.998 Y109.518 E1748.40704
G1 F2400 E1747.90704
G0 F15000 X136.818 Y111.998
;TYPE:SKIN
G1 F2400 E1748.40704
G1 F6655.5 X138.808 Y111.998 E1748.50058
G1 X140.798 Y111.998 E1748.59411
G1 X142.788 Y111.998 E1748.68764
G1 X144.778 Y111.998 E1748.78117
G1 F6666.7 X146.768 Y111.998 E1748.87454
G1 X148.758 Y111.998 E1748.96792
G1 X150.748 Y111.999 E1749.06129
G1 F6677.9 X152.738 Y111.999 E1749.15451
G1 X154.728 Y111.999 E1749.24773
G1 X156.718 Y111.999 E1749.34094
G1 X158.708 Y111.999 E1749.43416
G1 F6689.2 X160.698 Y111.999 E1749.52722
G1 X162.688 Y111.999 E1749.62028
G1 X164.678 Y112 E1749.71334
G1 F2400 E1749.21334
G0 F15000 X136.756 Y112.516
G1 F2400 E1749.71334
G1 F9000 X165.192 Y112.516 E1750.70169
G1 X165.192 Y111.484 E1750.73756
G1 X136.756 Y111.481 E1751.7259
G1 X136.301 Y111.338 E1751.74248
G1 X136.304 Y112.653 E1751.78818
G1 X136.756 Y112.516 E1751.8046
G1 F2400 E1751.3046
;MESH:Pin 5mm - AKM.STL(7)
G0 F15000 X136.615 Y123.396
;TYPE:WALL-OUTER
G1 F2400 E1751.8046
G1 F9000 X136.748 Y123.352 E1751.80947
G1 X164.676 Y123.352 E1752.78016
G1 F9361.7 X165.398 Y123.405 E1752.80435
G1 F10179.9 X166.12 Y123.458 E1752.82659
G1 F11123.6 X166.248 Y123.508 E1752.83046
G1 X166.134 Y123.444 E1752.83413
G1 F10179.9 X166.081 Y122.722 E1752.85638
G1 F9361.7 X166.028 Y122 E1752.88057
G1 F9383.9 X166.082 Y121.276 E1752.90477
G1 F10206.2 X166.136 Y120.552 E1752.92702
G1 F11154.9 X166.248 Y120.49 E1752.93061
G1 X166.124 Y120.54 E1752.93436
G1 F10206.2 X165.4 Y120.594 E1752.95661
G1 F9383.9 X164.676 Y120.648 E1752.98081
G1 F9000 X136.748 Y120.645 E1753.9515
G1 X136.615 Y120.6 E1753.95638
G1 X136.531 Y120.462 E1753.962
G1 X136.528 Y118.988 E1754.01323
G1 X135.468 Y118.988 E1754.05007
G1 X135.468 Y125.008 E1754.25931
G1 X136.528 Y125.008 E1754.29615
G1 X136.528 Y123.572 E1754.34606
G1 X136.615 Y123.396 E1754.35289
G1 F2400 E1753.85289
G0 F15000 X166.248 Y123.508
G1 F2400 E1754.35289
G1 F11647.1 X166.953 Y123.507 E1754.37182
G1 F2400 E1753.87182
G0 F15000 X167.715 Y122.903
G1 F2400 E1754.37182
G1 F9000 X167.627 Y123.208 E1754.38285
G1 X167.534 Y123.353 E1754.38884
G1 X168.528 Y123.352 E1754.42339
G1 X168.528 Y120.648 E1754.51737
G1 X167.536 Y120.648 E1754.55185
G1 X167.685 Y120.916 E1754.56251
G1 X167.716 Y121.089 E1754.56862
G1 X167.715 Y122.903 E1754.63167
G1 F2400 E1754.13167
G0 F15000 X166.954 Y120.491
G1 F2400 E1754.63167
G1 F11647.1 X166.248 Y120.49 E1754.65063
G1 F2400 E1754.15063
G0 F15000 X168.121 Y121.055
;TYPE:WALL-INNER
G1 F2400 E1754.65063
G1 F12320 X168.12 Y122.944 E1754.70658
G1 F2400 E1754.20658
G0 F15000 X136.748 Y122.912
G1 F2400 E1754.70658
G1 F10500 X165.588 Y122.912 E1755.70897
G1 X165.588 Y121.088 E1755.77237
G1 X136.748 Y121.085 E1756.77475
G1 X136.351 Y120.952 E1756.78931
G1 F8619.4 X136.003 Y120.554 E1756.81169
G1 X135.908 Y121.174 E1756.83825
G1 F10500 X135.908 Y122.822 E1756.89553
G1 F8717 X135.998 Y123.572 E1756.92715
G1 X136.351 Y123.044 E1756.95374
G1 F10500 X136.748 Y122.912 E1756.96828
G1 F2400 E1756.46828
G0 F15000 X135.998 Y123.572
G1 F2400 E1756.96828
G1 F7451.6 X135.998 Y124.478 E1757.01266
G1 F2400 E1756.51266
G0 F15000 X136.003 Y120.554
G1 F2400 E1757.01266
G1 F7345 X136.001 Y120.036 E1757.03839
G1 F7415.7 X135.998 Y119.518 E1757.06389
G1 F2400 E1756.56389
G0 F15000 X136.818 Y121.998
;TYPE:SKIN
G1 F2400 E1757.06389
G1 F6655.5 X138.808 Y121.998 E1757.15742
G1 X140.798 Y121.998 E1757.25095
G1 X142.788 Y121.998 E1757.34448
G1 X144.778 Y121.998 E1757.43801
G1 F6666.7 X146.768 Y121.998 E1757.53139
G1 X148.758 Y121.998 E1757.62476
G1 X150.748 Y121.999 E1757.71814
G1 F6677.9 X152.738 Y121.999 E1757.81135
G1 X154.728 Y121.999 E1757.90457
G1 X156.718 Y121.999 E1757.99779
G1 X158.708 Y121.999 E1758.091
G1 F6689.2 X160.698 Y121.999 E1758.18406
G1 X162.688 Y121.999 E1758.27712
G1 X164.678 Y122 E1758.37018
G1 F2400 E1757.87018
G0 F15000 X136.756 Y122.516
G1 F2400 E1758.37018
G1 F9000 X165.192 Y122.516 E1759.35853
G1 X165.192 Y121.484 E1759.3944
G1 X136.756 Y121.481 E1760.38274
G1 X136.301 Y121.338 E1760.39932
G1 X136.304 Y122.653 E1760.44503
G1 X136.756 Y122.516 E1760.46144
G1 F2400 E1759.96144
;MESH:Pin 5mm - AKM.STL(6)
G0 F15000 X176.615 Y103.396
;TYPE:WALL-OUTER
G1 F2400 E1760.46144
G1 F9000 X176.748 Y103.352 E1760.46631
G1 X204.676 Y103.352 E1761.437
G1 F9361.7 X205.398 Y103.405 E1761.46119
G1 F10179.9 X206.12 Y103.458 E1761.48344
G1 F11123.6 X206.248 Y103.508 E1761.4873
G1 X206.134 Y103.444 E1761.49098
G1 F10179.9 X206.081 Y102.722 E1761.51322
G1 F9361.7 X206.028 Y102 E1761.53741
G1 F9383.9 X206.082 Y101.276 E1761.56161
G1 F10206.2 X206.136 Y100.552 E1761.58386
G1 F11154.9 X206.248 Y100.49 E1761.58745
G1 X206.124 Y100.54 E1761.5912
G1 F10206.2 X205.4 Y100.594 E1761.61346
G1 F9383.9 X204.676 Y100.648 E1761.63766
G1 F9000 X176.748 Y100.645 E1762.60835
G1 X176.615 Y100.6 E1762.61323
G1 X176.531 Y100.462 E1762.61884
G1 X176.528 Y98.988 E1762.67007
G1 X175.468 Y98.988 E1762.70692
G1 X175.468 Y105.008 E1762.91615
G1 X176.528 Y105.008 E1762.95299
G1 X176.528 Y103.572 E1763.0029
G1 X176.615 Y103.396 E1763.00973
G1 F2400 E1762.50973
G0 F15000 X206.248 Y103.508
G1 F2400 E1763.00973
G1 F11647.1 X206.953 Y103.507 E1763.02866
G1 F2400 E1762.52866
G0 F15000 X207.715 Y102.903
G1 F2400 E1763.02866
G1 F9000 X207.627 Y103.208 E1763.0397
G1 X207.534 Y103.353 E1763.04568
G1 X208.528 Y103.352 E1763.08023
G1 X208.528 Y100.648 E1763.17421
G1 X207.536 Y100.648 E1763.20869
G1 X207.685 Y100.916 E1763.21935
G1 X207.716 Y101.089 E1763.22546
G1 X207.715 Y102.903 E1763.28851
G1 F2400 E1762.78851
G0 F15000 X206.954 Y100.491
G1 F2400 E1763.28851
G1 F11647.1 X206.248 Y100.49 E1763.30747
G1 F2400 E1762.80747
G0 F15000 X208.121 Y101.055
;TYPE:WALL-INNER
G1 F2400 E1763.30747
G1 F12320 X208.12 Y102.944 E1763.36343
G1 F2400 E1762.86343
G0 F15000 X176.748 Y102.912
G1 F2400 E1763.36343
G1 F10500 X205.588 Y102.912 E1764.36581
G1 X205.588 Y101.088 E1764.42921
G1 X176.748 Y101.085 E1765.4316
G1 X176.351 Y100.952 E1765.44615
G1 F8619.4 X176.003 Y100.554 E1765.46853
G1 X175.908 Y101.174 E1765.49509
G1 F10500 X175.908 Y102.822 E1765.55237
G1 F8717 X175.998 Y103.572 E1765.584
G1 X176.351 Y103.044 E1765.61059
G1 F10500 X176.748 Y102.912 E1765.62513
G1 F2400 E1765.12513
G0 F15000 X175.998 Y103.572
G1 F2400 E1765.62513
G1 F7451.6 X175.998 Y104.478 E1765.6695
G1 F2400 E1765.1695
G0 F15000 X176.003 Y100.554
G1 F2400 E1765.6695
G1 F7345 X176.001 Y100.036 E1765.69524
G1 F7415.7 X175.998 Y99.518 E1765.72073
G1 F2400 E1765.22073
G0 F15000 X176.818 Y101.998
;TYPE:SKIN
G1 F2400 E1765.72073
G1 F6655.5 X178.808 Y101.998 E1765.81426
G1 X180.798 Y101.998 E1765.90779
G1 X182.788 Y101.998 E1766.00132
G1 X184.778 Y101.998 E1766.09486
G1 F6666.7 X186.768 Y101.998 E1766.18823
G1 X188.758 Y101.998 E1766.2816
G1 X190.748 Y101.999 E1766.37498
G1 F6677.9 X192.738 Y101.999 E1766.4682
G1 X194.728 Y101.999 E1766.56141
G1 X196.718 Y101.999 E1766.65463
G1 X198.708 Y101.999 E1766.74785
G1 F6689.2 X200.698 Y101.999 E1766.84091
G1 X202.688 Y101.999 E1766.93397
G1 X204.678 Y102 E1767.02703
G1 F2400 E1766.52703
G0 F15000 X176.756 Y102.516
G1 F2400 E1767.02703
G1 F9000 X205.192 Y102.516 E1768.01537
G1 X205.192 Y101.484 E1768.05124
G1 X176.756 Y101.481 E1769.03959
G1 X176.301 Y101.338 E1769.05616
G1 X176.304 Y102.653 E1769.10187
G1 X176.756 Y102.516 E1769.11828
G1 F2400 E1768.61828
;MESH:NONMESH
G0 F600 X176.756 Y102.516 Z4.2
G0 F15000 X56.596 Y113.132
;TIME_ELAPSED:729.501957
;LAYER:20
;TYPE:WALL-OUTER
;MESH:Pin 5mm - AKM.STL(4)
G1 F2400 E1769.11828
G1 F9000 X56.715 Y113.074 E1769.12289
G1 X86.028 Y113.072 E1770.14171
G1 X86.028 Y110.924 E1770.21637
G1 X56.715 Y110.922 E1771.2352
G1 X56.596 Y110.864 E1771.2398
G1 X56.531 Y110.742 E1771.2446
G1 X56.528 Y109.112 E1771.30126
G1 X55.468 Y109.112 E1771.3381
G1 X55.468 Y114.884 E1771.53872
G1 X56.528 Y114.884 E1771.57556
G1 X56.528 Y113.292 E1771.63089
G1 X56.596 Y113.132 E1771.63693
G0 F15000 X56.651 Y112.639
;TYPE:WALL-INNER
G1 F10500 X85.588 Y112.632 E1772.64269
G1 X85.588 Y111.364 E1772.68676
G1 X56.651 Y111.357 E1773.69252
G1 X56.294 Y111.184 E1773.70631
G1 F8619.4 X56.003 Y110.834 E1773.72558
G1 X55.908 Y111.351 E1773.74784
G1 F10500 X55.908 Y112.645 E1773.79281
G1 F8717 X55.998 Y113.292 E1773.82016
G1 X56.294 Y112.812 E1773.84377
G1 F10500 X56.651 Y112.639 E1773.85756
G1 F2400 E1773.35756
G0 F15000 X55.998 Y113.292
G1 F2400 E1773.85756
G1 F7451.6 X55.998 Y114.354 E1773.90957
G1 F2400 E1773.40957
G0 F15000 X56.003 Y110.834
G1 F2400 E1773.90957
G1 F7345 X56.001 Y110.238 E1773.93919
G1 F7415.7 X55.998 Y109.642 E1773.96852
G1 F2400 E1773.46852
G0 F15000 X56.601 Y112.225
;TYPE:SKIN
G1 F2400 E1773.96852
G1 F8425.5 X57.204 Y112.225 E1773.9909
G1 X57.807 Y112.225 E1774.01329
G1 X58.41 Y112.225 E1774.03568
G1 X59.013 Y112.225 E1774.05807
G1 F8443.5 X59.616 Y112.225 E1774.08041
G1 X60.219 Y112.225 E1774.10275
G1 X60.822 Y112.225 E1774.12509
G1 F8461.5 X61.425 Y112.225 E1774.14738
G1 X62.028 Y112.225 E1774.16967
G1 X62.631 Y112.225 E1774.19196
G1 X63.234 Y112.225 E1774.21425
G1 F8479.7 X63.837 Y112.225 E1774.2365
G1 X64.44 Y112.225 E1774.25874
G1 X65.043 Y112.225 E1774.28099
G1 F8497.9 X65.646 Y112.225 E1774.30318
G1 X66.249 Y112.225 E1774.32538
G1 X66.852 Y112.225 E1774.34758
G1 X67.455 Y112.225 E1774.36978
G1 F8516.1 X68.058 Y112.225 E1774.39192
G1 X68.661 Y112.225 E1774.41407
G1 X69.264 Y112.225 E1774.43622
G1 X69.867 Y112.225 E1774.45837
G1 F8534.5 X70.47 Y112.225 E1774.48047
G1 X71.073 Y112.226 E1774.50258
G1 X71.676 Y112.226 E1774.52468
G1 F8552.9 X72.279 Y112.226 E1774.54673
G1 X72.882 Y112.226 E1774.56878
G1 X73.485 Y112.226 E1774.59084
G1 X74.088 Y112.226 E1774.61289
G1 F8571.4 X74.691 Y112.226 E1774.6349
G1 X75.294 Y112.226 E1774.6569
G1 X75.897 Y112.226 E1774.67891
G1 X76.5 Y112.226 E1774.70092
G1 F8590 X77.103 Y112.226 E1774.72288
G1 X77.706 Y112.226 E1774.74483
G1 X78.309 Y112.226 E1774.76679
G1 F8608.7 X78.912 Y112.226 E1774.7887
G1 X79.515 Y112.226 E1774.81062
G1 X80.118 Y112.226 E1774.83253
G1 X80.721 Y112.226 E1774.85444
G1 F8627.5 X81.324 Y112.226 E1774.8763
G1 X81.927 Y112.226 E1774.89816
G1 X82.53 Y112.226 E1774.92003
G1 F8646.3 X83.133 Y112.226 E1774.94184
G1 X83.736 Y112.226 E1774.96366
G1 X84.339 Y112.226 E1774.98548
G1 X84.942 Y112.226 E1775.00729
G1 X85.183 Y112.227 E1775.01601
G1 X85.183 Y111.769 E1775.03258
G1 X84.954 Y111.769 E1775.04086
G1 X84.351 Y111.769 E1775.06268
G1 X83.748 Y111.769 E1775.0845
G1 X83.145 Y111.769 E1775.10631
G1 X82.542 Y111.769 E1775.12813
G1 F8627.5 X81.939 Y111.769 E1775.14999
G1 X81.336 Y111.768 E1775.17185
G1 X80.733 Y111.768 E1775.19372
G1 F8608.7 X80.13 Y111.768 E1775.21563
G1 X79.527 Y111.768 E1775.23754
G1 X78.924 Y111.768 E1775.25945
G1 X78.321 Y111.768 E1775.28136
G1 F8590 X77.718 Y111.767 E1775.30332
G1 X77.115 Y111.767 E1775.32528
G1 X76.512 Y111.767 E1775.34724
G1 F8571.4 X75.909 Y111.767 E1775.36924
G1 X75.306 Y111.767 E1775.39125
G1 X74.703 Y111.767 E1775.41326
G1 X74.1 Y111.766 E1775.43526
G1 F8552.9 X73.497 Y111.766 E1775.45732
G1 X72.894 Y111.766 E1775.47937
G1 X72.291 Y111.766 E1775.50143
G1 X71.688 Y111.766 E1775.52348
G1 F8534.5 X71.085 Y111.766 E1775.54558
G1 X70.482 Y111.765 E1775.56768
G1 X69.879 Y111.765 E1775.58978
G1 F8516.1 X69.276 Y111.765 E1775.61193
G1 X68.673 Y111.765 E1775.63408
G1 X68.07 Y111.765 E1775.65623
G1 X67.467 Y111.765 E1775.67838
G1 F8497.9 X66.864 Y111.764 E1775.70058
G1 X66.261 Y111.764 E1775.72277
G1 X65.658 Y111.764 E1775.74497
G1 X65.055 Y111.764 E1775.76717
G1 F8479.7 X64.452 Y111.764 E1775.78941
G1 X63.849 Y111.764 E1775.81166
G1 X63.246 Y111.763 E1775.8339
G1 F8461.5 X62.643 Y111.763 E1775.85619
G1 X62.04 Y111.763 E1775.87849
G1 X61.437 Y111.763 E1775.90078
G1 X60.834 Y111.763 E1775.92307
G1 F8443.5 X60.231 Y111.763 E1775.94541
G1 X59.628 Y111.762 E1775.96775
G1 X59.025 Y111.762 E1775.99009
G1 F8425.5 X58.422 Y111.762 E1776.01248
G1 X57.819 Y111.762 E1776.03486
G1 X57.216 Y111.762 E1776.05725
G1 X56.613 Y111.762 E1776.07964
G1 F8407.6 X56.317 Y111.639 E1776.09156
G1 X56.319 Y112.354 E1776.11817
G1 X56.601 Y112.225 E1776.1297
G1 F2400 E1775.6297
G0 F15000 X87.716 Y112.884
;TYPE:WALL-OUTER
G1 F2400 E1776.1297
G1 F9000 X87.669 Y113.076 E1776.13657
G1 X88.528 Y113.076 E1776.16643
G1 X88.528 Y110.924 E1776.24123
G1 X87.669 Y110.922 E1776.27108
G1 X87.716 Y111.108 E1776.27775
G1 X87.716 Y112.884 E1776.33948
G0 F15000 X88.122 Y112.67
;TYPE:WALL-INNER
G1 F12419.4 X88.122 Y111.328 E1776.37891
G1 F2400 E1775.87891
;MESH:Pin 5mm - AKM.STL
G0 F15000 X96.528 Y113.292
;TYPE:WALL-OUTER
G1 F2400 E1776.37891
G1 F9000 X96.596 Y113.132 E1776.38496
G1 X96.715 Y113.074 E1776.38956
G1 X126.028 Y113.072 E1777.40839
G1 X126.028 Y110.924 E1777.48304
G1 X96.715 Y110.922 E1778.50187
G1 X96.596 Y110.864 E1778.50647
G1 X96.531 Y110.742 E1778.51128
G1 X96.528 Y109.112 E1778.56793
G1 X95.468 Y109.112 E1778.60477
G1 X95.468 Y114.884 E1778.80539
G1 X96.528 Y114.884 E1778.84223
G1 X96.528 Y113.292 E1778.89756
G0 F15000 X95.998 Y113.292
;TYPE:WALL-INNER
G1 F7451.6 X95.998 Y114.354 E1778.94958
G1 F2400 E1778.44958
G0 F15000 X96.651 Y112.639
G1 F2400 E1778.94958
G1 F10500 X125.588 Y112.632 E1779.95533
G1 X125.588 Y111.364 E1779.99941
G1 X96.651 Y111.357 E1781.00517
G1 X96.294 Y111.184 E1781.01895
G1 F8619.4 X96.003 Y110.834 E1781.03823
G1 X95.908 Y111.351 E1781.06048
G1 F10500 X95.908 Y112.645 E1781.10546
G1 F8717 X95.998 Y113.292 E1781.13281
G1 X96.294 Y112.812 E1781.15641
G1 F10500 X96.651 Y112.639 E1781.1702
G1 F2400 E1780.6702
G0 F15000 X96.003 Y110.834
G1 F2400 E1781.1702
G1 F7345 X96.001 Y110.238 E1781.19982
G1 F7415.7 X95.998 Y109.642 E1781.22915
G1 F2400 E1780.72915
G0 F15000 X96.601 Y112.225
;TYPE:SKIN
G1 F2400 E1781.22915
G1 F8425.5 X97.204 Y112.225 E1781.25154
G1 X97.807 Y112.225 E1781.27392
G1 X98.41 Y112.225 E1781.29631
G1 X99.013 Y112.225 E1781.3187
G1 F8443.5 X99.616 Y112.225 E1781.34104
G1 X100.219 Y112.225 E1781.36338
G1 X100.822 Y112.225 E1781.38572
G1 F8461.5 X101.425 Y112.225 E1781.40801
G1 X102.028 Y112.225 E1781.4303
G1 X102.631 Y112.225 E1781.45259
G1 X103.234 Y112.225 E1781.47488
G1 F8479.7 X103.837 Y112.225 E1781.49713
G1 X104.44 Y112.225 E1781.51937
G1 X105.043 Y112.225 E1781.54162
G1 F8497.9 X105.646 Y112.225 E1781.56381
G1 X106.249 Y112.225 E1781.58601
G1 X106.852 Y112.225 E1781.60821
G1 X107.455 Y112.225 E1781.63041
G1 F8516.1 X108.058 Y112.225 E1781.65255
G1 X108.661 Y112.225 E1781.6747
G1 X109.264 Y112.225 E1781.69685
G1 X109.867 Y112.225 E1781.719
G1 F8534.5 X110.47 Y112.225 E1781.7411
G1 X111.073 Y112.226 E1781.76321
G1 X111.676 Y112.226 E1781.78531
G1 F8552.9 X112.279 Y112.226 E1781.80736
G1 X112.882 Y112.226 E1781.82941
G1 X113.485 Y112.226 E1781.85147
G1 X114.088 Y112.226 E1781.87352
G1 F8571.4 X114.691 Y112.226 E1781.89553
G1 X115.294 Y112.226 E1781.91754
G1 X115.897 Y112.226 E1781.93954
G1 X116.5 Y112.226 E1781.96155
G1 F8590 X117.103 Y112.226 E1781.98351
G1 X117.706 Y112.226 E1782.00546
G1 X118.309 Y112.226 E1782.02742
G1 F8608.7 X118.912 Y112.226 E1782.04933
G1 X119.515 Y112.226 E1782.07125
G1 X120.118 Y112.226 E1782.09316
G1 X120.721 Y112.226 E1782.11507
G1 F8627.5 X121.324 Y112.226 E1782.13693
G1 X121.927 Y112.226 E1782.15879
G1 X122.53 Y112.226 E1782.18066
G1 F8646.3 X123.133 Y112.226 E1782.20247
G1 X123.736 Y112.226 E1782.22429
G1 X124.339 Y112.226 E1782.24611
G1 X124.942 Y112.226 E1782.26792
G1 X125.183 Y112.227 E1782.27664
G1 X125.183 Y111.769 E1782.29321
G1 X124.954 Y111.769 E1782.30149
G1 X124.351 Y111.769 E1782.32331
G1 X123.748 Y111.769 E1782.34513
G1 X123.145 Y111.769 E1782.36694
G1 X122.542 Y111.769 E1782.38876
G1 F8627.5 X121.939 Y111.769 E1782.41062
G1 X121.336 Y111.768 E1782.43248
G1 X120.733 Y111.768 E1782.45435
G1 F8608.7 X120.13 Y111.768 E1782.47626
G1 X119.527 Y111.768 E1782.49817
G1 X118.924 Y111.768 E1782.52008
G1 X118.321 Y111.768 E1782.54199
G1 F8590 X117.718 Y111.767 E1782.56395
G1 X117.115 Y111.767 E1782.58591
G1 X116.512 Y111.767 E1782.60787
G1 F8571.4 X115.909 Y111.767 E1782.62987
G1 X115.306 Y111.767 E1782.65188
G1 X114.703 Y111.767 E1782.67389
G1 X114.1 Y111.766 E1782.69589
G1 F8552.9 X113.497 Y111.766 E1782.71795
G1 X112.894 Y111.766 E1782.74
G1 X112.291 Y111.766 E1782.76206
G1 X111.688 Y111.766 E1782.78411
G1 F8534.5 X111.085 Y111.766 E1782.80621
G1 X110.482 Y111.765 E1782.82831
G1 X109.879 Y111.765 E1782.85041
G1 F8516.1 X109.276 Y111.765 E1782.87256
G1 X108.673 Y111.765 E1782.89471
G1 X108.07 Y111.765 E1782.91686
G1 X107.467 Y111.765 E1782.93901
G1 F8497.9 X106.864 Y111.764 E1782.96121
G1 X106.261 Y111.764 E1782.9834
G1 X105.658 Y111.764 E1783.0056
G1 X105.055 Y111.764 E1783.0278
G1 F8479.7 X104.452 Y111.764 E1783.05004
G1 X103.849 Y111.764 E1783.07229
G1 X103.246 Y111.763 E1783.09453
G1 F8461.5 X102.643 Y111.763 E1783.11682
G1 X102.04 Y111.763 E1783.13912
G1 X101.437 Y111.763 E1783.16141
G1 X100.834 Y111.763 E1783.1837
G1 F8443.5 X100.231 Y111.763 E1783.20604
G1 X99.628 Y111.762 E1783.22838
G1 X99.025 Y111.762 E1783.25072
G1 F8425.5 X98.422 Y111.762 E1783.27311
G1 X97.819 Y111.762 E1783.29549
G1 X97.216 Y111.762 E1783.31788
G1 X96.613 Y111.762 E1783.34027
G1 F8407.6 X96.317 Y111.639 E1783.35219
G1 X96.319 Y112.354 E1783.3788
G1 X96.601 Y112.225 E1783.39033
G1 F2400 E1782.89033
G0 F15000 X127.716 Y112.884
;TYPE:WALL-OUTER
G1 F2400 E1783.39033
G1 F9000 X127.669 Y113.076 E1783.3972
G1 X128.528 Y113.076 E1783.42706
G1 X128.528 Y110.924 E1783.50186
G1 X127.669 Y110.922 E1783.53171
G1 X127.716 Y111.108 E1783.53838
G1 X127.716 Y112.884 E1783.60011
G0 F15000 X128.122 Y112.67
;TYPE:WALL-INNER
G1 F12419.4 X128.122 Y111.328 E1783.63954
G1 F2400 E1783.13954
;MESH:Pin 5mm - AKM.STL(2)
G0 F15000 X127.716 Y102.884
;TYPE:WALL-OUTER
G1 F2400 E1783.63954
G1 F9000 X127.669 Y103.076 E1783.64641
G1 X128.528 Y103.076 E1783.67627
G1 X128.528 Y100.924 E1783.75107
G1 X127.669 Y100.922 E1783.78092
G1 X127.716 Y101.108 E1783.78759
G1 X127.716 Y102.884 E1783.84932
G0 F15000 X128.122 Y102.67
;TYPE:WALL-INNER
G1 F12419.4 X128.122 Y101.328 E1783.88876
G1 F2400 E1783.38876
G0 F15000 X96.528 Y103.292
;TYPE:WALL-OUTER
G1 F2400 E1783.88876
G1 F9000 X96.596 Y103.132 E1783.8948
G1 X96.715 Y103.074 E1783.8994
G1 X126.028 Y103.072 E1784.91823
G1 X126.028 Y100.924 E1784.99288
G1 X96.715 Y100.922 E1786.01171
G1 X96.596 Y100.864 E1786.01631
G1 X96.531 Y100.742 E1786.02112
G1 X96.528 Y99.112 E1786.07777
G1 X95.468 Y99.112 E1786.11461
G1 X95.468 Y104.884 E1786.31523
G1 X96.528 Y104.884 E1786.35207
G1 X96.528 Y103.292 E1786.4074
G0 F15000 X95.998 Y103.292
;TYPE:WALL-INNER
G1 F7451.6 X95.998 Y104.354 E1786.45942
G1 F2400 E1785.95942
G0 F15000 X96.651 Y102.639
G1 F2400 E1786.45942
G1 F10500 X125.588 Y102.632 E1787.46518
G1 X125.588 Y101.364 E1787.50925
G1 X96.651 Y101.357 E1788.51501
G1 X96.294 Y101.184 E1788.52879
G1 F8619.4 X96.003 Y100.834 E1788.54807
G1 X95.908 Y101.351 E1788.57032
G1 F10500 X95.908 Y102.645 E1788.6153
G1 F8717 X95.998 Y103.292 E1788.64265
G1 X96.294 Y102.812 E1788.66626
G1 F10500 X96.651 Y102.639 E1788.68004
G1 F2400 E1788.18004
G0 F15000 X96.003 Y100.834
G1 F2400 E1788.68004
G1 F7345 X96.001 Y100.238 E1788.70966
G1 F7415.7 X95.998 Y99.642 E1788.73899
G1 F2400 E1788.23899
G0 F15000 X96.601 Y102.225
;TYPE:SKIN
G1 F2400 E1788.73899
G1 F8425.5 X97.204 Y102.225 E1788.76138
G1 X97.807 Y102.225 E1788.78376
G1 X98.41 Y102.225 E1788.80615
G1 X99.013 Y102.225 E1788.82854
G1 F8443.5 X99.616 Y102.225 E1788.85088
G1 X100.219 Y102.225 E1788.87322
G1 X100.822 Y102.225 E1788.89556
G1 F8461.5 X101.425 Y102.225 E1788.91785
G1 X102.028 Y102.225 E1788.94014
G1 X102.631 Y102.225 E1788.96243
G1 X103.234 Y102.225 E1788.98473
G1 F8479.7 X103.837 Y102.225 E1789.00697
G1 X104.44 Y102.225 E1789.02921
G1 X105.043 Y102.225 E1789.05146
G1 F8497.9 X105.646 Y102.225 E1789.07366
G1 X106.249 Y102.225 E1789.09585
G1 X106.852 Y102.225 E1789.11805
G1 X107.455 Y102.225 E1789.14025
G1 F8516.1 X108.058 Y102.225 E1789.1624
G1 X108.661 Y102.225 E1789.18454
G1 X109.264 Y102.225 E1789.20669
G1 X109.867 Y102.225 E1789.22884
G1 F8534.5 X110.47 Y102.225 E1789.25094
G1 X111.073 Y102.226 E1789.27305
G1 X111.676 Y102.226 E1789.29515
G1 F8552.9 X112.279 Y102.226 E1789.3172
G1 X112.882 Y102.226 E1789.33926
G1 X113.485 Y102.226 E1789.36131
G1 X114.088 Y102.226 E1789.38336
G1 F8571.4 X114.691 Y102.226 E1789.40537
G1 X115.294 Y102.226 E1789.42738
G1 X115.897 Y102.226 E1789.44938
G1 X116.5 Y102.226 E1789.47139
G1 F8590 X117.103 Y102.226 E1789.49335
G1 X117.706 Y102.226 E1789.51531
G1 X118.309 Y102.226 E1789.53726
G1 F8608.7 X118.912 Y102.226 E1789.55918
G1 X119.515 Y102.226 E1789.58109
G1 X120.118 Y102.226 E1789.603
G1 X120.721 Y102.226 E1789.62491
G1 F8627.5 X121.324 Y102.226 E1789.64677
G1 X121.927 Y102.226 E1789.66864
G1 X122.53 Y102.226 E1789.6905
G1 F8646.3 X123.133 Y102.226 E1789.71231
G1 X123.736 Y102.226 E1789.73413
G1 X124.339 Y102.226 E1789.75595
G1 X124.942 Y102.226 E1789.77776
G1 X125.183 Y102.227 E1789.78648
G1 X125.183 Y101.769 E1789.80305
G1 X124.954 Y101.769 E1789.81134
G1 X124.351 Y101.769 E1789.83315
G1 X123.748 Y101.769 E1789.85497
G1 X123.145 Y101.769 E1789.87678
G1 X122.542 Y101.769 E1789.8986
G1 F8627.5 X121.939 Y101.769 E1789.92046
G1 X121.336 Y101.768 E1789.94233
G1 X120.733 Y101.768 E1789.96419
G1 F8608.7 X120.13 Y101.768 E1789.9861
G1 X119.527 Y101.768 E1790.00801
G1 X118.924 Y101.768 E1790.02992
G1 X118.321 Y101.768 E1790.05183
G1 F8590 X117.718 Y101.767 E1790.07379
G1 X117.115 Y101.767 E1790.09575
G1 X116.512 Y101.767 E1790.11771
G1 F8571.4 X115.909 Y101.767 E1790.13972
G1 X115.306 Y101.767 E1790.16172
G1 X114.703 Y101.767 E1790.18373
G1 X114.1 Y101.766 E1790.20573
G1 F8552.9 X113.497 Y101.766 E1790.22779
G1 X112.894 Y101.766 E1790.24984
G1 X112.291 Y101.766 E1790.2719
G1 X111.688 Y101.766 E1790.29395
G1 F8534.5 X111.085 Y101.766 E1790.31605
G1 X110.482 Y101.765 E1790.33815
G1 X109.879 Y101.765 E1790.36025
G1 F8516.1 X109.276 Y101.765 E1790.3824
G1 X108.673 Y101.765 E1790.40455
G1 X108.07 Y101.765 E1790.4267
G1 X107.467 Y101.765 E1790.44885
G1 F8497.9 X106.864 Y101.764 E1790.47105
G1 X106.261 Y101.764 E1790.49325
G1 X105.658 Y101.764 E1790.51544
G1 X105.055 Y101.764 E1790.53764
G1 F8479.7 X104.452 Y101.764 E1790.55988
G1 X103.849 Y101.764 E1790.58213
G1 X103.246 Y101.763 E1790.60437
G1 F8461.5 X102.643 Y101.763 E1790.62666
G1 X102.04 Y101.763 E1790.64896
G1 X101.437 Y101.763 E1790.67125
G1 X100.834 Y101.763 E1790.69354
G1 F8443.5 X100.231 Y101.763 E1790.71588
G1 X99.628 Y101.762 E1790.73822
G1 X99.025 Y101.762 E1790.76056
G1 F8425.5 X98.422 Y101.762 E1790.78295
G1 X97.819 Y101.762 E1790.80533
G1 X97.216 Y101.762 E1790.82772
G1 X96.613 Y101.762 E1790.85011
G1 F8407.6 X96.317 Y101.639 E1790.86203
G1 X96.319 Y102.354 E1790.88864
G1 X96.601 Y102.225 E1790.90017
G1 F2400 E1790.40017
;MESH:Pin 5mm - AKM.STL(5)
G0 F15000 X136.528 Y93.292
;TYPE:WALL-OUTER
G1 F2400 E1790.90017
G1 F9000 X136.596 Y93.132 E1790.90622
G1 X136.715 Y93.074 E1790.91082
G1 X166.028 Y93.072 E1791.92965
G1 X166.028 Y90.924 E1792.0043
G1 X136.715 Y90.922 E1793.02313
G1 X136.596 Y90.864 E1793.02773
G1 X136.531 Y90.742 E1793.03254
G1 X136.528 Y89.112 E1793.08919
G1 X135.468 Y89.112 E1793.12603
G1 X135.468 Y94.884 E1793.32665
G1 X136.528 Y94.884 E1793.36349
G1 X136.528 Y93.292 E1793.41882
G0 F15000 X135.998 Y93.292
;TYPE:WALL-INNER
G1 F7451.6 X135.998 Y94.354 E1793.47084
G1 F2400 E1792.97084
G0 F15000 X136.651 Y92.639
G1 F2400 E1793.47084
G1 F10500 X165.588 Y92.632 E1794.47659
G1 X165.588 Y91.364 E1794.52067
G1 X136.651 Y91.357 E1795.52643
G1 X136.294 Y91.184 E1795.54021
G1 F8619.4 X136.003 Y90.834 E1795.55949
G1 X135.908 Y91.351 E1795.58174
G1 F10500 X135.908 Y92.645 E1795.62672
G1 F8717 X135.998 Y93.292 E1795.65407
G1 X136.294 Y92.812 E1795.67768
G1 F10500 X136.651 Y92.639 E1795.69146
G1 F2400 E1795.19146
G0 F15000 X136.003 Y90.834
G1 F2400 E1795.69146
G1 F7345 X136.001 Y90.238 E1795.72108
G1 F7415.7 X135.998 Y89.642 E1795.75041
G1 F2400 E1795.25041
G0 F15000 X136.601 Y92.225
;TYPE:SKIN
G1 F2400 E1795.75041
G1 F8425.5 X137.204 Y92.225 E1795.7728
G1 X137.807 Y92.225 E1795.79518
G1 X138.41 Y92.225 E1795.81757
G1 X139.013 Y92.225 E1795.83996
G1 F8443.5 X139.616 Y92.225 E1795.8623
G1 X140.219 Y92.225 E1795.88464
G1 X140.822 Y92.225 E1795.90698
G1 F8461.5 X141.425 Y92.225 E1795.92927
G1 X142.028 Y92.225 E1795.95156
G1 X142.631 Y92.225 E1795.97385
G1 X143.234 Y92.225 E1795.99614
G1 F8479.7 X143.837 Y92.225 E1796.01839
G1 X144.44 Y92.225 E1796.04063
G1 X145.043 Y92.225 E1796.06288
G1 F8497.9 X145.646 Y92.225 E1796.08508
G1 X146.249 Y92.225 E1796.10727
G1 X146.852 Y92.225 E1796.12947
G1 X147.455 Y92.225 E1796.15167
G1 F8516.1 X148.058 Y92.225 E1796.17381
G1 X148.661 Y92.225 E1796.19596
G1 X149.264 Y92.225 E1796.21811
G1 X149.867 Y92.225 E1796.24026
G1 F8534.5 X150.47 Y92.225 E1796.26236
G1 X151.073 Y92.226 E1796.28447
G1 X151.676 Y92.226 E1796.30657
G1 F8552.9 X152.279 Y92.226 E1796.32862
G1 X152.882 Y92.226 E1796.35067
G1 X153.485 Y92.226 E1796.37273
G1 X154.088 Y92.226 E1796.39478
G1 F8571.4 X154.691 Y92.226 E1796.41679
G1 X155.294 Y92.226 E1796.4388
G1 X155.897 Y92.226 E1796.4608
G1 X156.5 Y92.226 E1796.48281
G1 F8590 X157.103 Y92.226 E1796.50477
G1 X157.706 Y92.226 E1796.52673
G1 X158.309 Y92.226 E1796.54868
G1 F8608.7 X158.912 Y92.226 E1796.57059
G1 X159.515 Y92.226 E1796.59251
G1 X160.118 Y92.226 E1796.61442
G1 X160.721 Y92.226 E1796.63633
G1 F8627.5 X161.324 Y92.226 E1796.65819
G1 X161.927 Y92.226 E1796.68005
G1 X162.53 Y92.226 E1796.70192
G1 F8646.3 X163.133 Y92.226 E1796.72373
G1 X163.736 Y92.226 E1796.74555
G1 X164.339 Y92.226 E1796.76737
G1 X164.942 Y92.226 E1796.78918
G1 X165.183 Y92.227 E1796.7979
G1 X165.183 Y91.769 E1796.81447
G1 X164.954 Y91.769 E1796.82276
G1 X164.351 Y91.769 E1796.84457
G1 X163.748 Y91.769 E1796.86639
G1 X163.145 Y91.769 E1796.8882
G1 X162.542 Y91.769 E1796.91002
G1 F8627.5 X161.939 Y91.769 E1796.93188
G1 X161.336 Y91.768 E1796.95374
G1 X160.733 Y91.768 E1796.97561
G1 F8608.7 X160.13 Y91.768 E1796.99752
G1 X159.527 Y91.768 E1797.01943
G1 X158.924 Y91.768 E1797.04134
G1 X158.321 Y91.768 E1797.06325
G1 F8590 X157.718 Y91.767 E1797.08521
G1 X157.115 Y91.767 E1797.10717
G1 X156.512 Y91.767 E1797.12913
G1 F8571.4 X155.909 Y91.767 E1797.15113
G1 X155.306 Y91.767 E1797.17314
G1 X154.703 Y91.767 E1797.19515
G1 X154.1 Y91.766 E1797.21715
G1 F8552.9 X153.497 Y91.766 E1797.23921
G1 X152.894 Y91.766 E1797.26126
G1 X152.291 Y91.766 E1797.28332
G1 X151.688 Y91.766 E1797.30537
G1 F8534.5 X151.085 Y91.766 E1797.32747
G1 X150.482 Y91.765 E1797.34957
G1 X149.879 Y91.765 E1797.37167
G1 F8516.1 X149.276 Y91.765 E1797.39382
G1 X148.673 Y91.765 E1797.41597
G1 X148.07 Y91.765 E1797.43812
G1 X147.467 Y91.765 E1797.46027
G1 F8497.9 X146.864 Y91.764 E1797.48247
G1 X146.261 Y91.764 E1797.50466
G1 X145.658 Y91.764 E1797.52686
G1 X145.055 Y91.764 E1797.54906
G1 F8479.7 X144.452 Y91.764 E1797.5713
G1 X143.849 Y91.764 E1797.59355
G1 X143.246 Y91.763 E1797.61579
G1 F8461.5 X142.643 Y91.763 E1797.63808
G1 X142.04 Y91.763 E1797.66038
G1 X141.437 Y91.763 E1797.68267
G1 X140.834 Y91.763 E1797.70496
G1 F8443.5 X140.231 Y91.763 E1797.7273
G1 X139.628 Y91.762 E1797.74964
G1 X139.025 Y91.762 E1797.77198
G1 F8425.5 X138.422 Y91.762 E1797.79437
G1 X137.819 Y91.762 E1797.81675
G1 X137.216 Y91.762 E1797.83914
G1 X136.613 Y91.762 E1797.86153
G1 F8407.6 X136.317 Y91.639 E1797.87345
G1 X136.319 Y92.354 E1797.90006
G1 X136.601 Y92.225 E1797.91159
G1 F2400 E1797.41159
G0 F15000 X167.716 Y92.884
;TYPE:WALL-OUTER
G1 F2400 E1797.91159
G1 F9000 X167.669 Y93.076 E1797.91846
G1 X168.528 Y93.076 E1797.94832
G1 X168.528 Y90.924 E1798.02312
G1 X167.669 Y90.922 E1798.05297
G1 X167.716 Y91.108 E1798.05964
G1 X167.716 Y92.884 E1798.12137
G0 F15000 X168.122 Y92.67
;TYPE:WALL-INNER
G1 F12419.4 X168.122 Y91.328 E1798.1608
G1 F2400 E1797.6608
;MESH:Pin 5mm - AKM.STL(3)
G0 F15000 X167.716 Y102.884
;TYPE:WALL-OUTER
G1 F2400 E1798.1608
G1 F9000 X167.669 Y103.076 E1798.16768
G1 X168.528 Y103.076 E1798.19753
G1 X168.528 Y100.924 E1798.27233
G1 X167.669 Y100.922 E1798.30218
G1 X167.716 Y101.108 E1798.30885
G1 X167.716 Y102.884 E1798.37058
G0 F15000 X168.122 Y102.67
;TYPE:WALL-INNER
G1 F12419.4 X168.122 Y101.328 E1798.41002
G1 F2400 E1797.91002
G0 F15000 X136.528 Y103.292
;TYPE:WALL-OUTER
G1 F2400 E1798.41002
G1 F9000 X136.596 Y103.132 E1798.41606
G1 X136.715 Y103.074 E1798.42066
G1 X166.028 Y103.072 E1799.43949
G1 X166.028 Y100.924 E1799.51414
G1 X136.715 Y100.922 E1800.53297
G1 X136.596 Y100.864 E1800.53757
G1 X136.531 Y100.742 E1800.54238
G1 X136.528 Y99.112 E1800.59903
G1 X135.468 Y99.112 E1800.63587
G1 X135.468 Y104.884 E1800.83649
G1 X136.528 Y104.884 E1800.87333
G1 X136.528 Y103.292 E1800.92866
G0 F15000 X135.998 Y103.292
;TYPE:WALL-INNER
G1 F7451.6 X135.998 Y104.354 E1800.98068
G1 F2400 E1800.48068
G0 F15000 X136.651 Y102.639
G1 F2400 E1800.98068
G1 F10500 X165.588 Y102.632 E1801.98644
G1 X165.588 Y101.364 E1802.03051
G1 X136.651 Y101.357 E1803.03627
G1 X136.294 Y101.184 E1803.05005
G1 F8619.4 X136.003 Y100.834 E1803.06933
G1 X135.908 Y101.351 E1803.09158
G1 F10500 X135.908 Y102.645 E1803.13656
G1 F8717 X135.998 Y103.292 E1803.16391
G1 X136.294 Y102.812 E1803.18752
G1 F10500 X136.651 Y102.639 E1803.2013
G1 F2400 E1802.7013
G0 F15000 X136.003 Y100.834
G1 F2400 E1803.2013
G1 F7345 X136.001 Y100.238 E1803.23092
G1 F7415.7 X135.998 Y99.642 E1803.26025
G1 F2400 E1802.76025
G0 F15000 X136.601 Y102.225
;TYPE:SKIN
G1 F2400 E1803.26025
G1 F8425.5 X137.204 Y102.225 E1803.28264
G1 X137.807 Y102.225 E1803.30502
G1 X138.41 Y102.225 E1803.32741
G1 X139.013 Y102.225 E1803.3498
G1 F8443.5 X139.616 Y102.225 E1803.37214
G1 X140.219 Y102.225 E1803.39448
G1 X140.822 Y102.225 E1803.41682
G1 F8461.5 X141.425 Y102.225 E1803.43911
G1 X142.028 Y102.225 E1803.4614
G1 X142.631 Y102.225 E1803.48369
G1 X143.234 Y102.225 E1803.50599
G1 F8479.7 X143.837 Y102.225 E1803.52823
G1 X144.44 Y102.225 E1803.55047
G1 X145.043 Y102.225 E1803.57272
G1 F8497.9 X145.646 Y102.225 E1803.59492
G1 X146.249 Y102.225 E1803.61711
G1 X146.852 Y102.225 E1803.63931
G1 X147.455 Y102.225 E1803.66151
G1 F8516.1 X148.058 Y102.225 E1803.68366
G1 X148.661 Y102.225 E1803.7058
G1 X149.264 Y102.225 E1803.72795
G1 X149.867 Y102.225 E1803.7501
G1 F8534.5 X150.47 Y102.225 E1803.7722
G1 X151.073 Y102.226 E1803.79431
G1 X151.676 Y102.226 E1803.81641
G1 F8552.9 X152.279 Y102.226 E1803.83846
G1 X152.882 Y102.226 E1803.86052
G1 X153.485 Y102.226 E1803.88257
G1 X154.088 Y102.226 E1803.90462
G1 F8571.4 X154.691 Y102.226 E1803.92663
G1 X155.294 Y102.226 E1803.94864
G1 X155.897 Y102.226 E1803.97064
G1 X156.5 Y102.226 E1803.99265
G1 F8590 X157.103 Y102.226 E1804.01461
G1 X157.706 Y102.226 E1804.03657
G1 X158.309 Y102.226 E1804.05852
G1 F8608.7 X158.912 Y102.226 E1804.08044
G1 X159.515 Y102.226 E1804.10235
G1 X160.118 Y102.226 E1804.12426
G1 X160.721 Y102.226 E1804.14617
G1 F8627.5 X161.324 Y102.226 E1804.16803
G1 X161.927 Y102.226 E1804.1899
G1 X162.53 Y102.226 E1804.21176
G1 F8646.3 X163.133 Y102.226 E1804.23357
G1 X163.736 Y102.226 E1804.25539
G1 X164.339 Y102.226 E1804.27721
G1 X164.942 Y102.226 E1804.29902
G1 X165.183 Y102.227 E1804.30774
G1 X165.183 Y101.769 E1804.32431
G1 X164.954 Y101.769 E1804.3326
G1 X164.351 Y101.769 E1804.35441
G1 X163.748 Y101.769 E1804.37623
G1 X163.145 Y101.769 E1804.39804
G1 X162.542 Y101.769 E1804.41986
G1 F8627.5 X161.939 Y101.769 E1804.44172
G1 X161.336 Y101.768 E1804.46359
G1 X160.733 Y101.768 E1804.48545
G1 F8608.7 X160.13 Y101.768 E1804.50736
G1 X159.527 Y101.768 E1804.52927
G1 X158.924 Y101.768 E1804.55118
G1 X158.321 Y101.768 E1804.57309
G1 F8590 X157.718 Y101.767 E1804.59505
G1 X157.115 Y101.767 E1804.61701
G1 X156.512 Y101.767 E1804.63897
G1 F8571.4 X155.909 Y101.767 E1804.66098
G1 X155.306 Y101.767 E1804.68298
G1 X154.703 Y101.767 E1804.70499
G1 X154.1 Y101.766 E1804.72699
G1 F8552.9 X153.497 Y101.766 E1804.74905
G1 X152.894 Y101.766 E1804.7711
G1 X152.291 Y101.766 E1804.79316
G1 X151.688 Y101.766 E1804.81521
G1 F8534.5 X151.085 Y101.766 E1804.83731
G1 X150.482 Y101.765 E1804.85941
G1 X149.879 Y101.765 E1804.88151
G1 F8516.1 X149.276 Y101.765 E1804.90366
G1 X148.673 Y101.765 E1804.92581
G1 X148.07 Y101.765 E1804.94796
G1 X147.467 Y101.765 E1804.97011
G1 F8497.9 X146.864 Y101.764 E1804.99231
G1 X146.261 Y101.764 E1805.01451
G1 X145.658 Y101.764 E1805.0367
G1 X145.055 Y101.764 E1805.0589
G1 F8479.7 X144.452 Y101.764 E1805.08114
G1 X143.849 Y101.764 E1805.10339
G1 X143.246 Y101.763 E1805.12563
G1 F8461.5 X142.643 Y101.763 E1805.14792
G1 X142.04 Y101.763 E1805.17022
G1 X141.437 Y101.763 E1805.19251
G1 X140.834 Y101.763 E1805.2148
G1 F8443.5 X140.231 Y101.763 E1805.23714
G1 X139.628 Y101.762 E1805.25948
G1 X139.025 Y101.762 E1805.28182
G1 F8425.5 X138.422 Y101.762 E1805.30421
G1 X137.819 Y101.762 E1805.32659
G1 X137.216 Y101.762 E1805.34898
G1 X136.613 Y101.762 E1805.37137
G1 F8407.6 X136.317 Y101.639 E1805.3833
G1 X136.319 Y102.354 E1805.4099
G1 X136.601 Y102.225 E1805.42143
G1 F2400 E1804.92143
;MESH:Pin 5mm - AKM.STL(1)
G0 F15000 X136.528 Y113.292
;TYPE:WALL-OUTER
G1 F2400 E1805.42143
G1 F9000 X136.596 Y113.132 E1805.42748
G1 X136.715 Y113.074 E1805.43208
G1 X166.028 Y113.072 E1806.45091
G1 X166.028 Y110.924 E1806.52556
G1 X136.715 Y110.922 E1807.54439
G1 X136.596 Y110.864 E1807.54899
G1 X136.531 Y110.742 E1807.5538
G1 X136.528 Y109.112 E1807.61045
G1 X135.468 Y109.112 E1807.64729
G1 X135.468 Y114.884 E1807.84791
G1 X136.528 Y114.884 E1807.88475
G1 X136.528 Y113.292 E1807.94008
G0 F15000 X135.998 Y113.292
;TYPE:WALL-INNER
G1 F7451.6 X135.998 Y114.354 E1807.9921
G1 F2400 E1807.4921
G0 F15000 X136.651 Y112.639
G1 F2400 E1807.9921
G1 F10500 X165.588 Y112.632 E1808.99786
G1 X165.588 Y111.364 E1809.04193
G1 X136.651 Y111.357 E1810.04769
G1 X136.294 Y111.184 E1810.06147
G1 F8619.4 X136.003 Y110.834 E1810.08075
G1 X135.908 Y111.351 E1810.103
G1 F10500 X135.908 Y112.645 E1810.14798
G1 F8717 X135.998 Y113.292 E1810.17533
G1 X136.294 Y112.812 E1810.19894
G1 F10500 X136.651 Y112.639 E1810.21272
G1 F2400 E1809.71272
G0 F15000 X136.003 Y110.834
G1 F2400 E1810.21272
G1 F7345 X136.001 Y110.238 E1810.24234
G1 F7415.7 X135.998 Y109.642 E1810.27167
G1 F2400 E1809.77167
G0 F15000 X136.601 Y112.225
;TYPE:SKIN
G1 F2400 E1810.27167
G1 F8425.5 X137.204 Y112.225 E1810.29406
G1 X137.807 Y112.225 E1810.31644
G1 X138.41 Y112.225 E1810.33883
G1 X139.013 Y112.225 E1810.36122
G1 F8443.5 X139.616 Y112.225 E1810.38356
G1 X140.219 Y112.225 E1810.4059
G1 X140.822 Y112.225 E1810.42824
G1 F8461.5 X141.425 Y112.225 E1810.45053
G1 X142.028 Y112.225 E1810.47282
G1 X142.631 Y112.225 E1810.49511
G1 X143.234 Y112.225 E1810.51741
G1 F8479.7 X143.837 Y112.225 E1810.53965
G1 X144.44 Y112.225 E1810.56189
G1 X145.043 Y112.225 E1810.58414
G1 F8497.9 X145.646 Y112.225 E1810.60634
G1 X146.249 Y112.225 E1810.62853
G1 X146.852 Y112.225 E1810.65073
G1 X147.455 Y112.225 E1810.67293
G1 F8516.1 X148.058 Y112.225 E1810.69507
G1 X148.661 Y112.225 E1810.71722
G1 X149.264 Y112.225 E1810.73937
G1 X149.867 Y112.225 E1810.76152
G1 F8534.5 X150.47 Y112.225 E1810.78362
G1 X151.073 Y112.226 E1810.80573
G1 X151.676 Y112.226 E1810.82783
G1 F8552.9 X152.279 Y112.226 E1810.84988
G1 X152.882 Y112.226 E1810.87194
G1 X153.485 Y112.226 E1810.89399
G1 X154.088 Y112.226 E1810.91604
G1 F8571.4 X154.691 Y112.226 E1810.93805
G1 X155.294 Y112.226 E1810.96006
G1 X155.897 Y112.226 E1810.98206
G1 X156.5 Y112.226 E1811.00407
G1 F8590 X157.103 Y112.226 E1811.02603
G1 X157.706 Y112.226 E1811.04799
G1 X158.309 Y112.226 E1811.06994
G1 F8608.7 X158.912 Y112.226 E1811.09186
G1 X159.515 Y112.226 E1811.11377
G1 X160.118 Y112.226 E1811.13568
G1 X160.721 Y112.226 E1811.15759
G1 F8627.5 X161.324 Y112.226 E1811.17945
G1 X161.927 Y112.226 E1811.20131
G1 X162.53 Y112.226 E1811.22318
G1 F8646.3 X163.133 Y112.226 E1811.24499
G1 X163.736 Y112.226 E1811.26681
G1 X164.339 Y112.226 E1811.28863
G1 X164.942 Y112.226 E1811.31044
G1 X165.183 Y112.227 E1811.31916
G1 X165.183 Y111.769 E1811.33573
G1 X164.954 Y111.769 E1811.34402
G1 X164.351 Y111.769 E1811.36583
G1 X163.748 Y111.769 E1811.38765
G1 X163.145 Y111.769 E1811.40946
G1 X162.542 Y111.769 E1811.43128
G1 F8627.5 X161.939 Y111.769 E1811.45314
G1 X161.336 Y111.768 E1811.47501
G1 X160.733 Y111.768 E1811.49687
G1 F8608.7 X160.13 Y111.768 E1811.51878
G1 X159.527 Y111.768 E1811.54069
G1 X158.924 Y111.768 E1811.5626
G1 X158.321 Y111.768 E1811.58451
G1 F8590 X157.718 Y111.767 E1811.60647
G1 X157.115 Y111.767 E1811.62843
G1 X156.512 Y111.767 E1811.65039
G1 F8571.4 X155.909 Y111.767 E1811.6724
G1 X155.306 Y111.767 E1811.6944
G1 X154.703 Y111.767 E1811.71641
G1 X154.1 Y111.766 E1811.73841
G1 F8552.9 X153.497 Y111.766 E1811.76047
G1 X152.894 Y111.766 E1811.78252
G1 X152.291 Y111.766 E1811.80458
G1 X151.688 Y111.766 E1811.82663
G1 F8534.5 X151.085 Y111.766 E1811.84873
G1 X150.482 Y111.765 E1811.87083
G1 X149.879 Y111.765 E1811.89293
G1 F8516.1 X149.276 Y111.765 E1811.91508
G1 X148.673 Y111.765 E1811.93723
G1 X148.07 Y111.765 E1811.95938
G1 X147.467 Y111.765 E1811.98153
G1 F8497.9 X146.864 Y111.764 E1812.00373
G1 X146.261 Y111.764 E1812.02592
G1 X145.658 Y111.764 E1812.04812
G1 X145.055 Y111.764 E1812.07032
G1 F8479.7 X144.452 Y111.764 E1812.09256
G1 X143.849 Y111.764 E1812.11481
G1 X143.246 Y111.763 E1812.13705
G1 F8461.5 X142.643 Y111.763 E1812.15934
G1 X142.04 Y111.763 E1812.18164
G1 X141.437 Y111.763 E1812.20393
G1 X140.834 Y111.763 E1812.22622
G1 F8443.5 X140.231 Y111.763 E1812.24856
G1 X139.628 Y111.762 E1812.2709
G1 X139.025 Y111.762 E1812.29324
G1 F8425.5 X138.422 Y111.762 E1812.31563
G1 X137.819 Y111.762 E1812.33801
G1 X137.216 Y111.762 E1812.3604
G1 X136.613 Y111.762 E1812.38279
G1 F8407.6 X136.317 Y111.639 E1812.39471
G1 X136.319 Y112.354 E1812.42132
G1 X136.601 Y112.225 E1812.43285
G1 F2400 E1811.93285
G0 F15000 X167.716 Y112.884
;TYPE:WALL-OUTER
G1 F2400 E1812.43285
G1 F9000 X167.669 Y113.076 E1812.43972
G1 X168.528 Y113.076 E1812.46958
G1 X168.528 Y110.924 E1812.54438
G1 X167.669 Y110.922 E1812.57423
G1 X167.716 Y111.108 E1812.5809
G1 X167.716 Y112.884 E1812.64263
G0 F15000 X168.122 Y112.67
;TYPE:WALL-INNER
G1 F12419.4 X168.122 Y111.328 E1812.68207
G1 F2400 E1812.18207
;MESH:Pin 5mm - AKM.STL(7)
G0 F15000 X167.716 Y122.884
;TYPE:WALL-OUTER
G1 F2400 E1812.68207
G1 F9000 X167.669 Y123.076 E1812.68894
G1 X168.528 Y123.076 E1812.71879
G1 X168.528 Y120.924 E1812.79359
G1 X167.669 Y120.922 E1812.82344
G1 X167.716 Y121.108 E1812.83011
G1 X167.716 Y122.884 E1812.89184
G0 F15000 X168.122 Y122.67
;TYPE:WALL-INNER
G1 F12419.4 X168.122 Y121.328 E1812.93128
G1 F2400 E1812.43128
G0 F15000 X136.528 Y123.292
;TYPE:WALL-OUTER
G1 F2400 E1812.93128
G1 F9000 X136.596 Y123.132 E1812.93732
G1 X136.715 Y123.074 E1812.94192
G1 X166.028 Y123.072 E1813.96075
G1 X166.028 Y120.924 E1814.0354
G1 X136.715 Y120.922 E1815.05423
G1 X136.596 Y120.864 E1815.05883
G1 X136.531 Y120.742 E1815.06364
G1 X136.528 Y119.112 E1815.12029
G1 X135.468 Y119.112 E1815.15713
G1 X135.468 Y124.884 E1815.35775
G1 X136.528 Y124.884 E1815.39459
G1 X136.528 Y123.292 E1815.44993
G0 F15000 X135.998 Y123.292
;TYPE:WALL-INNER
G1 F7451.6 X135.998 Y124.354 E1815.50194
G1 F2400 E1815.00194
G0 F15000 X136.651 Y122.639
G1 F2400 E1815.50194
G1 F10500 X165.588 Y122.632 E1816.5077
G1 X165.588 Y121.364 E1816.55177
G1 X136.651 Y121.357 E1817.55753
G1 X136.294 Y121.184 E1817.57131
G1 F8619.4 X136.003 Y120.834 E1817.59059
G1 X135.908 Y121.351 E1817.61284
G1 F10500 X135.908 Y122.645 E1817.65782
G1 F8717 X135.998 Y123.292 E1817.68517
G1 X136.294 Y122.812 E1817.70878
G1 F10500 X136.651 Y122.639 E1817.72256
G1 F2400 E1817.22256
G0 F15000 X136.003 Y120.834
G1 F2400 E1817.72256
G1 F7345 X136.001 Y120.238 E1817.75218
G1 F7415.7 X135.998 Y119.642 E1817.78151
G1 F2400 E1817.28151
G0 F15000 X136.601 Y122.225
;TYPE:SKIN
G1 F2400 E1817.78151
G1 F8425.5 X137.204 Y122.225 E1817.8039
G1 X137.807 Y122.225 E1817.82628
G1 X138.41 Y122.225 E1817.84867
G1 X139.013 Y122.225 E1817.87106
G1 F8443.5 X139.616 Y122.225 E1817.8934
G1 X140.219 Y122.225 E1817.91574
G1 X140.822 Y122.225 E1817.93808
G1 F8461.5 X141.425 Y122.225 E1817.96037
G1 X142.028 Y122.225 E1817.98266
G1 X142.631 Y122.225 E1818.00495
G1 X143.234 Y122.225 E1818.02725
G1 F8479.7 X143.837 Y122.225 E1818.04949
G1 X144.44 Y122.225 E1818.07173
G1 X145.043 Y122.225 E1818.09398
G1 F8497.9 X145.646 Y122.225 E1818.11618
G1 X146.249 Y122.225 E1818.13837
G1 X146.852 Y122.225 E1818.16057
G1 X147.455 Y122.225 E1818.18277
G1 F8516.1 X148.058 Y122.225 E1818.20492
G1 X148.661 Y122.225 E1818.22706
G1 X149.264 Y122.225 E1818.24921
G1 X149.867 Y122.225 E1818.27136
G1 F8534.5 X150.47 Y122.225 E1818.29346
G1 X151.073 Y122.226 E1818.31557
G1 X151.676 Y122.226 E1818.33767
G1 F8552.9 X152.279 Y122.226 E1818.35972
G1 X152.882 Y122.226 E1818.38178
G1 X153.485 Y122.226 E1818.40383
G1 X154.088 Y122.226 E1818.42588
G1 F8571.4 X154.691 Y122.226 E1818.44789
G1 X155.294 Y122.226 E1818.4699
G1 X155.897 Y122.226 E1818.4919
G1 X156.5 Y122.226 E1818.51391
G1 F8590 X157.103 Y122.226 E1818.53587
G1 X157.706 Y122.226 E1818.55783
G1 X158.309 Y122.226 E1818.57978
G1 F8608.7 X158.912 Y122.226 E1818.6017
G1 X159.515 Y122.226 E1818.62361
G1 X160.118 Y122.226 E1818.64552
G1 X160.721 Y122.226 E1818.66743
G1 F8627.5 X161.324 Y122.226 E1818.68929
G1 X161.927 Y122.226 E1818.71116
G1 X162.53 Y122.226 E1818.73302
G1 F8646.3 X163.133 Y122.226 E1818.75483
G1 X163.736 Y122.226 E1818.77665
G1 X164.339 Y122.226 E1818.79847
G1 X164.942 Y122.226 E1818.82028
G1 X165.183 Y122.227 E1818.829
G1 X165.183 Y121.769 E1818.84557
G1 X164.954 Y121.769 E1818.85386
G1 X164.351 Y121.769 E1818.87567
G1 X163.748 Y121.769 E1818.89749
G1 X163.145 Y121.769 E1818.9193
G1 X162.542 Y121.769 E1818.94112
G1 F8627.5 X161.939 Y121.769 E1818.96298
G1 X161.336 Y121.768 E1818.98485
G1 X160.733 Y121.768 E1819.00671
G1 F8608.7 X160.13 Y121.768 E1819.02862
G1 X159.527 Y121.768 E1819.05053
G1 X158.924 Y121.768 E1819.07244
G1 X158.321 Y121.768 E1819.09435
G1 F8590 X157.718 Y121.767 E1819.11631
G1 X157.115 Y121.767 E1819.13827
G1 X156.512 Y121.767 E1819.16023
G1 F8571.4 X155.909 Y121.767 E1819.18224
G1 X155.306 Y121.767 E1819.20424
G1 X154.703 Y121.767 E1819.22625
G1 X154.1 Y121.766 E1819.24825
G1 F8552.9 X153.497 Y121.766 E1819.27031
G1 X152.894 Y121.766 E1819.29236
G1 X152.291 Y121.766 E1819.31442
G1 X151.688 Y121.766 E1819.33647
G1 F8534.5 X151.085 Y121.766 E1819.35857
G1 X150.482 Y121.765 E1819.38067
G1 X149.879 Y121.765 E1819.40278
G1 F8516.1 X149.276 Y121.765 E1819.42492
G1 X148.673 Y121.765 E1819.44707
G1 X148.07 Y121.765 E1819.46922
G1 X147.467 Y121.765 E1819.49137
G1 F8497.9 X146.864 Y121.764 E1819.51357
G1 X146.261 Y121.764 E1819.53577
G1 X145.658 Y121.764 E1819.55796
G1 X145.055 Y121.764 E1819.58016
G1 F8479.7 X144.452 Y121.764 E1819.6024
G1 X143.849 Y121.764 E1819.62465
G1 X143.246 Y121.763 E1819.64689
G1 F8461.5 X142.643 Y121.763 E1819.66918
G1 X142.04 Y121.763 E1819.69148
G1 X141.437 Y121.763 E1819.71377
G1 X140.834 Y121.763 E1819.73606
G1 F8443.5 X140.231 Y121.763 E1819.7584
G1 X139.628 Y121.762 E1819.78074
G1 X139.025 Y121.762 E1819.80308
G1 F8425.5 X138.422 Y121.762 E1819.82547
G1 X137.819 Y121.762 E1819.84785
G1 X137.216 Y121.762 E1819.87024
G1 X136.613 Y121.762 E1819.89263
G1 F8407.6 X136.317 Y121.639 E1819.90456
G1 X136.319 Y122.354 E1819.93116
G1 X136.601 Y122.225 E1819.9427
G1 F2400 E1819.4427
;MESH:Pin 5mm - AKM.STL(6)
G0 F15000 X176.528 Y103.292
;TYPE:WALL-OUTER
G1 F2400 E1819.9427
G1 F9000 X176.596 Y103.132 E1819.94874
G1 X176.715 Y103.074 E1819.95334
G1 X206.028 Y103.072 E1820.97217
G1 X206.028 Y100.924 E1821.04682
G1 X176.715 Y100.922 E1822.06565
G1 X176.596 Y100.864 E1822.07025
G1 X176.531 Y100.742 E1822.07506
G1 X176.528 Y99.112 E1822.13171
G1 X175.468 Y99.112 E1822.16855
G1 X175.468 Y104.884 E1822.36917
G1 X176.528 Y104.884 E1822.40601
G1 X176.528 Y103.292 E1822.46134
G0 F15000 X175.998 Y103.292
;TYPE:WALL-INNER
G1 F7451.6 X175.998 Y104.354 E1822.51336
G1 F2400 E1822.01336
G0 F15000 X176.651 Y102.639
G1 F2400 E1822.51336
G1 F10500 X205.588 Y102.632 E1823.51912
G1 X205.588 Y101.364 E1823.56319
G1 X176.651 Y101.357 E1824.56895
G1 X176.294 Y101.184 E1824.58273
G1 F8619.4 X176.003 Y100.834 E1824.60201
G1 X175.908 Y101.351 E1824.62426
G1 F10500 X175.908 Y102.645 E1824.66924
G1 F8717 X175.998 Y103.292 E1824.69659
G1 X176.294 Y102.812 E1824.7202
G1 F10500 X176.651 Y102.639 E1824.73398
G1 F2400 E1824.23398
G0 F15000 X176.003 Y100.834
G1 F2400 E1824.73398
G1 F7345 X176.001 Y100.238 E1824.7636
G1 F7415.7 X175.998 Y99.642 E1824.79293
G1 F2400 E1824.29293
G0 F15000 X176.601 Y102.225
;TYPE:SKIN
G1 F2400 E1824.79293
G1 F8425.5 X177.204 Y102.225 E1824.81532
G1 X177.807 Y102.225 E1824.8377
G1 X178.41 Y102.225 E1824.86009
G1 X179.013 Y102.225 E1824.88248
G1 F8443.5 X179.616 Y102.225 E1824.90482
G1 X180.219 Y102.225 E1824.92716
G1 X180.822 Y102.225 E1824.9495
G1 F8461.5 X181.425 Y102.225 E1824.97179
G1 X182.028 Y102.225 E1824.99408
G1 X182.631 Y102.225 E1825.01637
G1 X183.234 Y102.225 E1825.03867
G1 F8479.7 X183.837 Y102.225 E1825.06091
G1 X184.44 Y102.225 E1825.08315
G1 X185.043 Y102.225 E1825.1054
G1 F8497.9 X185.646 Y102.225 E1825.1276
G1 X186.249 Y102.225 E1825.14979
G1 X186.852 Y102.225 E1825.17199
G1 X187.455 Y102.225 E1825.19419
G1 F8516.1 X188.058 Y102.225 E1825.21634
G1 X188.661 Y102.225 E1825.23848
G1 X189.264 Y102.225 E1825.26063
G1 X189.867 Y102.225 E1825.28278
G1 F8534.5 X190.47 Y102.225 E1825.30488
G1 X191.073 Y102.226 E1825.32699
G1 X191.676 Y102.226 E1825.34909
G1 F8552.9 X192.279 Y102.226 E1825.37114
G1 X192.882 Y102.226 E1825.3932
G1 X193.485 Y102.226 E1825.41525
G1 X194.088 Y102.226 E1825.4373
G1 F8571.4 X194.691 Y102.226 E1825.45931
G1 X195.294 Y102.226 E1825.48132
G1 X195.897 Y102.226 E1825.50332
G1 X196.5 Y102.226 E1825.52533
G1 F8590 X197.103 Y102.226 E1825.54729
G1 X197.706 Y102.226 E1825.56925
G1 X198.309 Y102.226 E1825.5912
G1 F8608.7 X198.912 Y102.226 E1825.61312
G1 X199.515 Y102.226 E1825.63503
G1 X200.118 Y102.226 E1825.65694
G1 X200.721 Y102.226 E1825.67885
G1 F8627.5 X201.324 Y102.226 E1825.70071
G1 X201.927 Y102.226 E1825.72258
G1 X202.53 Y102.226 E1825.74444
G1 F8646.3 X203.133 Y102.226 E1825.76625
G1 X203.736 Y102.226 E1825.78807
G1 X204.339 Y102.226 E1825.80989
G1 X204.942 Y102.226 E1825.8317
G1 X205.183 Y102.227 E1825.84042
G1 X205.183 Y101.769 E1825.85699
G1 X204.954 Y101.769 E1825.86528
G1 X204.351 Y101.769 E1825.88709
G1 X203.748 Y101.769 E1825.90891
G1 X203.145 Y101.769 E1825.93072
G1 X202.542 Y101.769 E1825.95254
G1 F8627.5 X201.939 Y101.769 E1825.9744
G1 X201.336 Y101.768 E1825.99627
G1 X200.733 Y101.768 E1826.01813
G1 F8608.7 X200.13 Y101.768 E1826.04004
G1 X199.527 Y101.768 E1826.06195
G1 X198.924 Y101.768 E1826.08386
G1 X198.321 Y101.768 E1826.10577
G1 F8590 X197.718 Y101.767 E1826.12773
G1 X197.115 Y101.767 E1826.14969
G1 X196.512 Y101.767 E1826.17165
G1 F8571.4 X195.909 Y101.767 E1826.19366
G1 X195.306 Y101.767 E1826.21566
G1 X194.703 Y101.767 E1826.23767
G1 X194.1 Y101.766 E1826.25967
G1 F8552.9 X193.497 Y101.766 E1826.28173
G1 X192.894 Y101.766 E1826.30378
G1 X192.291 Y101.766 E1826.32584
G1 X191.688 Y101.766 E1826.34789
G1 F8534.5 X191.085 Y101.766 E1826.36999
G1 X190.482 Y101.765 E1826.39209
G1 X189.879 Y101.765 E1826.41419
G1 F8516.1 X189.276 Y101.765 E1826.43634
G1 X188.673 Y101.765 E1826.45849
G1 X188.07 Y101.765 E1826.48064
G1 X187.467 Y101.765 E1826.50279
G1 F8497.9 X186.864 Y101.764 E1826.52499
G1 X186.261 Y101.764 E1826.54719
G1 X185.658 Y101.764 E1826.56938
G1 X185.055 Y101.764 E1826.59158
G1 F8479.7 X184.452 Y101.764 E1826.61382
G1 X183.849 Y101.764 E1826.63607
G1 X183.246 Y101.763 E1826.65831
G1 F8461.5 X182.643 Y101.763 E1826.6806
G1 X182.04 Y101.763 E1826.7029
G1 X181.437 Y101.763 E1826.72519
G1 X180.834 Y101.763 E1826.74748
G1 F8443.5 X180.231 Y101.763 E1826.76982
G1 X179.628 Y101.762 E1826.79216
G1 X179.025 Y101.762 E1826.8145
G1 F8425.5 X178.422 Y101.762 E1826.83689
G1 X177.819 Y101.762 E1826.85927
G1 X177.216 Y101.762 E1826.88166
G1 X176.613 Y101.762 E1826.90405
G1 F8407.6 X176.317 Y101.639 E1826.91597
G1 X176.319 Y102.354 E1826.94258
G1 X176.601 Y102.225 E1826.95411
G1 F2400 E1826.45411
G0 F15000 X207.716 Y102.884
;TYPE:WALL-OUTER
G1 F2400 E1826.95411
G1 F9000 X207.669 Y103.076 E1826.96099
G1 X208.528 Y103.076 E1826.99084
G1 X208.528 Y100.924 E1827.06564
G1 X207.669 Y100.922 E1827.09549
G1 X207.716 Y101.108 E1827.10216
G1 X207.716 Y102.884 E1827.16389
G0 F15000 X208.122 Y102.67
;TYPE:WALL-INNER
G1 F12419.4 X208.122 Y101.328 E1827.20333
G1 F2400 E1826.70333
;MESH:NONMESH
G0 F600 X208.122 Y101.328 Z4.4
G0 F15000 X56.657 Y112.668
;TIME_ELAPSED:748.357854
;LAYER:21
;TYPE:WALL-OUTER
;MESH:Pin 5mm - AKM.STL(4)
G1 F2400 E1827.20333
G1 F9000 X86.028 Y112.668 E1828.22417
G1 X86.028 Y111.328 E1828.27074
G1 X56.66 Y111.328 E1829.29148
G1 X56.531 Y111.146 E1829.29924
G1 X56.528 Y109.26 E1829.36479
G1 X55.468 Y109.26 E1829.40163
G1 X55.468 Y114.74 E1829.5921
G1 X56.528 Y114.74 E1829.62894
G1 X56.528 Y112.888 E1829.69331
G1 X56.657 Y112.668 E1829.70217
G0 F15000 X56.399 Y112.249
;TYPE:WALL-INNER
G1 F8750 X56.568 Y112.231 E1829.70926
G1 F9871.8 X56.69 Y112.224 E1829.71378
G1 F10221.2 X59.296 Y112.224 E1829.80683
G1 X61.902 Y112.224 E1829.89987
G1 X64.508 Y112.224 E1829.99292
G1 X67.114 Y112.224 E1830.08596
G1 F10243.9 X69.72 Y112.224 E1830.17881
G1 X72.326 Y112.224 E1830.27165
G1 X74.932 Y112.224 E1830.36449
G1 F10266.7 X77.538 Y112.224 E1830.45712
G1 X80.144 Y112.224 E1830.54976
G1 X82.75 Y112.224 E1830.64239
G1 X85.356 Y112.224 E1830.73503
G1 X85.583 Y112.223 E1830.7431
G1 X85.583 Y111.773 E1830.75909
G1 X82.956 Y111.773 E1830.85247
G1 X80.329 Y111.773 E1830.94585
G1 X77.702 Y111.773 E1831.03924
G1 X75.075 Y111.773 E1831.13262
G1 F10243.9 X72.448 Y111.773 E1831.22621
G1 X69.821 Y111.773 E1831.3198
G1 X67.194 Y111.773 E1831.41338
G1 F10221.2 X64.567 Y111.773 E1831.50718
G1 X61.94 Y111.773 E1831.60098
G1 X59.313 Y111.773 E1831.69477
G1 X56.686 Y111.772 E1831.78857
G1 F9871.8 X56.568 Y111.765 E1831.79294
G1 F8750 X56.399 Y111.747 E1831.80003
G1 F7661.7 X56.003 Y111.238 E1831.83075
G1 X55.975 Y111.998 E1831.86697
G1 F7738.7 X55.998 Y112.888 E1831.90896
G1 X56.399 Y112.249 E1831.94453
G0 F15000 X55.998 Y112.888
G1 F7451.6 X55.998 Y114.21 E1832.00928
G1 F2400 E1831.50928
G0 F15000 X56.003 Y111.238
G1 F2400 E1832.00928
G1 F7345 X56.001 Y110.514 E1832.04525
G1 F7415.7 X55.998 Y109.79 E1832.08088
G1 F2400 E1831.58088
G0 F15000 X88.528 Y112.669
;TYPE:WALL-OUTER
G1 F2400 E1832.08088
G1 F9000 X88.528 Y111.327 E1832.12753
G1 X87.716 Y111.322 E1832.15575
G1 X87.716 Y112.674 E1832.20274
G1 X88.528 Y112.669 E1832.23096
G0 F15000 X88.122 Y112.266
;TYPE:WALL-INNER
G1 F12419.4 X88.122 Y111.73 E1832.24671
G1 F2400 E1831.74671
;MESH:Pin 5mm - AKM.STL
G0 F15000 X96.657 Y112.668
;TYPE:WALL-OUTER
G1 F2400 E1832.24671
G1 F9000 X126.028 Y112.668 E1833.26756
G1 X126.028 Y111.328 E1833.31413
G1 X96.66 Y111.328 E1834.33487
G1 X96.531 Y111.146 E1834.34262
G1 X96.528 Y109.26 E1834.40818
G1 X95.468 Y109.26 E1834.44502
G1 X95.468 Y114.74 E1834.63549
G1 X96.528 Y114.74 E1834.67233
G1 X96.528 Y112.888 E1834.7367
G1 X96.657 Y112.668 E1834.74556
G0 F15000 X96.399 Y112.249
;TYPE:WALL-INNER
G1 F8750 X96.568 Y112.231 E1834.75265
G1 F9871.8 X96.69 Y112.224 E1834.75717
G1 F10221.2 X99.296 Y112.224 E1834.85021
G1 X101.902 Y112.224 E1834.94326
G1 X104.508 Y112.224 E1835.03631
G1 X107.114 Y112.224 E1835.12935
G1 F10243.9 X109.72 Y112.224 E1835.22219
G1 X112.326 Y112.224 E1835.31504
G1 X114.932 Y112.224 E1835.40788
G1 F10266.7 X117.538 Y112.224 E1835.50051
G1 X120.144 Y112.224 E1835.59315
G1 X122.75 Y112.224 E1835.68578
G1 X125.356 Y112.224 E1835.77842
G1 X125.583 Y112.223 E1835.78648
G1 X125.583 Y111.773 E1835.80248
G1 X122.956 Y111.773 E1835.89586
G1 X120.329 Y111.773 E1835.98924
G1 X117.702 Y111.773 E1836.08262
G1 X115.075 Y111.773 E1836.17601
G1 F10243.9 X112.448 Y111.773 E1836.2696
G1 X109.821 Y111.773 E1836.36318
G1 X107.194 Y111.773 E1836.45677
G1 F10221.2 X104.567 Y111.773 E1836.55057
G1 X101.94 Y111.773 E1836.64437
G1 X99.313 Y111.773 E1836.73816
G1 X96.686 Y111.772 E1836.83196
G1 F9871.8 X96.568 Y111.765 E1836.83633
G1 F8750 X96.399 Y111.747 E1836.84342
G1 F7661.7 X96.003 Y111.238 E1836.87414
G1 X95.975 Y111.998 E1836.91036
G1 F7738.7 X95.998 Y112.888 E1836.95235
G1 X96.399 Y112.249 E1836.98792
G0 F15000 X95.998 Y112.888
G1 F7451.6 X95.998 Y114.21 E1837.05267
G1 F2400 E1836.55267
G0 F15000 X96.003 Y111.238
G1 F2400 E1837.05267
G1 F7345 X96.001 Y110.514 E1837.08864
G1 F7415.7 X95.998 Y109.79 E1837.12427
G1 F2400 E1836.62427
G0 F15000 X128.528 Y112.669
;TYPE:WALL-OUTER
G1 F2400 E1837.12427
G1 F9000 X128.528 Y111.327 E1837.17092
G1 X127.716 Y111.322 E1837.19914
G1 X127.716 Y112.674 E1837.24613
G1 X128.528 Y112.669 E1837.27435
G0 F15000 X128.122 Y112.266
;TYPE:WALL-INNER
G1 F12419.4 X128.122 Y111.73 E1837.2901
G1 F2400 E1836.7901
;MESH:Pin 5mm - AKM.STL(2)
G0 F15000 X128.528 Y102.669
;TYPE:WALL-OUTER
G1 F2400 E1837.2901
G1 F9000 X128.528 Y101.327 E1837.33675
G1 X127.716 Y101.322 E1837.36497
G1 X127.716 Y102.674 E1837.41196
G1 X128.528 Y102.669 E1837.44018
G0 F15000 X128.122 Y102.266
;TYPE:WALL-INNER
G1 F12419.4 X128.122 Y101.73 E1837.45593
G1 F2400 E1836.95593
G0 F15000 X96.657 Y102.668
;TYPE:WALL-OUTER
G1 F2400 E1837.45593
G1 F9000 X126.028 Y102.668 E1838.47678
G1 X126.028 Y101.328 E1838.52335
G1 X96.66 Y101.328 E1839.54409
G1 X96.531 Y101.146 E1839.55184
G1 X96.528 Y99.26 E1839.6174
G1 X95.468 Y99.26 E1839.65424
G1 X95.468 Y104.74 E1839.84471
G1 X96.528 Y104.74 E1839.88155
G1 X96.528 Y102.888 E1839.94592
G1 X96.657 Y102.668 E1839.95478
G0 F15000 X96.399 Y102.249
;TYPE:WALL-INNER
G1 F8750 X96.568 Y102.231 E1839.96187
G1 F9871.8 X96.69 Y102.224 E1839.96639
G1 F10221.2 X99.296 Y102.224 E1840.05943
G1 X101.902 Y102.224 E1840.15248
G1 X104.508 Y102.224 E1840.24553
G1 X107.114 Y102.224 E1840.33857
G1 F10243.9 X109.72 Y102.224 E1840.43142
G1 X112.326 Y102.224 E1840.52426
G1 X114.932 Y102.224 E1840.6171
G1 F10266.7 X117.538 Y102.224 E1840.70973
G1 X120.144 Y102.224 E1840.80237
G1 X122.75 Y102.224 E1840.895
G1 X125.356 Y102.224 E1840.98764
G1 X125.583 Y102.223 E1840.99571
G1 X125.583 Y101.773 E1841.0117
G1 X122.956 Y101.773 E1841.10508
G1 X120.329 Y101.773 E1841.19846
G1 X117.702 Y101.773 E1841.29185
G1 X115.075 Y101.773 E1841.38523
G1 F10243.9 X112.448 Y101.773 E1841.47882
G1 X109.821 Y101.773 E1841.5724
G1 X107.194 Y101.773 E1841.66599
G1 F10221.2 X104.567 Y101.773 E1841.75979
G1 X101.94 Y101.773 E1841.85359
G1 X99.313 Y101.773 E1841.94738
G1 X96.686 Y101.772 E1842.04118
G1 F9871.8 X96.568 Y101.765 E1842.04555
G1 F8750 X96.399 Y101.747 E1842.05264
G1 F7661.7 X96.003 Y101.238 E1842.08336
G1 X95.975 Y101.998 E1842.11958
G1 F7738.7 X95.998 Y102.888 E1842.16157
G1 X96.399 Y102.249 E1842.19714
G0 F15000 X95.998 Y102.888
G1 F7451.6 X95.998 Y104.21 E1842.26189
G1 F2400 E1841.76189
G0 F15000 X96.003 Y101.238
G1 F2400 E1842.26189
G1 F7345 X96.001 Y100.514 E1842.29786
G1 F7415.7 X95.998 Y99.79 E1842.33349
G1 F2400 E1841.83349
;MESH:Pin 5mm - AKM.STL(5)
G0 F15000 X136.657 Y92.668
;TYPE:WALL-OUTER
G1 F2400 E1842.33349
G1 F9000 X166.028 Y92.668 E1843.35434
G1 X166.028 Y91.328 E1843.40091
G1 X136.66 Y91.328 E1844.42165
G1 X136.531 Y91.146 E1844.4294
G1 X136.528 Y89.26 E1844.49495
G1 X135.468 Y89.26 E1844.5318
G1 X135.468 Y94.74 E1844.72226
G1 X136.528 Y94.74 E1844.75911
G1 X136.528 Y92.888 E1844.82348
G1 X136.657 Y92.668 E1844.83234
G0 F15000 X136.399 Y92.249
;TYPE:WALL-INNER
G1 F8750 X136.568 Y92.231 E1844.83943
G1 F9871.8 X136.69 Y92.224 E1844.84395
G1 F10221.2 X139.296 Y92.224 E1844.93699
G1 X141.902 Y92.224 E1845.03004
G1 X144.508 Y92.224 E1845.12309
G1 X147.114 Y92.224 E1845.21613
G1 F10243.9 X149.72 Y92.224 E1845.30897
G1 X152.326 Y92.224 E1845.40181
G1 X154.932 Y92.224 E1845.49465
G1 F10266.7 X157.538 Y92.224 E1845.58729
G1 X160.144 Y92.224 E1845.67992
G1 X162.75 Y92.224 E1845.77256
G1 X165.356 Y92.224 E1845.86519
G1 X165.583 Y92.223 E1845.87326
G1 X165.583 Y91.773 E1845.88926
G1 X162.956 Y91.773 E1845.98264
G1 X160.329 Y91.773 E1846.07602
G1 X157.702 Y91.773 E1846.1694
G1 X155.075 Y91.773 E1846.26278
G1 F10243.9 X152.448 Y91.773 E1846.35637
G1 X149.821 Y91.773 E1846.44996
G1 X147.194 Y91.773 E1846.54355
G1 F10221.2 X144.567 Y91.773 E1846.63735
G1 X141.94 Y91.773 E1846.73114
G1 X139.313 Y91.773 E1846.82494
G1 X136.686 Y91.772 E1846.91874
G1 F9871.8 X136.568 Y91.765 E1846.92311
G1 F8750 X136.399 Y91.747 E1846.9302
G1 F7661.7 X136.003 Y91.238 E1846.96091
G1 X135.975 Y91.998 E1846.99714
G1 F7738.7 X135.998 Y92.888 E1847.03912
G1 X136.399 Y92.249 E1847.0747
G0 F15000 X135.998 Y92.888
G1 F7451.6 X135.998 Y94.21 E1847.13945
G1 F2400 E1846.63945
G0 F15000 X136.003 Y91.238
G1 F2400 E1847.13945
G1 F7345 X136.001 Y90.514 E1847.17542
G1 F7415.7 X135.998 Y89.79 E1847.21105
G1 F2400 E1846.71105
G0 F15000 X168.528 Y92.669
;TYPE:WALL-OUTER
G1 F2400 E1847.21105
G1 F9000 X168.528 Y91.327 E1847.25769
G1 X167.716 Y91.322 E1847.28592
G1 X167.716 Y92.674 E1847.33291
G1 X168.528 Y92.669 E1847.36113
G0 F15000 X168.122 Y92.266
;TYPE:WALL-INNER
G1 F12419.4 X168.122 Y91.73 E1847.37688
G1 F2400 E1846.87688
;MESH:Pin 5mm - AKM.STL(3)
G0 F15000 X168.528 Y102.669
;TYPE:WALL-OUTER
G1 F2400 E1847.37688
G1 F9000 X168.528 Y101.327 E1847.42353
G1 X167.716 Y101.322 E1847.45175
G1 X167.716 Y102.674 E1847.49874
G1 X168.528 Y102.669 E1847.52696
G0 F15000 X168.122 Y102.266
;TYPE:WALL-INNER
G1 F12419.4 X168.122 Y101.73 E1847.54271
G1 F2400 E1847.04271
G0 F15000 X136.657 Y102.668
;TYPE:WALL-OUTER
G1 F2400 E1847.54271
G1 F9000 X166.028 Y102.668 E1848.56356
G1 X166.028 Y101.328 E1848.61013
G1 X136.66 Y101.328 E1849.63087
G1 X136.531 Y101.146 E1849.63862
G1 X136.528 Y99.26 E1849.70417
G1 X135.468 Y99.26 E1849.74102
G1 X135.468 Y104.74 E1849.93148
G1 X136.528 Y104.74 E1849.96833
G1 X136.528 Y102.888 E1850.0327
G1 X136.657 Y102.668 E1850.04156
G0 F15000 X136.399 Y102.249
;TYPE:WALL-INNER
G1 F8750 X136.568 Y102.231 E1850.04865
G1 F9871.8 X136.69 Y102.224 E1850.05317
G1 F10221.2 X139.296 Y102.224 E1850.14621
G1 X141.902 Y102.224 E1850.23926
G1 X144.508 Y102.224 E1850.33231
G1 X147.114 Y102.224 E1850.42535
G1 F10243.9 X149.72 Y102.224 E1850.51819
G1 X152.326 Y102.224 E1850.61103
G1 X154.932 Y102.224 E1850.70387
G1 F10266.7 X157.538 Y102.224 E1850.79651
G1 X160.144 Y102.224 E1850.88914
G1 X162.75 Y102.224 E1850.98178
G1 X165.356 Y102.224 E1851.07441
G1 X165.583 Y102.223 E1851.08248
G1 X165.583 Y101.773 E1851.09848
G1 X162.956 Y101.773 E1851.19186
G1 X160.329 Y101.773 E1851.28524
G1 X157.702 Y101.773 E1851.37862
G1 X155.075 Y101.773 E1851.47201
G1 F10243.9 X152.448 Y101.773 E1851.56559
G1 X149.821 Y101.773 E1851.65918
G1 X147.194 Y101.773 E1851.75277
G1 F10221.2 X144.567 Y101.773 E1851.84657
G1 X141.94 Y101.773 E1851.94036
G1 X139.313 Y101.773 E1852.03416
G1 X136.686 Y101.772 E1852.12796
G1 F9871.8 X136.568 Y101.765 E1852.13233
G1 F8750 X136.399 Y101.747 E1852.13942
G1 F7661.7 X136.003 Y101.238 E1852.17013
G1 X135.975 Y101.998 E1852.20636
G1 F7738.7 X135.998 Y102.888 E1852.24834
G1 X136.399 Y102.249 E1852.28392
G0 F15000 X135.998 Y102.888
G1 F7451.6 X135.998 Y104.21 E1852.34867
G1 F2400 E1851.84867
G0 F15000 X136.003 Y101.238
G1 F2400 E1852.34867
G1 F7345 X136.001 Y100.514 E1852.38464
G1 F7415.7 X135.998 Y99.79 E1852.42027
G1 F2400 E1851.92027
;MESH:Pin 5mm - AKM.STL(1)
G0 F15000 X136.657 Y112.668
;TYPE:WALL-OUTER
G1 F2400 E1852.42027
G1 F9000 X166.028 Y112.668 E1853.44111
G1 X166.028 Y111.328 E1853.48769
G1 X136.66 Y111.328 E1854.50843
G1 X136.531 Y111.146 E1854.51618
G1 X136.528 Y109.26 E1854.58173
G1 X135.468 Y109.26 E1854.61857
G1 X135.468 Y114.74 E1854.80904
G1 X136.528 Y114.74 E1854.84588
G1 X136.528 Y112.888 E1854.91025
G1 X136.657 Y112.668 E1854.91912
G0 F15000 X136.399 Y112.249
;TYPE:WALL-INNER
G1 F8750 X136.568 Y112.231 E1854.92621
G1 F9871.8 X136.69 Y112.224 E1854.93072
G1 F10221.2 X139.296 Y112.224 E1855.02377
G1 X141.902 Y112.224 E1855.11682
G1 X144.508 Y112.224 E1855.20986
G1 X147.114 Y112.224 E1855.30291
G1 F10243.9 X149.72 Y112.224 E1855.39575
G1 X152.326 Y112.224 E1855.48859
G1 X154.932 Y112.224 E1855.58143
G1 F10266.7 X157.538 Y112.224 E1855.67407
G1 X160.144 Y112.224 E1855.7667
G1 X162.75 Y112.224 E1855.85934
G1 X165.356 Y112.224 E1855.95197
G1 X165.583 Y112.223 E1855.96004
G1 X165.583 Y111.773 E1855.97604
G1 X162.956 Y111.773 E1856.06942
G1 X160.329 Y111.773 E1856.1628
G1 X157.702 Y111.773 E1856.25618
G1 X155.075 Y111.773 E1856.34956
G1 F10243.9 X152.448 Y111.773 E1856.44315
G1 X149.821 Y111.773 E1856.53674
G1 X147.194 Y111.773 E1856.63033
G1 F10221.2 X144.567 Y111.773 E1856.72413
G1 X141.94 Y111.773 E1856.81792
G1 X139.313 Y111.773 E1856.91172
G1 X136.686 Y111.772 E1857.00551
G1 F9871.8 X136.568 Y111.765 E1857.00988
G1 F8750 X136.399 Y111.747 E1857.01697
G1 F7661.7 X136.003 Y111.238 E1857.04769
G1 X135.975 Y111.998 E1857.08392
G1 F7738.7 X135.998 Y112.888 E1857.1259
G1 X136.399 Y112.249 E1857.16148
G0 F15000 X135.998 Y112.888
G1 F7451.6 X135.998 Y114.21 E1857.22622
G1 F2400 E1856.72622
G0 F15000 X136.003 Y111.238
G1 F2400 E1857.22622
G1 F7345 X136.001 Y110.514 E1857.2622
G1 F7415.7 X135.998 Y109.79 E1857.29783
G1 F2400 E1856.79783
G0 F15000 X168.528 Y112.669
;TYPE:WALL-OUTER
G1 F2400 E1857.29783
G1 F9000 X168.528 Y111.327 E1857.34447
G1 X167.716 Y111.322 E1857.37269
G1 X167.716 Y112.674 E1857.41969
G1 X168.528 Y112.669 E1857.44791
G0 F15000 X168.122 Y112.266
;TYPE:WALL-INNER
G1 F12419.4 X168.122 Y111.73 E1857.46366
G1 F2400 E1856.96366
;MESH:Pin 5mm - AKM.STL(7)
G0 F15000 X168.528 Y122.669
;TYPE:WALL-OUTER
G1 F2400 E1857.46366
G1 F9000 X168.528 Y121.327 E1857.5103
G1 X167.716 Y121.322 E1857.53853
G1 X167.716 Y122.674 E1857.58552
G1 X168.528 Y122.669 E1857.61374
G0 F15000 X168.122 Y122.266
;TYPE:WALL-INNER
G1 F12419.4 X168.122 Y121.73 E1857.62949
G1 F2400 E1857.12949
G0 F15000 X136.657 Y122.668
;TYPE:WALL-OUTER
G1 F2400 E1857.62949
G1 F9000 X166.028 Y122.668 E1858.65033
G1 X166.028 Y121.328 E1858.69691
G1 X136.66 Y121.328 E1859.71765
G1 X136.531 Y121.146 E1859.7254
G1 X136.528 Y119.26 E1859.79095
G1 X135.468 Y119.26 E1859.82779
G1 X135.468 Y124.74 E1860.01826
G1 X136.528 Y124.74 E1860.0551
G1 X136.528 Y122.888 E1860.11947
G1 X136.657 Y122.668 E1860.12834
G0 F15000 X136.399 Y122.249
;TYPE:WALL-INNER
G1 F8750 X136.568 Y122.231 E1860.13543
G1 F9871.8 X136.69 Y122.224 E1860.13994
G1 F10221.2 X139.296 Y122.224 E1860.23299
G1 X141.902 Y122.224 E1860.32604
G1 X144.508 Y122.224 E1860.41908
G1 X147.114 Y122.224 E1860.51213
G1 F10243.9 X149.72 Y122.224 E1860.60497
G1 X152.326 Y122.224 E1860.69781
G1 X154.932 Y122.224 E1860.79065
G1 F10266.7 X157.538 Y122.224 E1860.88329
G1 X160.144 Y122.224 E1860.97592
G1 X162.75 Y122.224 E1861.06856
G1 X165.356 Y122.224 E1861.16119
G1 X165.583 Y122.223 E1861.16926
G1 X165.583 Y121.773 E1861.18526
G1 X162.956 Y121.773 E1861.27864
G1 X160.329 Y121.773 E1861.37202
G1 X157.702 Y121.773 E1861.4654
G1 X155.075 Y121.773 E1861.55878
G1 F10243.9 X152.448 Y121.773 E1861.65237
G1 X149.821 Y121.773 E1861.74596
G1 X147.194 Y121.773 E1861.83955
G1 F10221.2 X144.567 Y121.773 E1861.93335
G1 X141.94 Y121.773 E1862.02714
G1 X139.313 Y121.773 E1862.12094
G1 X136.686 Y121.772 E1862.21474
G1 F9871.8 X136.568 Y121.765 E1862.21911
G1 F8750 X136.399 Y121.747 E1862.22619
G1 F7661.7 X136.003 Y121.238 E1862.25691
G1 X135.975 Y121.998 E1862.29314
G1 F7738.7 X135.998 Y122.888 E1862.33512
G1 X136.399 Y122.249 E1862.3707
G0 F15000 X135.998 Y122.888
G1 F7451.6 X135.998 Y124.21 E1862.43545
G1 F2400 E1861.93545
G0 F15000 X136.003 Y121.238
G1 F2400 E1862.43545
G1 F7345 X136.001 Y120.514 E1862.47142
G1 F7415.7 X135.998 Y119.79 E1862.50705
G1 F2400 E1862.00705
;MESH:Pin 5mm - AKM.STL(6)
G0 F15000 X176.657 Y102.668
;TYPE:WALL-OUTER
G1 F2400 E1862.50705
G1 F9000 X206.028 Y102.668 E1863.52789
G1 X206.028 Y101.328 E1863.57447
G1 X176.66 Y101.328 E1864.5952
G1 X176.531 Y101.146 E1864.60296
G1 X176.528 Y99.26 E1864.66851
G1 X175.468 Y99.26 E1864.70535
G1 X175.468 Y104.74 E1864.89582
G1 X176.528 Y104.74 E1864.93266
G1 X176.528 Y102.888 E1864.99703
G1 X176.657 Y102.668 E1865.0059
G0 F15000 X176.399 Y102.249
;TYPE:WALL-INNER
G1 F8750 X176.568 Y102.231 E1865.01298
G1 F9871.8 X176.69 Y102.224 E1865.0175
G1 F10221.2 X179.296 Y102.224 E1865.11055
G1 X181.902 Y102.224 E1865.20359
G1 X184.508 Y102.224 E1865.29664
G1 X187.114 Y102.224 E1865.38969
G1 F10243.9 X189.72 Y102.224 E1865.48253
G1 X192.326 Y102.224 E1865.57537
G1 X194.932 Y102.224 E1865.66821
G1 F10266.7 X197.538 Y102.224 E1865.76085
G1 X200.144 Y102.224 E1865.85348
G1 X202.75 Y102.224 E1865.94611
G1 X205.356 Y102.224 E1866.03875
G1 X205.583 Y102.223 E1866.04682
G1 X205.583 Y101.773 E1866.06281
G1 X202.956 Y101.773 E1866.1562
G1 X200.329 Y101.773 E1866.24958
G1 X197.702 Y101.773 E1866.34296
G1 X195.075 Y101.773 E1866.43634
G1 F10243.9 X192.448 Y101.773 E1866.52993
G1 X189.821 Y101.773 E1866.62352
G1 X187.194 Y101.773 E1866.71711
G1 F10221.2 X184.567 Y101.773 E1866.8109
G1 X181.94 Y101.773 E1866.9047
G1 X179.313 Y101.773 E1866.9985
G1 X176.686 Y101.772 E1867.09229
G1 F9871.8 X176.568 Y101.765 E1867.09666
G1 F8750 X176.399 Y101.747 E1867.10375
G1 F7661.7 X176.003 Y101.238 E1867.13447
G1 X175.975 Y101.998 E1867.17069
G1 F7738.7 X175.998 Y102.888 E1867.21268
G1 X176.399 Y102.249 E1867.24826
G0 F15000 X175.998 Y102.888
G1 F7451.6 X175.998 Y104.21 E1867.313
G1 F2400 E1866.813
G0 F15000 X176.003 Y101.238
G1 F2400 E1867.313
G1 F7345 X176.001 Y100.514 E1867.34898
G1 F7415.7 X175.998 Y99.79 E1867.38461
G1 F2400 E1866.88461
G0 F15000 X208.528 Y102.669
;TYPE:WALL-OUTER
G1 F2400 E1867.38461
G1 F9000 X208.528 Y101.327 E1867.43125
G1 X207.716 Y101.322 E1867.45947
G1 X207.716 Y102.674 E1867.50646
G1 X208.528 Y102.669 E1867.53469
G0 F15000 X208.122 Y102.266
;TYPE:WALL-INNER
G1 F12419.4 X208.122 Y101.73 E1867.55044
G1 F2400 E1867.05044
;MESH:NONMESH
G0 F600 X208.122 Y101.73 Z4.6
G0 F15000 X56.528 Y114.572
;TIME_ELAPSED:762.245987
;LAYER:22
;TYPE:WALL-OUTER
;MESH:Pin 5mm - AKM.STL(4)
G1 F2400 E1867.55044
G1 F2209.5 X56.528 Y109.428 E1867.72923
G1 X55.468 Y109.428 E1867.76607
G1 X55.468 Y114.572 E1867.94486
G1 X56.528 Y114.572 E1867.9817
G0 F15000 X55.998 Y114.042
;TYPE:WALL-INNER
G1 F1568.1 X55.998 Y109.958 E1868.18172
G1 F2400 E1867.68172
;MESH:Pin 5mm - AKM.STL
G0 F15000 X96.528 Y114.572
;TYPE:WALL-OUTER
G1 F2400 E1868.18172
G1 F2209.5 X96.528 Y109.428 E1868.36051
G1 X95.468 Y109.428 E1868.39735
G1 X95.468 Y114.572 E1868.57614
G1 X96.528 Y114.572 E1868.61298
G0 F15000 X95.998 Y114.042
;TYPE:WALL-INNER
G1 F1568.1 X95.998 Y109.958 E1868.813
G1 F2400 E1868.313
;MESH:Pin 5mm - AKM.STL(2)
G0 F15000 X96.528 Y104.572
;TYPE:WALL-OUTER
G1 F2400 E1868.813
G1 F2209.5 X96.528 Y99.428 E1868.99178
G1 X95.468 Y99.428 E1869.02863
G1 X95.468 Y104.572 E1869.20742
G1 X96.528 Y104.572 E1869.24426
G0 F15000 X95.998 Y104.042
;TYPE:WALL-INNER
G1 F1568.1 X95.998 Y99.958 E1869.44427
G1 F2400 E1868.94427
;MESH:Pin 5mm - AKM.STL(5)
G0 F15000 X136.528 Y94.572
;TYPE:WALL-OUTER
G1 F2400 E1869.44427
G1 F2209.5 X136.528 Y89.428 E1869.62306
G1 X135.468 Y89.428 E1869.65991
G1 X135.468 Y94.572 E1869.8387
G1 X136.528 Y94.572 E1869.87554
G0 F15000 X135.998 Y94.042
;TYPE:WALL-INNER
G1 F1568.1 X135.998 Y89.958 E1870.07555
G1 F2400 E1869.57555
;MESH:Pin 5mm - AKM.STL(3)
G0 F15000 X136.528 Y104.572
;TYPE:WALL-OUTER
G1 F2400 E1870.07555
G1 F2209.5 X136.528 Y99.428 E1870.25434
G1 X135.468 Y99.428 E1870.29118
G1 X135.468 Y104.572 E1870.46997
G1 X136.528 Y104.572 E1870.50682
G0 F15000 X135.998 Y104.042
;TYPE:WALL-INNER
G1 F1568.1 X135.998 Y99.958 E1870.70683
G1 F2400 E1870.20683
;MESH:Pin 5mm - AKM.STL(1)
G0 F15000 X136.528 Y114.572
;TYPE:WALL-OUTER
G1 F2400 E1870.70683
G1 F2209.5 X136.528 Y109.428 E1870.88562
G1 X135.468 Y109.428 E1870.92246
G1 X135.468 Y114.572 E1871.10125
G1 X136.528 Y114.572 E1871.1381
G0 F15000 X135.998 Y114.042
;TYPE:WALL-INNER
G1 F1568.1 X135.998 Y109.958 E1871.33811
G1 F2400 E1870.83811
;MESH:Pin 5mm - AKM.STL(7)
G0 F15000 X136.528 Y124.572
;TYPE:WALL-OUTER
G1 F2400 E1871.33811
G1 F2209.5 X136.528 Y119.428 E1871.5169
G1 X135.468 Y119.428 E1871.55374
G1 X135.468 Y124.572 E1871.73253
G1 X136.528 Y124.572 E1871.76937
G0 F15000 X135.998 Y124.042
;TYPE:WALL-INNER
G1 F1568.1 X135.998 Y119.958 E1871.96939
G1 F2400 E1871.46939
;MESH:Pin 5mm - AKM.STL(6)
G0 F15000 X176.528 Y104.572
;TYPE:WALL-OUTER
G1 F2400 E1871.96939
G1 F2209.5 X176.528 Y99.428 E1872.14818
G1 X175.468 Y99.428 E1872.18502
G1 X175.468 Y104.572 E1872.36381
G1 X176.528 Y104.572 E1872.40065
G0 F15000 X175.998 Y104.042
;TYPE:WALL-INNER
G1 F1568.1 X175.998 Y99.958 E1872.60067
G1 F2400 E1872.10067
;MESH:NONMESH
G0 F600 X175.998 Y99.958 Z4.8
G0 F15000 X56.528 Y114.38
;TIME_ELAPSED:768.189675
;LAYER:23
;TYPE:WALL-OUTER
;MESH:Pin 5mm - AKM.STL(4)
G1 F2400 E1872.60067
G1 F1985 X56.528 Y109.616 E1872.76625
G1 X55.468 Y109.616 E1872.80309
G1 X55.468 Y114.38 E1872.96868
G1 X56.528 Y114.38 E1873.00552
G0 F15000 X55.998 Y113.85
;TYPE:WALL-INNER
G1 F1408.7 X55.998 Y110.146 E1873.18692
G1 F2400 E1872.68692
;MESH:Pin 5mm - AKM.STL
G0 F15000 X96.528 Y114.38
;TYPE:WALL-OUTER
G1 F2400 E1873.18692
G1 F1985 X96.528 Y109.616 E1873.3525
G1 X95.468 Y109.616 E1873.38935
G1 X95.468 Y114.38 E1873.55493
G1 X96.528 Y114.38 E1873.59177
G0 F15000 X95.998 Y113.85
;TYPE:WALL-INNER
G1 F1408.7 X95.998 Y110.146 E1873.77318
G1 F2400 E1873.27318
;MESH:Pin 5mm - AKM.STL(2)
G0 F15000 X96.528 Y104.38
;TYPE:WALL-OUTER
G1 F2400 E1873.77318
G1 F1985 X96.528 Y99.616 E1873.93876
G1 X95.468 Y99.616 E1873.9756
G1 X95.468 Y104.38 E1874.14118
G1 X96.528 Y104.38 E1874.17802
G0 F15000 X95.998 Y103.85
;TYPE:WALL-INNER
G1 F1408.7 X95.998 Y100.146 E1874.35943
G1 F2400 E1873.85943
;MESH:Pin 5mm - AKM.STL(5)
G0 F15000 X136.528 Y94.38
;TYPE:WALL-OUTER
G1 F2400 E1874.35943
G1 F1985 X136.528 Y89.616 E1874.52501
G1 X135.468 Y89.616 E1874.56185
G1 X135.468 Y94.38 E1874.72743
G1 X136.528 Y94.38 E1874.76428
G0 F15000 X135.998 Y93.85
;TYPE:WALL-INNER
G1 F1408.7 X135.998 Y90.146 E1874.94568
G1 F2400 E1874.44568
;MESH:Pin 5mm - AKM.STL(3)
G0 F15000 X136.528 Y104.38
;TYPE:WALL-OUTER
G1 F2400 E1874.94568
G1 F1985 X136.528 Y99.616 E1875.11126
G1 X135.468 Y99.616 E1875.14811
G1 X135.468 Y104.38 E1875.31369
G1 X136.528 Y104.38 E1875.35053
G0 F15000 X135.998 Y103.85
;TYPE:WALL-INNER
G1 F1408.7 X135.998 Y100.146 E1875.53194
G1 F2400 E1875.03194
;MESH:Pin 5mm - AKM.STL(1)
G0 F15000 X136.528 Y114.38
;TYPE:WALL-OUTER
G1 F2400 E1875.53194
G1 F1985 X136.528 Y109.616 E1875.69752
G1 X135.468 Y109.616 E1875.73436
G1 X135.468 Y114.38 E1875.89994
G1 X136.528 Y114.38 E1875.93678
G0 F15000 X135.998 Y113.85
;TYPE:WALL-INNER
G1 F1408.7 X135.998 Y110.146 E1876.11819
G1 F2400 E1875.61819
;MESH:Pin 5mm - AKM.STL(7)
G0 F15000 X136.528 Y124.38
;TYPE:WALL-OUTER
G1 F2400 E1876.11819
G1 F1985 X136.528 Y119.616 E1876.28377
G1 X135.468 Y119.616 E1876.32061
G1 X135.468 Y124.38 E1876.48619
G1 X136.528 Y124.38 E1876.52304
G0 F15000 X135.998 Y123.85
;TYPE:WALL-INNER
G1 F1408.7 X135.998 Y120.146 E1876.70444
G1 F2400 E1876.20444
;MESH:Pin 5mm - AKM.STL(6)
G0 F15000 X176.528 Y104.38
;TYPE:WALL-OUTER
G1 F2400 E1876.70444
G1 F1985 X176.528 Y99.616 E1876.87002
G1 X175.468 Y99.616 E1876.90687
G1 X175.468 Y104.38 E1877.07245
G1 X176.528 Y104.38 E1877.10929
G0 F15000 X175.998 Y103.85
;TYPE:WALL-INNER
G1 F1408.7 X175.998 Y100.146 E1877.29069
G1 F2400 E1876.79069
;MESH:NONMESH
G0 F600 X175.998 Y100.146 Z5
G0 F15000 X56.528 Y114.156
;TIME_ELAPSED:774.248102
;LAYER:24
;TYPE:WALL-OUTER
;MESH:Pin 5mm - AKM.STL(4)
G1 F2400 E1877.29069
G1 F1808.2 X56.528 Y109.844 E1877.44057
G1 X55.468 Y109.844 E1877.47741
G1 X55.468 Y114.156 E1877.62728
G1 X56.528 Y114.156 E1877.66412
G0 F15000 X55.998 Y113.626
;TYPE:WALL-INNER
G1 F1283.2 X55.998 Y110.374 E1877.82339
G1 F2400 E1877.32339
;MESH:Pin 5mm - AKM.STL
G0 F15000 X96.528 Y114.156
;TYPE:WALL-OUTER
G1 F2400 E1877.82339
G1 F1808.2 X96.528 Y109.844 E1877.97326
G1 X95.468 Y109.844 E1878.0101
G1 X95.468 Y114.156 E1878.15998
G1 X96.528 Y114.156 E1878.19682
G0 F15000 X95.998 Y113.626
;TYPE:WALL-INNER
G1 F1283.2 X95.998 Y110.374 E1878.35609
G1 F2400 E1877.85609
;MESH:Pin 5mm - AKM.STL(2)
G0 F15000 X96.528 Y104.156
;TYPE:WALL-OUTER
G1 F2400 E1878.35609
G1 F1808.2 X96.528 Y99.844 E1878.50596
G1 X95.468 Y99.844 E1878.5428
G1 X95.468 Y104.156 E1878.69267
G1 X96.528 Y104.156 E1878.72951
G0 F15000 X95.998 Y103.626
;TYPE:WALL-INNER
G1 F1283.2 X95.998 Y100.374 E1878.88878
G1 F2400 E1878.38878
;MESH:Pin 5mm - AKM.STL(5)
G0 F15000 X136.528 Y94.156
;TYPE:WALL-OUTER
G1 F2400 E1878.88878
G1 F1808.2 X136.528 Y89.844 E1879.03865
G1 X135.468 Y89.844 E1879.0755
G1 X135.468 Y94.156 E1879.22537
G1 X136.528 Y94.156 E1879.26221
G0 F15000 X135.998 Y93.626
;TYPE:WALL-INNER
G1 F1283.2 X135.998 Y90.374 E1879.42148
G1 F2400 E1878.92148
;MESH:Pin 5mm - AKM.STL(3)
G0 F15000 X136.528 Y104.156
;TYPE:WALL-OUTER
G1 F2400 E1879.42148
G1 F1808.2 X136.528 Y99.844 E1879.57135
G1 X135.468 Y99.844 E1879.60819
G1 X135.468 Y104.156 E1879.75806
G1 X136.528 Y104.156 E1879.79491
G0 F15000 X135.998 Y103.626
;TYPE:WALL-INNER
G1 F1283.2 X135.998 Y100.374 E1879.95417
G1 F2400 E1879.45417
;MESH:Pin 5mm - AKM.STL(1)
G0 F15000 X136.528 Y114.156
;TYPE:WALL-OUTER
G1 F2400 E1879.95417
G1 F1808.2 X136.528 Y109.844 E1880.10405
G1 X135.468 Y109.844 E1880.14089
G1 X135.468 Y114.156 E1880.29076
G1 X136.528 Y114.156 E1880.3276
G0 F15000 X135.998 Y113.626
;TYPE:WALL-INNER
G1 F1283.2 X135.998 Y110.374 E1880.48687
G1 F2400 E1879.98687
;MESH:Pin 5mm - AKM.STL(7)
G0 F15000 X136.528 Y124.156
;TYPE:WALL-OUTER
G1 F2400 E1880.48687
G1 F1808.2 X136.528 Y119.844 E1880.63674
G1 X135.468 Y119.844 E1880.67358
G1 X135.468 Y124.156 E1880.82346
G1 X136.528 Y124.156 E1880.8603
G0 F15000 X135.998 Y123.626
;TYPE:WALL-INNER
G1 F1283.2 X135.998 Y120.374 E1881.01957
G1 F2400 E1880.51957
;MESH:Pin 5mm - AKM.STL(6)
G0 F15000 X176.528 Y104.156
;TYPE:WALL-OUTER
G1 F2400 E1881.01957
G1 F1808.2 X176.528 Y99.844 E1881.16944
G1 X175.468 Y99.844 E1881.20628
G1 X175.468 Y104.156 E1881.35615
G1 X176.528 Y104.156 E1881.39299
G0 F15000 X175.998 Y103.626
;TYPE:WALL-INNER
G1 F1283.2 X175.998 Y100.374 E1881.55226
G1 F2400 E1881.05226
;MESH:NONMESH
G0 F600 X175.998 Y100.374 Z5.2
G0 F15000 X56.528 Y113.884
;TIME_ELAPSED:780.281424
;LAYER:25
;TYPE:WALL-OUTER
;MESH:Pin 5mm - AKM.STL(4)
G1 F2400 E1881.55226
G1 F1597.3 X56.528 Y110.112 E1881.68337
G1 X55.468 Y110.112 E1881.72021
G1 X55.468 Y113.884 E1881.85131
G1 X56.528 Y113.884 E1881.88815
G0 F15000 X55.998 Y113.354
;TYPE:WALL-INNER
G1 F1133.6 X55.998 Y110.642 E1882.02097
G1 F2400 E1881.52097
;MESH:Pin 5mm - AKM.STL
G0 F15000 X96.528 Y113.884
;TYPE:WALL-OUTER
G1 F2400 E1882.02097
G1 F1597.3 X96.528 Y110.112 E1882.15208
G1 X95.468 Y110.112 E1882.18892
G1 X95.468 Y113.884 E1882.32002
G1 X96.528 Y113.884 E1882.35686
G0 F15000 X95.998 Y113.354
;TYPE:WALL-INNER
G1 F1133.6 X95.998 Y110.642 E1882.48969
G1 F2400 E1881.98969
;MESH:Pin 5mm - AKM.STL(2)
G0 F15000 X96.528 Y103.884
;TYPE:WALL-OUTER
G1 F2400 E1882.48969
G1 F1597.3 X96.528 Y100.112 E1882.62079
G1 X95.468 Y100.112 E1882.65763
G1 X95.468 Y103.884 E1882.78873
G1 X96.528 Y103.884 E1882.82558
G0 F15000 X95.998 Y103.354
;TYPE:WALL-INNER
G1 F1133.6 X95.998 Y100.642 E1882.9584
G1 F2400 E1882.4584
;MESH:Pin 5mm - AKM.STL(5)
G0 F15000 X136.528 Y93.884
;TYPE:WALL-OUTER
G1 F2400 E1882.9584
G1 F1597.3 X136.528 Y90.112 E1883.0895
G1 X135.468 Y90.112 E1883.12634
G1 X135.468 Y93.884 E1883.25745
G1 X136.528 Y93.884 E1883.29429
G0 F15000 X135.998 Y93.354
;TYPE:WALL-INNER
G1 F1133.6 X135.998 Y90.642 E1883.42711
G1 F2400 E1882.92711
;MESH:Pin 5mm - AKM.STL(3)
G0 F15000 X136.528 Y103.884
;TYPE:WALL-OUTER
G1 F2400 E1883.42711
G1 F1597.3 X136.528 Y100.112 E1883.55821
G1 X135.468 Y100.112 E1883.59505
G1 X135.468 Y103.884 E1883.72616
G1 X136.528 Y103.884 E1883.763
G0 F15000 X135.998 Y103.354
;TYPE:WALL-INNER
G1 F1133.6 X135.998 Y100.642 E1883.89582
G1 F2400 E1883.39582
;MESH:Pin 5mm - AKM.STL(1)
G0 F15000 X136.528 Y113.884
;TYPE:WALL-OUTER
G1 F2400 E1883.89582
G1 F1597.3 X136.528 Y110.112 E1884.02692
G1 X135.468 Y110.112 E1884.06377
G1 X135.468 Y113.884 E1884.19487
G1 X136.528 Y113.884 E1884.23171
G0 F15000 X135.998 Y113.354
;TYPE:WALL-INNER
G1 F1133.6 X135.998 Y110.642 E1884.36453
G1 F2400 E1883.86453
;MESH:Pin 5mm - AKM.STL(7)
G0 F15000 X136.528 Y123.884
;TYPE:WALL-OUTER
G1 F2400 E1884.36453
G1 F1597.3 X136.528 Y120.112 E1884.49564
G1 X135.468 Y120.112 E1884.53248
G1 X135.468 Y123.884 E1884.66358
G1 X136.528 Y123.884 E1884.70042
G0 F15000 X135.998 Y123.354
;TYPE:WALL-INNER
G1 F1133.6 X135.998 Y120.642 E1884.83325
G1 F2400 E1884.33325
;MESH:Pin 5mm - AKM.STL(6)
G0 F15000 X176.528 Y103.884
;TYPE:WALL-OUTER
G1 F2400 E1884.83325
G1 F1597.3 X176.528 Y100.112 E1884.96435
G1 X175.468 Y100.112 E1885.00119
G1 X175.468 Y103.884 E1885.13229
G1 X176.528 Y103.884 E1885.16914
G0 F15000 X175.998 Y103.354
;TYPE:WALL-INNER
G1 F1133.6 X175.998 Y100.642 E1885.30196
G1 F2400 E1884.80196
;MESH:NONMESH
G0 F600 X175.998 Y100.642 Z5.4
G0 F15000 X56.528 Y113.556
;TIME_ELAPSED:786.281544
;LAYER:26
;TYPE:WALL-OUTER
;MESH:Pin 5mm - AKM.STL(4)
G1 F2400 E1885.30196
G1 F1340.2 X56.528 Y110.444 E1885.41012
G1 X55.468 Y110.444 E1885.44696
G1 X55.468 Y113.556 E1885.55513
G1 X56.528 Y113.556 E1885.59197
G0 F15000 X55.998 Y113.026
;TYPE:WALL-INNER
G1 F951.1 X55.998 Y110.974 E1885.69247
G1 F2400 E1885.19247
;MESH:Pin 5mm - AKM.STL
G0 F15000 X96.528 Y113.556
;TYPE:WALL-OUTER
G1 F2400 E1885.69247
G1 F1340.2 X96.528 Y110.444 E1885.80063
G1 X95.468 Y110.444 E1885.83747
G1 X95.468 Y113.556 E1885.94563
G1 X96.528 Y113.556 E1885.98248
G0 F15000 X95.998 Y113.026
;TYPE:WALL-INNER
G1 F951.1 X95.998 Y110.974 E1886.08297
G1 F2400 E1885.58297
;MESH:Pin 5mm - AKM.STL(2)
G0 F15000 X96.528 Y103.556
;TYPE:WALL-OUTER
G1 F2400 E1886.08297
G1 F1340.2 X96.528 Y100.444 E1886.19114
G1 X95.468 Y100.444 E1886.22798
G1 X95.468 Y103.556 E1886.33614
G1 X96.528 Y103.556 E1886.37299
G0 F15000 X95.998 Y103.026
;TYPE:WALL-INNER
G1 F951.1 X95.998 Y100.974 E1886.47348
G1 F2400 E1885.97348
;MESH:Pin 5mm - AKM.STL(5)
G0 F15000 X136.528 Y93.556
;TYPE:WALL-OUTER
G1 F2400 E1886.47348
G1 F1340.2 X136.528 Y90.444 E1886.58165
G1 X135.468 Y90.444 E1886.61849
G1 X135.468 Y93.556 E1886.72665
G1 X136.528 Y93.556 E1886.76349
G0 F15000 X135.998 Y93.026
;TYPE:WALL-INNER
G1 F951.1 X135.998 Y90.974 E1886.86399
G1 F2400 E1886.36399
;MESH:Pin 5mm - AKM.STL(3)
G0 F15000 X136.528 Y103.556
;TYPE:WALL-OUTER
G1 F2400 E1886.86399
G1 F1340.2 X136.528 Y100.444 E1886.97216
G1 X135.468 Y100.444 E1887.009
G1 X135.468 Y103.556 E1887.11716
G1 X136.528 Y103.556 E1887.154
G0 F15000 X135.998 Y103.026
;TYPE:WALL-INNER
G1 F951.1 X135.998 Y100.974 E1887.2545
G1 F2400 E1886.7545
;MESH:Pin 5mm - AKM.STL(1)
G0 F15000 X136.528 Y113.556
;TYPE:WALL-OUTER
G1 F2400 E1887.2545
G1 F1340.2 X136.528 Y110.444 E1887.36266
G1 X135.468 Y110.444 E1887.39951
G1 X135.468 Y113.556 E1887.50767
G1 X136.528 Y113.556 E1887.54451
G0 F15000 X135.998 Y113.026
;TYPE:WALL-INNER
G1 F951.1 X135.998 Y110.974 E1887.64501
G1 F2400 E1887.14501
;MESH:Pin 5mm - AKM.STL(7)
G0 F15000 X136.528 Y123.556
;TYPE:WALL-OUTER
G1 F2400 E1887.64501
G1 F1340.2 X136.528 Y120.444 E1887.75317
G1 X135.468 Y120.444 E1887.79002
G1 X135.468 Y123.556 E1887.89818
G1 X136.528 Y123.556 E1887.93502
G0 F15000 X135.998 Y123.026
;TYPE:WALL-INNER
G1 F951.1 X135.998 Y120.974 E1888.03552
G1 F2400 E1887.53552
;MESH:Pin 5mm - AKM.STL(6)
G0 F15000 X176.528 Y103.556
;TYPE:WALL-OUTER
G1 F2400 E1888.03552
G1 F1340.2 X176.528 Y100.444 E1888.14368
G1 X175.468 Y100.444 E1888.18052
G1 X175.468 Y103.556 E1888.28869
G1 X176.528 Y103.556 E1888.32553
G0 F15000 X175.998 Y103.026
;TYPE:WALL-INNER
G1 F951.1 X175.998 Y100.974 E1888.42603
G1 F2400 E1887.92603
;MESH:NONMESH
G0 F600 X175.998 Y100.974 Z5.6
G0 F15000 X56.528 Y113.116
;TIME_ELAPSED:792.234117
;LAYER:27
;TYPE:WALL-OUTER
;MESH:Pin 5mm - AKM.STL(4)
G1 F2400 E1888.42603
G1 F1000 X56.528 Y110.88 E1888.50374
G1 X55.468 Y110.88 E1888.54059
G1 X55.468 Y113.116 E1888.6183
G1 X56.528 Y113.116 E1888.65515
G0 F15000 X55.998 Y112.586
;TYPE:WALL-INNER
G1 F709.7 X55.998 Y111.41 E1888.71274
G1 F2400 E1888.21274
;MESH:Pin 5mm - AKM.STL
G0 F15000 X96.528 Y113.116
;TYPE:WALL-OUTER
G1 F2400 E1888.71274
G1 F1000 X96.528 Y110.88 E1888.79046
G1 X95.468 Y110.88 E1888.8273
G1 X95.468 Y113.116 E1888.90502
G1 X96.528 Y113.116 E1888.94186
G0 F15000 X95.998 Y112.586
;TYPE:WALL-INNER
G1 F709.7 X95.998 Y111.41 E1888.99945
G1 F2400 E1888.49945
;MESH:Pin 5mm - AKM.STL(2)
G0 F15000 X96.528 Y103.116
;TYPE:WALL-OUTER
G1 F2400 E1888.99945
G1 F1000 X96.528 Y100.88 E1889.07717
G1 X95.468 Y100.88 E1889.11401
G1 X95.468 Y103.116 E1889.19173
G1 X96.528 Y103.116 E1889.22857
G0 F15000 X95.998 Y102.586
;TYPE:WALL-INNER
G1 F709.7 X95.998 Y101.41 E1889.28617
G1 F2400 E1888.78617
;MESH:Pin 5mm - AKM.STL(5)
G0 F15000 X136.528 Y93.116
;TYPE:WALL-OUTER
G1 F2400 E1889.28617
G1 F1000 X136.528 Y90.88 E1889.36388
G1 X135.468 Y90.88 E1889.40072
G1 X135.468 Y93.116 E1889.47844
G1 X136.528 Y93.116 E1889.51528
G0 F15000 X135.998 Y92.586
;TYPE:WALL-INNER
G1 F709.7 X135.998 Y91.41 E1889.57288
G1 F2400 E1889.07288
;MESH:Pin 5mm - AKM.STL(3)
G0 F15000 X136.528 Y103.116
;TYPE:WALL-OUTER
G1 F2400 E1889.57288
G1 F1000 X136.528 Y100.88 E1889.65059
G1 X135.468 Y100.88 E1889.68744
G1 X135.468 Y103.116 E1889.76515
G1 X136.528 Y103.116 E1889.80199
G0 F15000 X135.998 Y102.586
;TYPE:WALL-INNER
G1 F709.7 X135.998 Y101.41 E1889.85959
G1 F2400 E1889.35959
;MESH:Pin 5mm - AKM.STL(1)
G0 F15000 X136.528 Y113.116
;TYPE:WALL-OUTER
G1 F2400 E1889.85959
G1 F1000 X136.528 Y110.88 E1889.93731
G1 X135.468 Y110.88 E1889.97415
G1 X135.468 Y113.116 E1890.05186
G1 X136.528 Y113.116 E1890.08871
G0 F15000 X135.998 Y112.586
;TYPE:WALL-INNER
G1 F709.7 X135.998 Y111.41 E1890.1463
G1 F2400 E1889.6463
;MESH:Pin 5mm - AKM.STL(7)
G0 F15000 X136.528 Y123.116
;TYPE:WALL-OUTER
G1 F2400 E1890.1463
G1 F1000 X136.528 Y120.88 E1890.22402
G1 X135.468 Y120.88 E1890.26086
G1 X135.468 Y123.116 E1890.33858
G1 X136.528 Y123.116 E1890.37542
G0 F15000 X135.998 Y122.586
;TYPE:WALL-INNER
G1 F709.7 X135.998 Y121.41 E1890.43301
G1 F2400 E1889.93301
;MESH:Pin 5mm - AKM.STL(6)
G0 F15000 X176.528 Y103.116
;TYPE:WALL-OUTER
G1 F2400 E1890.43301
G1 F1000 X176.528 Y100.88 E1890.51073
G1 X175.468 Y100.88 E1890.54757
G1 X175.468 Y103.116 E1890.62529
G1 X176.528 Y103.116 E1890.66213
G0 F15000 X175.998 Y102.586
;TYPE:WALL-INNER
G1 F709.7 X175.998 Y101.41 E1890.71973
G1 F2400 E1890.21973
;MESH:NONMESH
G0 F600 X175.998 Y101.41 Z5.8
G0 F15000 X56.449 Y112.297
;TIME_ELAPSED:798.104615
;LAYER:28
;TYPE:WALL-OUTER
;MESH:Pin 5mm - AKM.STL(4)
G1 F2400 E1890.71973
G1 F441.5 X56.449 Y111.699 E1890.74797
G1 X55.547 Y111.699 E1890.79058
G1 X55.547 Y112.297 E1890.81883
G1 X56.449 Y112.297 E1890.86144
G1 F2400 E1890.36144
;MESH:Pin 5mm - AKM.STL
G0 F15000 X96.449 Y112.297
G1 F2400 E1890.86144
G1 F441.5 X96.449 Y111.699 E1890.88969
G1 X95.547 Y111.699 E1890.9323
G1 X95.547 Y112.297 E1890.96054
G1 X96.449 Y112.297 E1891.00315
G1 F2400 E1890.50315
;MESH:Pin 5mm - AKM.STL(2)
G0 F15000 X96.449 Y102.297
G1 F2400 E1891.00315
G1 F441.5 X96.449 Y101.699 E1891.0314
G1 X95.547 Y101.699 E1891.07401
G1 X95.547 Y102.297 E1891.10226
G1 X96.449 Y102.297 E1891.14487
G1 F2400 E1890.64487
;MESH:Pin 5mm - AKM.STL(5)
G0 F15000 X136.449 Y92.297
G1 F2400 E1891.14487
G1 F441.5 X136.449 Y91.699 E1891.17311
G1 X135.547 Y91.699 E1891.21572
G1 X135.547 Y92.297 E1891.24397
G1 X136.449 Y92.297 E1891.28658
G1 F2400 E1890.78658
;MESH:Pin 5mm - AKM.STL(3)
G0 F15000 X136.449 Y102.297
G1 F2400 E1891.28658
G1 F441.5 X136.449 Y101.699 E1891.31483
G1 X135.547 Y101.699 E1891.35744
G1 X135.547 Y102.297 E1891.38568
G1 X136.449 Y102.297 E1891.42829
G1 F2400 E1890.92829
;MESH:Pin 5mm - AKM.STL(1)
G0 F15000 X136.449 Y112.297
G1 F2400 E1891.42829
G1 F441.5 X136.449 Y111.699 E1891.45654
G1 X135.547 Y111.699 E1891.49915
G1 X135.547 Y112.297 E1891.5274
G1 X136.449 Y112.297 E1891.57001
G1 F2400 E1891.07001
;MESH:Pin 5mm - AKM.STL(7)
G0 F15000 X136.449 Y122.297
G1 F2400 E1891.57001
G1 F441.5 X136.449 Y121.699 E1891.59825
G1 X135.547 Y121.699 E1891.64086
G1 X135.547 Y122.297 E1891.66911
G1 X136.449 Y122.297 E1891.71172
G1 F2400 E1891.21172
;MESH:Pin 5mm - AKM.STL(6)
G0 F15000 X176.449 Y102.297
G1 F2400 E1891.71172
G1 F441.5 X176.449 Y101.699 E1891.73997
G1 X175.547 Y101.699 E1891.78258
G1 X175.547 Y102.297 E1891.81082
G1 X176.449 Y102.297 E1891.85343
;TIME_ELAPSED:802.511083
G1 F2400 E1891.35343
M140 S0
M204 S4000
M107
G91 ;Relative positioning
G1 E-2 F2700 ;Retract a bit
G1 E-2 Z0.2 F2400 ;Retract and raise Z
G1 Z1 ;Raise Z more
G90 ;Absolute positioning

G1 X0 Y200 ;Present print
M106 S0 ;Turn-off fan
M104 S0 ;Turn-off hotend
M140 S0 ;Turn-off bed

M84 X Y E ;Disable all steppers but Z

M82 ;absolute extrusion mode
M104 S0
;End of Gcode
;SETTING_3 {"global_quality": "[general]\\nversion = 4\\nname = Fine #2\\ndefini
;SETTING_3 tion = sovol_sv07\\n\\n[metadata]\\ntype = quality_changes\\nquality_
;SETTING_3 type = normal\\nsetting_version = 23\\n\\n[values]\\nadhesion_type = 
;SETTING_3 none\\nmaterial_bed_temperature_layer_0 = 70\\nsupport_enable = False
;SETTING_3 \\nsupport_structure = tree\\nsupport_type = buildplate\\n\\n", "extr
;SETTING_3 uder_quality": ["[general]\\nversion = 4\\nname = Fine #2\\ndefinitio
;SETTING_3 n = sovol_sv07\\n\\n[metadata]\\ntype = quality_changes\\nquality_typ
;SETTING_3 e = normal\\nsetting_version = 23\\nposition = 0\\n\\n[values]\\ninfi
;SETTING_3 ll_pattern = triangles\\ninfill_sparse_density = 70\\nmaterial_print_
;SETTING_3 temperature = 215.0\\nmaterial_print_temperature_layer_0 = 220\\nmini
;SETTING_3 mum_support_area = 0\\nspeed_print = 250\\nsupport_brim_enable = Fals
;SETTING_3 e\\nsupport_infill_rate = 5\\nsupport_infill_sparse_thickness = 0.3\\
;SETTING_3 nsupport_tree_branch_reach_limit = 50\\nsupport_tree_limit_branch_rea
;SETTING_3 ch = False\\nsupport_tree_top_rate = 10\\nsupport_type = everywhere\\
;SETTING_3 n\\n"]}
